fecha_hora,temperatura_C,humedad_%,lluvia_V
08/09/2026 11:27,30.8,71,0
08/09/2026 11:27,30.8,71,0
08/09/2026 11:27,30.8,71,0
08/09/2026 11:28,30.8,71,0
08/09/2026 11:28,30.8,71,0
08/09/2026 11:28,30.8,71,0
08/09/2026 11:28,30.8,71,0
08/09/2026 11:28,30.8,71,0
08/09/2026 11:28,30.8,71,0
08/09/2026 11:28,30.8,71,0
08/09/2026 11:28,30.8,71,0
08/09/2026 11:28,30.8,71,0
08/09/2026 11:28,30.8,71,0
08/09/2026 11:28,30.8,71,0
08/09/2026 11:28,30.8,71,0
08/09/2026 11:28,30.8,71,0
08/09/2026 11:28,30.8,71,0
08/09/2026 11:28,30.8,71,0
08/09/2026 11:28,30.8,71,0
08/09/2026 11:28,30.8,71,0
08/09/2026 11:28,30.8,71,0
08/09/2026 11:28,30.8,71,0
08/09/2026 11:28,30.8,71,0
08/09/2026 11:28,30.8,71,0
08/09/2026 11:28,30.8,71,0
08/09/2026 11:28,30.8,71,0
08/09/2026 11:28,30.8,71,0
08/09/2026 11:28,30.8,71,0
08/09/2026 11:28,30.8,71,0
08/09/2026 11:28,30.8,71,0
08/09/2026 11:28,30.8,71,0
08/09/2026 11:28,30.8,71,0
08/09/2026 11:28,30.8,71,0
08/09/2026 11:29,30.8,71,0
08/09/2026 11:29,30.8,71,0
08/09/2026 11:29,30.8,71,0
08/09/2026 11:29,30.8,71,0
08/09/2026 11:29,30.8,71,0
08/09/2026 11:29,30.8,71,0
08/09/2026 11:29,30.8,71,0
08/09/2026 11:29,30.8,71,0
08/09/2026 11:29,30.8,71,0
08/09/2026 11:29,30.8,71,0
08/09/2026 11:29,30.8,71,0
08/09/2026 11:29,30.8,71,0
08/09/2026 11:29,30.8,71,0
08/09/2026 11:29,30.8,71,0
08/09/2026 11:29,30.8,71,0
08/09/2026 11:29,30.8,71,0
08/09/2026 11:29,30.8,71,0
08/09/2026 11:29,30.8,71,0
08/09/2026 11:29,30.8,71,0
08/09/2026 11:29,30.8,71,0
08/09/2026 11:29,30.8,71,0
08/09/2026 11:29,30.8,71,0
08/09/2026 11:29,30.8,71,0
08/09/2026 11:29,30.8,71,0
08/09/2026 11:29,30.8,71,0
08/09/2026 11:29,30.8,71,0
08/09/2026 11:29,30.8,71,0
08/09/2026 11:29,30.8,71,0
08/09/2026 11:29,30.8,71,0
08/09/2026 11:29,30.8,71,0
08/09/2026 11:30,30.8,71,0
08/09/2026 11:30,30.8,71,0
08/09/2026 11:30,30.8,71,0
08/09/2026 11:30,30.8,71,0
08/09/2026 11:30,30.8,71,0
08/09/2026 11:30,30.8,71,0
08/09/2026 11:30,30.8,71,0
08/09/2026 11:30,30.8,71,0
08/09/2026 11:30,30.8,71,0
08/09/2026 11:30,30.8,71,0
08/09/2026 11:30,30.8,71,0
08/09/2026 11:30,30.8,71,0
08/09/2026 11:30,30.8,71,0
08/09/2026 11:30,30.8,71,0
08/09/2026 11:30,30.8,71,0
08/09/2026 11:30,30.8,71,0.05
08/09/2026 11:30,30.8,71,0
08/09/2026 11:30,30.8,71,0
08/09/2026 11:30,30.8,71,0.14
08/09/2026 11:30,30.8,71,0
08/09/2026 11:30,30.8,71,0
08/09/2026 11:30,30.8,71,0
08/09/2026 11:30,30.8,71,0
08/09/2026 11:30,30.8,71,0
08/09/2026 11:30,30.9,71,0
08/09/2026 11:30,31,71,0
08/09/2026 11:30,31,71,0
08/09/2026 11:30,31,71,0
08/09/2026 11:30,31,71,0
08/09/2026 11:31,31,71,0
08/09/2026 11:31,31,71,0
08/09/2026 11:31,31.1,71,0
08/09/2026 11:31,31.1,71,0
08/09/2026 11:31,31.1,71,0
08/09/2026 11:31,31.1,71,0
08/09/2026 11:31,31.1,71,0
08/09/2026 11:31,31.2,71,0
08/09/2026 11:31,31.2,71,0
08/09/2026 11:31,31.2,71,0
08/09/2026 11:31,31.2,71,0
08/09/2026 11:31,31.2,71,0
08/09/2026 11:31,31.2,71,0
08/09/2026 11:31,31.2,72,0
08/09/2026 11:31,31.2,72,0
08/09/2026 11:31,31.2,72,0
08/09/2026 11:31,31.2,72,0
08/09/2026 11:31,31.2,72,0
08/09/2026 11:31,31.2,72,0
08/09/2026 11:31,31.2,72,0
08/09/2026 11:31,31.2,72,0
08/09/2026 11:31,31.2,72,0
08/09/2026 11:31,31.2,72,0
08/09/2026 11:31,31.1,72,0
08/09/2026 11:31,31.2,72,0
08/09/2026 11:31,31.1,72,0
08/09/2026 11:31,31.1,72,0
08/09/2026 11:31,31.1,72,0
08/09/2026 11:31,31.1,72,0
08/09/2026 11:31,31.1,72,0
08/09/2026 11:32,31.1,72,0
08/09/2026 11:32,31.2,72,0
08/09/2026 11:32,31.1,72,0
08/09/2026 11:32,31.2,72,0
08/09/2026 11:32,31.2,72,0
08/09/2026 11:32,31.2,72,0
08/09/2026 11:32,31.2,72,0
08/09/2026 11:32,31.2,72,0
08/09/2026 11:32,31.2,72,0
08/09/2026 11:32,31.2,72,0
08/09/2026 11:32,31.3,72,0
08/09/2026 11:32,31.3,72,0
08/09/2026 11:32,31.3,72,0
08/09/2026 11:32,31.3,72,0
08/09/2026 11:32,31.3,72,0
08/09/2026 11:32,31.3,72,0
08/09/2026 11:32,31.3,72,0
08/09/2026 11:32,31.3,72,0
08/09/2026 11:32,31.3,72,0
08/09/2026 11:32,31.3,72,0
08/09/2026 11:32,31.3,72,0
08/09/2026 11:32,31.3,72,0
08/09/2026 11:32,31.3,72,0
08/09/2026 11:32,31.3,72,0
08/09/2026 11:32,31.3,72,0
08/09/2026 11:32,31.3,72,0
08/09/2026 11:32,31.3,72,0
08/09/2026 11:32,31.3,72,0
08/09/2026 11:32,31.3,72,0
08/09/2026 11:32,31.3,72,0
08/09/2026 11:33,31.3,72,0
08/09/2026 11:33,31.3,72,0
08/09/2026 11:33,31.3,72,0
08/09/2026 11:33,31.3,72,0
08/09/2026 11:33,31.3,72,0
08/09/2026 11:33,31.3,72,0
08/09/2026 11:33,31.3,72,0
08/09/2026 11:33,31.3,72,0
08/09/2026 11:33,31.3,72,0
08/09/2026 11:33,31.3,72,0
08/09/2026 11:33,31.3,72,0
08/09/2026 11:33,31.3,72,0
08/09/2026 11:33,31.3,72,0
08/09/2026 11:33,31.3,72,0
08/09/2026 11:33,31.3,72,0
08/09/2026 11:33,31.3,72,0
08/09/2026 11:33,31.3,72,0
08/09/2026 11:33,31.3,72,0
08/09/2026 11:33,31.3,72,0
08/09/2026 11:33,31.3,72,0
08/09/2026 11:33,31.3,72,0
08/09/2026 11:33,31.3,72,0
08/09/2026 11:33,31.3,72,0
08/09/2026 11:33,31.3,72,0
08/09/2026 11:33,31.3,72,0
08/09/2026 11:41,31.3,72,0
08/09/2026 11:41,31.3,72,0
08/09/2026 11:41,31.3,72,0
08/09/2026 11:41,31.3,72,0
08/09/2026 11:41,31.3,72,0
08/09/2026 11:41,31.3,72,0
08/09/2026 11:41,31.3,72,0
08/09/2026 11:41,31.3,71,0
08/09/2026 11:41,31.3,71,0
08/09/2026 11:41,31.3,71,0
08/09/2026 11:41,31.3,71,0
08/09/2026 11:41,31.3,71,0
08/09/2026 11:41,31.3,71,0
08/09/2026 11:41,31.3,71,0
08/09/2026 11:41,31.3,71,0
08/09/2026 11:41,31.3,71,0
08/09/2026 11:41,31.4,71,0
08/09/2026 11:41,31.4,71,0
08/09/2026 11:41,31.4,71,0
08/09/2026 11:42,31.4,71,0
08/09/2026 11:42,31.4,71,0
08/09/2026 11:42,31.4,71,0
08/09/2026 11:42,31.4,71,0
08/09/2026 11:42,31.4,71,0
08/09/2026 11:42,31.4,71,0
08/09/2026 11:42,31.4,71,0
08/09/2026 11:42,31.4,71,0
08/09/2026 11:42,31.4,71,0
08/09/2026 11:42,31.4,71,0
08/09/2026 11:42,31.4,71,0
08/09/2026 11:42,31.4,71,0
08/09/2026 11:42,31.4,71,0
08/09/2026 11:42,31.4,71,0
08/09/2026 11:42,31.4,71,0
08/09/2026 11:42,31.4,71,0
08/09/2026 11:42,31.4,71,0
08/09/2026 11:42,31.4,71,0
08/09/2026 11:42,31.4,71,0
08/09/2026 11:42,31.4,71,0
08/09/2026 11:42,31.4,71,0
08/09/2026 11:42,31.4,71,0
08/09/2026 11:42,31.4,71,0
08/09/2026 11:42,31.4,71,0
08/09/2026 11:42,31.4,71,0
08/09/2026 11:42,31.4,71,0
08/09/2026 11:42,31.4,71,0
08/09/2026 11:42,31.4,71,0
08/09/2026 11:42,31.4,71,0
08/09/2026 11:42,31.4,71,0
08/09/2026 11:43,31.4,71,0
08/09/2026 11:43,31.4,71,0
08/09/2026 11:43,31.4,71,0
08/09/2026 11:43,31.4,71,0
08/09/2026 11:43,31.5,71,0
08/09/2026 11:43,31.5,71,0
08/09/2026 11:43,31.5,71,0
08/09/2026 11:43,31.5,71,0
08/09/2026 11:43,31.6,71,0
08/09/2026 11:43,31.6,71,0
08/09/2026 11:43,31.5,71,0
08/09/2026 11:43,31.6,71,0
08/09/2026 11:43,31.5,71,0
08/09/2026 11:43,31.6,71,0
08/09/2026 11:43,31.6,71,0
08/09/2026 11:43,31.6,71,0
08/09/2026 11:43,31.6,71,0
08/09/2026 11:43,31.6,71,0
08/09/2026 11:43,31.6,71,0
08/09/2026 11:43,31.6,71,0
08/09/2026 11:43,31.6,71,0
08/09/2026 11:43,31.6,71,0
08/09/2026 11:43,31.7,71,0
08/09/2026 11:43,31.7,71,0
08/09/2026 11:43,31.7,71,0
08/09/2026 11:43,31.7,71,0
08/09/2026 11:43,31.7,71,0
08/09/2026 11:43,31.7,71,0
08/09/2026 11:43,31.8,71,0
08/09/2026 11:43,31.8,71,0
08/09/2026 11:44,31.8,71,0
09/09/2026 10:45,,,2.51
09/09/2026 10:45,,,2.52
09/09/2026 10:45,,,2.52
09/09/2026 10:45,,,2.53
09/09/2026 10:45,25.3,85,2.52
09/09/2026 10:45,25.3,81,2.51
09/09/2026 10:45,25.3,81,2.52
09/09/2026 10:45,25.3,81,2.45
09/09/2026 10:45,25.3,81,2.44
09/09/2026 10:45,25.3,81,2.48
09/09/2026 10:45,25.3,81,2.5
09/09/2026 10:45,25.3,82,2.5
09/09/2026 10:45,25.3,82,2.45
09/09/2026 10:45,25.3,81,2.36
09/09/2026 10:45,25.3,81,2.31
09/09/2026 10:45,25.3,81,2.32
09/09/2026 10:45,25.3,81,2
09/09/2026 10:45,25.3,81,2.09
09/09/2026 10:45,25.3,81,2.2
09/09/2026 10:45,25.3,81,2.25
09/09/2026 10:45,25.3,81,2.28
09/09/2026 10:45,25.3,81,2.29
09/09/2026 10:45,25.3,81,2.35
09/09/2026 10:45,25.3,81,2.27
09/09/2026 10:45,25.3,81,2.28
09/09/2026 10:45,25.3,82,2.31
09/09/2026 10:45,25.3,82,2.32
09/09/2026 10:45,25.3,82,2.33
09/09/2026 10:46,25.3,83,2.36
09/09/2026 10:46,25.3,84,2.37
09/09/2026 10:46,25.3,85,2.13
09/09/2026 10:46,25.3,85,2.21
09/09/2026 10:46,25.3,85,2.24
09/09/2026 10:46,25.3,86,2.14
09/09/2026 10:46,25.3,87,2.18
09/09/2026 10:46,25.3,88,2.21
09/09/2026 10:46,25.3,88,2.21
09/09/2026 10:46,25.3,88,2.23
09/09/2026 10:46,25.3,88,2.24
09/09/2026 10:46,25.3,87,2.25
09/09/2026 10:46,25.3,88,2.16
09/09/2026 10:46,25.3,88,2.18
09/09/2026 10:46,25.3,89,2.22
09/09/2026 10:46,25.3,89,2.14
09/09/2026 10:46,25.3,88,2.19
09/09/2026 10:46,25.3,89,2.24
09/09/2026 10:46,25.3,89,2.25
09/09/2026 10:46,25.3,89,2.24
09/09/2026 10:46,25.3,89,2.27
09/09/2026 10:46,25.3,89,2.21
09/09/2026 10:46,25.3,89,2.26
09/09/2026 10:46,25.3,89,2.27
09/09/2026 10:46,25.3,89,2.22
09/09/2026 10:46,25.3,89,2.2
09/09/2026 10:46,25.3,89,2.23
09/09/2026 10:46,25.3,89,2.3
09/09/2026 10:46,25.3,89,2.28
09/09/2026 10:46,25.3,89,2.25
09/09/2026 10:47,25.3,90,2.24
09/09/2026 10:47,25.3,90,2.24
09/09/2026 10:47,25.3,90,2.24
09/09/2026 10:47,25.3,91,2.27
09/09/2026 10:47,25.3,91,2.24
09/09/2026 10:47,25.3,92,2.23
09/09/2026 10:47,25.3,92,2.25
09/09/2026 10:47,25.3,92,2.29
09/09/2026 10:47,25.3,92,2.28
09/09/2026 10:47,25.3,92,2.3
09/09/2026 10:47,25.3,92,2.3
09/09/2026 10:47,25.3,92,2.24
09/09/2026 10:47,25.3,92,2.1
09/09/2026 10:47,25.3,92,2.16
09/09/2026 10:47,25.3,92,2.2
09/09/2026 10:47,25.3,92,2.22
09/09/2026 10:47,25.3,92,2.22
09/09/2026 10:47,25.3,92,2.25
09/09/2026 10:47,25.3,92,2.27
09/09/2026 10:47,25.3,92,2.26
09/09/2026 10:47,25.3,93,2.06
09/09/2026 10:47,25.3,93,2.05
09/09/2026 10:47,25.3,93,2.04
09/09/2026 10:47,25.3,93,1.96
09/09/2026 10:47,25.3,93,2.04
09/09/2026 10:47,25.3,93,2.07
09/09/2026 10:47,25.3,93,1.87
09/09/2026 10:47,25.3,93,1.98
09/09/2026 10:47,25.3,94,1.83
09/09/2026 10:48,25.3,84,1.9
09/09/2026 10:48,25.3,84,1.92
09/09/2026 10:48,25.3,85,1.77
09/09/2026 10:48,25.3,85,1.8
09/09/2026 10:48,25.3,86,1.67
09/09/2026 10:48,25.3,86,1.75
09/09/2026 10:48,22.6,89,1.71
09/09/2026 10:48,21.9,89,1.8
09/09/2026 10:48,21.7,89,1.87
09/09/2026 10:48,21.8,90,1.92
09/09/2026 10:48,21.9,89,1.98
09/09/2026 10:48,21.7,89,2.01
09/09/2026 10:48,21.6,87,1.87
09/09/2026 10:48,21.8,88,1.88
09/09/2026 10:48,21.8,89,1.94
09/09/2026 10:48,21.8,89,1.99
09/09/2026 10:48,21.3,89,1.88
09/09/2026 10:48,21.3,88,1.88
09/09/2026 10:48,21.4,88,1.72
09/09/2026 10:48,22.2,89,1.81
09/09/2026 10:48,22,89,1.88
09/09/2026 10:48,21.9,89,1.92
09/09/2026 10:48,21.8,90,1.95
09/09/2026 10:48,21.8,90,1.96
09/09/2026 10:48,21.8,90,1.78
09/09/2026 10:48,21.8,90,1.81
09/09/2026 10:48,22,90,1.88
09/09/2026 10:48,22.1,89,1.92
09/09/2026 10:48,22.2,88,1.9
09/09/2026 10:48,22.2,88,1.86
09/09/2026 10:49,22.4,90,1.78
09/09/2026 10:49,22.6,90,1.78
09/09/2026 10:49,22.6,90,1.85
09/09/2026 10:49,22.9,89,1.92
09/09/2026 10:49,23,90,1.89
09/09/2026 10:49,23,89,1.9
09/09/2026 10:49,23,89,1.91
09/09/2026 10:49,23.1,90,1.95
09/09/2026 10:49,23.1,90,1.91
09/09/2026 10:49,23.2,92,1.72
09/09/2026 10:49,23,88,1.75
09/09/2026 10:49,23,89,1.71
09/09/2026 10:49,23,86,1.73
09/09/2026 10:49,23,86,1.78
09/09/2026 10:49,23,85,1.82
09/09/2026 10:49,23,86,1.78
09/09/2026 10:49,23,85,1.75
09/09/2026 10:49,23,85,1.65
09/09/2026 10:49,23,85,1.72
09/09/2026 10:49,23,85,1.65
09/09/2026 10:49,23,85,1.76
09/09/2026 10:49,23,85,1.74
09/09/2026 10:49,23,86,1.8
09/09/2026 10:49,22.9,86,1.63
09/09/2026 10:49,23,86,1.65
09/09/2026 10:49,22.9,91,1.76
09/09/2026 10:49,23,89,1.7
09/09/2026 10:49,23.3,89,1.77
09/09/2026 10:49,23.4,90,1.83
09/09/2026 10:50,23.5,90,1.89
09/09/2026 10:50,23.7,90,1.92
09/09/2026 10:50,23.7,89,1.93
09/09/2026 10:50,23.8,89,1.97
09/09/2026 10:50,23.9,90,1.89
09/09/2026 10:50,23.9,89,1.86
09/09/2026 10:50,24.1,89,1.91
09/09/2026 10:50,24.2,90,1.93
09/09/2026 10:50,24.2,91,1.97
09/09/2026 10:50,24.2,91,1.97
09/09/2026 10:50,24.1,92,2.05
09/09/2026 10:50,24.2,93,1.93
09/09/2026 10:50,24.1,92,1.98
09/09/2026 10:50,24.1,92,1.89
09/09/2026 10:50,24.1,93,1.84
09/09/2026 10:50,24.1,90,1.96
09/09/2026 10:50,24.1,91,1.92
09/09/2026 10:50,24.1,91,1.85
09/09/2026 10:50,24.1,91,1.81
09/09/2026 10:50,24.1,91,1.89
09/09/2026 10:50,24.1,92,1.81
09/09/2026 10:50,24.1,93,1.87
09/09/2026 10:50,24.1,92,1.79
09/09/2026 10:50,24.1,92,1.72
09/09/2026 10:50,24.1,91,1.33
09/09/2026 10:50,24.1,92,1.44
09/09/2026 10:50,24.1,92,1.49
09/09/2026 10:50,24.1,92,1.44
09/09/2026 10:50,24,92,1.52
09/09/2026 10:50,24,92,1.61
09/09/2026 10:51,24,92,1.98
09/09/2026 10:51,24.1,92,2.12
09/09/2026 10:51,24,92,2.1
09/09/2026 10:51,24,92,1.99
09/09/2026 10:51,24.1,92,2.14
09/09/2026 10:51,24.1,92,2.34
09/09/2026 10:51,24.1,93,2.21
09/09/2026 10:51,24.1,93,2.31
09/09/2026 10:51,24,92,2.39
09/09/2026 10:51,24.1,93,2.51
09/09/2026 10:51,24.1,93,2.59
09/09/2026 10:51,24.1,92,2.65
09/09/2026 10:51,24.1,92,2.64
09/09/2026 10:51,24.1,90,2.67
09/09/2026 10:51,24,90,2.68
09/09/2026 10:51,24,90,2.72
09/09/2026 10:51,23.8,92,2.74
09/09/2026 10:51,23.8,92,2.77
09/09/2026 10:51,23.8,91,2.79
09/09/2026 10:51,23.8,92,2.8
09/09/2026 10:51,23.8,92,2.8
09/09/2026 10:51,23.8,92,2.79
09/09/2026 10:51,23.8,93,2.82
09/09/2026 10:51,23.8,93,2.79
09/09/2026 10:51,23.8,93,2.77
09/09/2026 10:51,23.9,93,2.78
09/09/2026 10:51,23.9,93,2.79
09/09/2026 10:51,24,93,2.79
09/09/2026 10:51,24.1,93,2.81
09/09/2026 10:51,24.1,90,2.81
09/09/2026 10:52,24.1,90,2.76
09/09/2026 10:52,24.1,90,2.77
09/09/2026 10:52,24.1,90,2.8
09/09/2026 10:52,24.1,90,2.74
09/09/2026 10:52,24.1,91,2.76
09/09/2026 10:52,24.1,91,2.75
09/09/2026 10:52,24.1,92,2.75
09/09/2026 10:52,24.1,92,2.76
09/09/2026 10:52,24.1,93,2.78
09/09/2026 10:52,24.1,93,2.78
09/09/2026 10:52,24.1,92,2.79
09/09/2026 10:52,24.1,90,2.75
09/09/2026 10:52,24.1,91,2.72
09/09/2026 10:52,24.2,91,2.74
09/09/2026 10:52,24.1,90,2.41
09/09/2026 10:52,24.1,90,2.59
09/09/2026 10:52,24.1,90,2.43
09/09/2026 10:52,24.3,90,2.53
09/09/2026 10:52,24.5,90,2.58
09/09/2026 10:52,24.5,90,2.62
09/09/2026 10:52,24.4,89,2.65
09/09/2026 10:52,24.3,90,2.66
09/09/2026 10:52,24.1,90,2.67
09/09/2026 10:52,24.1,91,2.6
09/09/2026 10:52,24.1,92,2.64
09/09/2026 10:52,24.1,92,2.67
09/09/2026 10:52,24.1,92,2.69
09/09/2026 10:52,24.1,92,2.73
09/09/2026 10:52,24.1,93,2.7
09/09/2026 10:53,24.3,92,2.68
09/09/2026 10:53,24.4,91,2.61
09/09/2026 10:53,24.5,91,2.55
09/09/2026 10:53,24.5,90,2.58
09/09/2026 10:53,24.5,91,2.62
09/09/2026 10:53,24.5,90,2.66
09/09/2026 10:53,24.5,90,2.68
09/09/2026 10:53,24.5,90,2.7
09/09/2026 10:53,24.5,91,2.69
09/09/2026 10:53,24.5,90,2.68
09/09/2026 10:53,24.5,89,2.58
09/09/2026 10:53,24.5,89,2.62
09/09/2026 10:53,24.5,89,2.66
09/09/2026 10:53,24.5,90,2.7
09/09/2026 10:53,24.5,90,2.72
09/09/2026 10:53,24.5,89,2.72
09/09/2026 10:53,24.5,90,2.74
09/09/2026 10:53,24.5,90,2.73
09/09/2026 10:53,24.5,90,2.72
09/09/2026 10:53,24.5,90,2.73
09/09/2026 10:53,24.5,90,2.73
09/09/2026 10:53,24.5,91,2.73
09/09/2026 10:53,24.5,91,2.7
09/09/2026 10:53,24.5,91,2.72
09/09/2026 10:53,24.5,91,2.72
09/09/2026 10:53,24.5,92,2.73
09/09/2026 10:53,24.5,92,2.74
09/09/2026 10:53,24.5,92,2.73
09/09/2026 10:53,24.5,92,2.73
09/09/2026 10:53,24.5,92,2.7
09/09/2026 10:54,24.5,93,2.72
09/09/2026 10:54,24.5,93,2.73
09/09/2026 10:54,24.5,93,2.74
09/09/2026 10:54,24.5,93,2.74
09/09/2026 10:54,24.5,93,2.75
09/09/2026 10:54,24.5,93,2.74
09/09/2026 10:54,24.5,93,2.74
09/09/2026 10:54,24.5,92,2.73
09/09/2026 10:54,24.8,93,2.73
09/09/2026 10:54,24.8,93,2.73
09/09/2026 10:54,24.8,93,2.72
09/09/2026 10:54,24.8,93,2.74
09/09/2026 10:54,24.8,92,2.73
09/09/2026 10:54,24.8,92,2.72
09/09/2026 10:54,24.8,93,2.73
09/09/2026 10:54,24.8,93,2.73
09/09/2026 10:54,24.8,93,2.73
09/09/2026 10:54,24.8,92,2.72
09/09/2026 10:54,24.8,91,2.74
09/09/2026 10:54,24.8,90,2.73
09/09/2026 10:54,24.8,91,2.74
09/09/2026 10:54,24.8,90,2.73
09/09/2026 10:54,24.8,90,2.73
09/09/2026 10:54,24.8,91,2.72
09/09/2026 10:54,24.8,92,2.72
09/09/2026 10:54,24.8,92,2.73
09/09/2026 10:54,24.8,92,2.73
09/09/2026 10:54,24.8,92,2.71
09/09/2026 10:54,24.8,92,2.71
09/09/2026 10:55,24.8,92,2.72
09/09/2026 10:55,24.8,92,2.7
09/09/2026 10:55,24.8,92,2.7
09/09/2026 10:55,24.8,93,2.7
09/09/2026 10:55,24.5,92,2.69
09/09/2026 10:55,24.5,92,2.69
09/09/2026 10:55,24.5,92,2.69
09/09/2026 10:55,24.5,92,2.68
09/09/2026 10:55,24.5,90,2.67
09/09/2026 10:55,24.5,89,2.68
09/09/2026 10:55,24.5,90,2.67
09/09/2026 10:55,24.5,90,2.69
09/09/2026 10:55,24.5,91,2.69
09/09/2026 10:55,24.5,90,2.68
09/09/2026 10:55,24.5,90,2.67
09/09/2026 10:55,24.5,90,2.65
09/09/2026 10:55,24.5,91,2.66
09/09/2026 10:55,24.5,92,2.65
09/09/2026 10:55,24.5,92,2.66
09/09/2026 10:55,24.5,92,2.68
09/09/2026 10:55,24.5,92,2.68
09/09/2026 10:55,24.5,92,2.66
09/09/2026 10:55,24.5,92,2.66
09/09/2026 10:55,24.5,92,2.65
09/09/2026 10:55,24.5,93,2.66
09/09/2026 10:55,24.6,93,2.67
09/09/2026 10:55,24.8,91,2.67
09/09/2026 10:55,24.8,91,2.66
09/09/2026 10:55,24.7,91,2.67
09/09/2026 10:55,24.7,92,2.67
09/09/2026 10:56,24.7,92,2.66
09/09/2026 10:56,24.6,92,2.65
10/09/2026 08:30,27,80,0
10/09/2026 08:30,27.2,80,0
10/09/2026 08:30,27.2,80,0
10/09/2026 08:30,27.2,80,0
10/09/2026 08:30,27.2,80,0
10/09/2026 08:30,27.2,80,0
10/09/2026 08:30,27.2,80,0
10/09/2026 08:30,27.2,80,0
10/09/2026 08:30,27.2,80,0
10/09/2026 08:30,27.2,80,0
10/09/2026 08:30,27.2,80,0
10/09/2026 08:30,27.2,80,0
10/09/2026 08:30,27.2,80,0
10/09/2026 08:31,27.2,80,0
10/09/2026 08:31,27.2,81,0
10/09/2026 08:31,27.2,81,0
10/09/2026 08:31,27.3,81,0
10/09/2026 08:31,27.3,81,0
10/09/2026 08:31,27.3,80,0
10/09/2026 08:31,27.3,80,0
10/09/2026 08:31,27.3,81,0
10/09/2026 08:31,27.3,81,0
10/09/2026 08:31,27.4,81,0
10/09/2026 08:31,27.4,81,0
10/09/2026 08:31,27.4,81,0
10/09/2026 08:31,27.4,80,0
10/09/2026 08:31,27.5,81,0
10/09/2026 08:31,27.5,81,0
10/09/2026 08:31,27.5,81,0
10/09/2026 08:31,27.6,80,0
10/09/2026 08:31,27.6,80,0
10/09/2026 08:31,27.6,80,0
10/09/2026 08:31,27.6,80,0
10/09/2026 08:31,27.6,80,0
10/09/2026 08:31,27.6,81,0
10/09/2026 08:31,27.7,80,0
10/09/2026 08:31,27.7,80,0
10/09/2026 08:31,27.7,80,0
10/09/2026 08:31,27.7,80,0
10/09/2026 08:31,27.7,80,0
10/09/2026 08:31,27.7,80,0
10/09/2026 08:31,27.7,80,0
10/09/2026 08:31,27.7,80,0
10/09/2026 08:32,27.7,80,0
10/09/2026 08:32,27.7,80,0
10/09/2026 08:32,27.7,80,0
10/09/2026 08:32,27.7,80,0
10/09/2026 08:32,27.7,80,0
10/09/2026 08:32,27.7,80,0
10/09/2026 08:32,27.7,80,0
10/09/2026 08:32,27.7,80,0
10/09/2026 08:32,27.7,80,0
10/09/2026 08:32,27.7,80,0
10/09/2026 08:32,27.7,80,0
10/09/2026 08:32,27.8,80,0
10/09/2026 08:32,27.8,80,0
10/09/2026 08:32,27.8,80,0
10/09/2026 08:32,27.8,80,0
10/09/2026 08:32,27.8,80,0
10/09/2026 08:32,27.8,80,0
10/09/2026 08:32,27.8,80,0
10/09/2026 08:32,27.8,80,0
10/09/2026 08:32,27.8,80,0
10/09/2026 08:32,27.8,80,0
10/09/2026 08:32,27.8,80,0
10/09/2026 08:32,27.8,80,0
10/09/2026 08:32,27.8,80,0
10/09/2026 08:32,27.8,80,0
10/09/2026 08:32,27.8,80,0
10/09/2026 08:32,27.8,80,0
10/09/2026 08:32,27.8,80,0
10/09/2026 08:32,27.8,80,0
10/09/2026 08:33,27.8,80,0
10/09/2026 08:33,27.8,80,0
10/09/2026 08:33,27.8,80,0
10/09/2026 08:33,27.8,80,0
10/09/2026 08:33,27.8,80,0
10/09/2026 08:33,27.9,80,0
10/09/2026 08:33,27.9,80,0
10/09/2026 08:33,27.9,80,0
10/09/2026 08:33,27.9,80,0
10/09/2026 08:33,27.9,80,0
10/09/2026 08:33,27.9,80,0
10/09/2026 08:33,27.9,80,0
10/09/2026 08:33,27.9,80,0
10/09/2026 08:33,28,79,0
10/09/2026 08:33,28,79,0
10/09/2026 08:33,28,79,0
10/09/2026 08:33,28,79,0
10/09/2026 08:33,28,79,0
10/09/2026 08:33,28,79,0
10/09/2026 08:33,28,79,0
10/09/2026 08:33,28,79,0
10/09/2026 08:33,28,79,0
10/09/2026 08:33,28,79,0
10/09/2026 08:33,28,79,0
10/09/2026 08:33,28,79,0
10/09/2026 08:33,28,79,0
10/09/2026 08:33,28,79,0
10/09/2026 08:33,28,79,0
10/09/2026 08:33,28,79,0
10/09/2026 08:33,28,79,0
10/09/2026 08:34,28,79,0
10/09/2026 08:34,28,79,0
10/09/2026 08:34,28,79,0
10/09/2026 08:34,28,79,0
10/09/2026 08:34,28,79,0
10/09/2026 08:34,28,79,0
10/09/2026 08:34,28,79,0
10/09/2026 08:34,28,79,0
10/09/2026 08:34,28,79,0
10/09/2026 08:34,28,79,0
10/09/2026 08:34,28,79,0
10/09/2026 08:34,28,79,0
10/09/2026 08:34,28,79,0
10/09/2026 08:34,28,79,0
10/09/2026 08:34,28,79,0
10/09/2026 08:34,28,79,0
10/09/2026 08:34,28,79,0
10/09/2026 08:34,28,79,0
10/09/2026 08:34,28,79,0
10/09/2026 08:34,28,79,0
10/09/2026 08:34,28,79,0
10/09/2026 08:34,28,79,0
10/09/2026 08:34,28,79,0
10/09/2026 08:34,28,79,0
10/09/2026 08:34,28,79,0
10/09/2026 08:34,28,79,0
10/09/2026 08:34,28,79,0
10/09/2026 08:34,28.1,79,0
10/09/2026 08:34,28.1,79,0
10/09/2026 08:34,28.1,79,0
10/09/2026 08:35,28.1,79,0
10/09/2026 08:35,28.1,79,0
10/09/2026 08:35,28.1,79,0
10/09/2026 08:35,28.1,79,0
10/09/2026 08:35,28.1,79,0
10/09/2026 08:35,28.1,79,0
10/09/2026 08:35,28.1,79,0
10/09/2026 08:35,28.1,79,0
10/09/2026 08:35,28.1,79,0
10/09/2026 08:35,28.1,79,0
10/09/2026 08:35,28.1,79,0
10/09/2026 08:35,28.1,79,0
10/09/2026 08:35,28.1,79,0
10/09/2026 08:35,28.1,79,0
10/09/2026 08:35,28.1,79,0
10/09/2026 08:35,28.1,79,0
10/09/2026 08:35,28.1,79,0
10/09/2026 08:35,28.1,79,0
10/09/2026 08:35,28.1,79,0
10/09/2026 08:35,28.1,79,0
10/09/2026 08:35,28.1,79,0
10/09/2026 08:35,28.1,79,0
10/09/2026 08:35,28.1,79,0
10/09/2026 08:35,28.1,79,0
10/09/2026 08:35,28.1,79,0
10/09/2026 08:35,28.1,79,0
10/09/2026 08:35,28.1,79,0
10/09/2026 08:35,28.1,79,0
10/09/2026 08:35,28.1,79,0
10/09/2026 08:36,28.1,79,0
10/09/2026 08:36,28.1,79,0
10/09/2026 08:36,28.1,79,0
10/09/2026 08:36,28.1,79,0
10/09/2026 08:36,28.1,79,0
10/09/2026 08:36,28.1,79,0
10/09/2026 08:36,28.1,79,0
10/09/2026 08:36,28.1,79,0
10/09/2026 08:36,28.1,79,0
10/09/2026 08:36,28.1,79,0
10/09/2026 08:36,28.1,79,0
10/09/2026 08:36,28.1,79,0
10/09/2026 08:36,28.1,79,0
10/09/2026 08:36,28.1,79,0
10/09/2026 08:36,28.1,79,0
10/09/2026 08:36,28.1,79,0
10/09/2026 08:36,28.1,79,0
10/09/2026 08:36,28.1,79,0
10/09/2026 08:36,28.1,79,0
10/09/2026 08:36,28.1,79,0
10/09/2026 08:36,28.1,79,0
10/09/2026 08:36,28.1,79,0
10/09/2026 08:36,28.1,79,0
10/09/2026 08:36,28.1,79,0
10/09/2026 08:36,28.1,79,0
10/09/2026 08:36,28.1,79,0
10/09/2026 08:36,28.1,79,0
10/09/2026 08:36,28.1,79,0
10/09/2026 08:36,28.1,79,0
10/09/2026 08:36,28.1,79,0
10/09/2026 08:37,28.1,79,0
10/09/2026 08:37,28.2,79,0
10/09/2026 08:37,28.2,79,0
10/09/2026 08:37,28.2,79,0
10/09/2026 08:37,28.2,79,0
10/09/2026 08:37,28.2,79,0
10/09/2026 08:37,28.2,79,0
10/09/2026 08:37,28.2,79,0
10/09/2026 08:37,28.2,79,0
10/09/2026 08:37,28.2,79,0
10/09/2026 08:37,28.2,79,0
10/09/2026 08:37,28.2,79,0
10/09/2026 08:37,28.2,79,0
10/09/2026 08:37,28.2,79,0
10/09/2026 08:37,28.2,79,0
10/09/2026 08:37,28.2,79,0
10/09/2026 08:37,28.2,79,0
10/09/2026 08:37,28.2,79,0
10/09/2026 08:37,28.2,79,0
10/09/2026 08:37,28.2,79,0
10/09/2026 08:37,28.2,79,0
10/09/2026 08:37,28.2,79,0
10/09/2026 08:37,28.2,79,0
10/09/2026 08:37,28.2,79,0
10/09/2026 08:37,28.2,79,0
10/09/2026 08:37,28.2,79,0
10/09/2026 08:37,28.2,79,0
10/09/2026 08:37,28.2,79,0
10/09/2026 08:37,28.2,79,0
10/09/2026 08:37,28.2,79,0
10/09/2026 08:38,28.2,79,0
10/09/2026 08:38,28.2,79,0
10/09/2026 08:38,28.2,79,0
10/09/2026 08:38,28.2,79,0
10/09/2026 08:38,28.2,79,0
10/09/2026 08:38,28.2,79,0
10/09/2026 08:38,28.2,79,0
10/09/2026 08:38,28.2,79,0
10/09/2026 08:38,28.2,79,0
10/09/2026 08:38,28.2,79,0
10/09/2026 08:38,28.2,79,0
10/09/2026 08:38,28.2,79,0
10/09/2026 08:38,28.2,79,0
10/09/2026 08:38,28.2,79,0
10/09/2026 08:38,28.2,79,0
10/09/2026 08:38,28.2,79,0
10/09/2026 08:38,28.2,79,0
10/09/2026 08:38,28.2,79,0
10/09/2026 08:38,28.2,79,0
10/09/2026 08:38,28.2,79,0
10/09/2026 08:38,28.2,79,0
10/09/2026 08:38,28.2,79,0
10/09/2026 08:38,28.2,79,0
10/09/2026 08:38,28.2,79,0
10/09/2026 08:38,28.2,79,0
10/09/2026 08:38,28.2,79,0
10/09/2026 08:38,28.2,79,0
10/09/2026 08:38,28.2,79,0
10/09/2026 08:38,28.2,78,0
10/09/2026 08:39,28.2,78,0
10/09/2026 08:39,28.2,79,0
10/09/2026 08:39,28.2,79,0
10/09/2026 08:39,28.2,78,0
10/09/2026 08:39,28.3,78,0
10/09/2026 08:39,28.3,78,0
10/09/2026 08:39,28.3,78,0
10/09/2026 08:39,28.3,78,0
10/09/2026 08:39,28.3,79,0
10/09/2026 08:39,28.3,79,0
10/09/2026 08:39,28.3,78,0
10/09/2026 08:39,28.3,79,0
10/09/2026 08:39,28.3,79,0
10/09/2026 08:39,28.3,78,0
10/09/2026 08:39,28.3,79,0
10/09/2026 08:39,28.3,78,0
10/09/2026 08:39,28.3,78,0
10/09/2026 08:39,28.3,78,0
10/09/2026 08:39,28.3,78,0
10/09/2026 08:39,28.3,78,0
10/09/2026 08:39,28.3,79,0
10/09/2026 08:39,28.3,78,0
10/09/2026 08:39,28.3,78,0
10/09/2026 08:39,28.3,78,0
10/09/2026 08:39,28.3,78,0
10/09/2026 08:39,28.3,78,0
10/09/2026 08:39,28.3,78,0
10/09/2026 08:39,28.3,78,0
10/09/2026 08:39,28.3,78,0
10/09/2026 08:39,28.3,78,0
10/09/2026 08:40,28.3,78,0
10/09/2026 08:40,28.3,78,0
10/09/2026 08:40,28.3,78,0
10/09/2026 08:40,28.3,78,0
10/09/2026 08:40,28.3,78,0
10/09/2026 08:40,28.3,78,0
10/09/2026 08:40,28.3,78,0
10/09/2026 08:40,28.3,78,0
10/09/2026 08:40,28.3,78,0
10/09/2026 08:40,28.3,78,0
10/09/2026 08:40,28.3,78,0
10/09/2026 08:40,28.3,78,0
10/09/2026 08:40,28.3,78,0
10/09/2026 08:40,28.3,78,0
10/09/2026 08:40,28.3,78,0
10/09/2026 08:40,28.4,78,0
10/09/2026 08:40,28.4,78,0
10/09/2026 08:40,28.4,78,0
10/09/2026 08:40,28.4,78,0
10/09/2026 08:40,28.4,78,0
10/09/2026 08:40,28.4,78,0
10/09/2026 08:40,28.4,78,0
10/09/2026 08:40,28.4,78,0
10/09/2026 08:40,28.4,78,0
10/09/2026 08:40,28.4,78,0
10/09/2026 08:40,28.4,78,0
10/09/2026 08:40,28.4,78,0
10/09/2026 08:40,28.4,78,0
10/09/2026 08:40,28.4,78,0
10/09/2026 08:41,28.5,78,0
10/09/2026 08:41,28.5,78,0
10/09/2026 08:41,28.5,78,0
10/09/2026 08:41,28.5,78,0
10/09/2026 08:41,28.5,78,0
10/09/2026 08:41,28.5,78,0
10/09/2026 08:41,28.5,78,0
10/09/2026 08:41,28.5,78,0
10/09/2026 08:41,28.5,78,0
10/09/2026 08:41,28.5,78,0
10/09/2026 08:41,28.5,78,0
10/09/2026 08:41,28.5,78,0
10/09/2026 08:41,28.5,78,0
10/09/2026 08:41,28.5,78,0
10/09/2026 08:41,28.5,78,0
10/09/2026 08:41,28.5,77,0
10/09/2026 08:41,28.5,78,0
10/09/2026 08:41,28.5,78,0
10/09/2026 08:41,28.5,77,0
10/09/2026 08:41,28.5,78,0
10/09/2026 08:41,28.5,77,0
10/09/2026 08:41,28.5,77,0
10/09/2026 08:41,28.5,77,0
10/09/2026 08:41,28.5,77,0
10/09/2026 08:41,28.6,77,0
10/09/2026 08:41,28.6,77,0
10/09/2026 08:41,28.6,77,0
10/09/2026 08:41,28.6,77,0
10/09/2026 08:41,28.6,77,0
10/09/2026 08:41,28.6,77,0
10/09/2026 08:42,28.6,77,0
10/09/2026 08:42,28.6,77,0
10/09/2026 08:42,28.6,77,0
10/09/2026 08:42,28.6,77,0
10/09/2026 08:42,28.6,77,0
10/09/2026 08:42,28.6,77,0
10/09/2026 08:42,28.6,77,0
10/09/2026 08:42,28.6,77,0
10/09/2026 08:42,28.6,77,0
10/09/2026 08:42,28.6,77,0
10/09/2026 08:42,28.6,77,0
10/09/2026 08:42,28.6,77,0
10/09/2026 08:42,28.6,77,0
10/09/2026 08:42,28.6,77,0
10/09/2026 08:42,28.6,77,0
10/09/2026 08:42,28.6,77,0
10/09/2026 08:42,28.6,77,0
10/09/2026 08:42,28.6,77,0
10/09/2026 08:42,28.6,77,0
10/09/2026 08:42,28.6,77,0
10/09/2026 08:42,28.6,77,0
10/09/2026 08:42,28.6,77,0
10/09/2026 08:42,28.6,77,0
10/09/2026 08:42,28.6,77,0
10/09/2026 08:42,28.6,77,0
10/09/2026 08:42,28.6,77,0
10/09/2026 08:42,28.6,77,0
10/09/2026 08:42,28.6,77,0
10/09/2026 08:42,28.6,77,0
10/09/2026 08:42,28.6,77,0
10/09/2026 08:43,28.6,77,0
10/09/2026 08:43,28.6,77,0
10/09/2026 08:43,28.6,77,0
10/09/2026 08:43,28.6,77,0
10/09/2026 08:43,28.6,76,0
10/09/2026 08:43,28.6,76,0
10/09/2026 08:43,28.6,76,0
10/09/2026 08:43,28.6,76,0
10/09/2026 08:43,28.6,76,0
10/09/2026 08:43,28.6,76,0
10/09/2026 08:43,28.6,76,0
10/09/2026 08:43,28.6,76,0
10/09/2026 08:43,28.6,76,0
10/09/2026 08:43,28.6,76,0
10/09/2026 08:43,28.6,76,0
10/09/2026 08:43,28.6,76,0
10/09/2026 08:43,28.6,76,0
10/09/2026 08:43,28.6,76,0
10/09/2026 08:43,28.6,76,0
10/09/2026 08:43,28.6,76,0
10/09/2026 08:43,28.6,76,0
10/09/2026 08:43,28.6,76,0
10/09/2026 08:43,28.6,76,0
10/09/2026 08:43,28.6,76,0
10/09/2026 08:43,28.6,76,0
10/09/2026 08:43,28.6,76,0
10/09/2026 08:43,28.6,76,0
10/09/2026 08:43,28.6,76,0
10/09/2026 08:43,28.6,76,0
10/09/2026 08:44,28.6,76,0
10/09/2026 08:44,28.6,76,0
10/09/2026 08:44,28.7,76,0
10/09/2026 08:44,28.7,76,0
10/09/2026 08:44,28.6,76,0
10/09/2026 08:44,28.7,76,0
10/09/2026 08:44,28.7,76,0
10/09/2026 08:44,28.7,76,0
10/09/2026 08:44,28.7,76,0
10/09/2026 08:44,28.7,76,0
10/09/2026 08:44,28.7,76,0
10/09/2026 08:44,28.7,76,0
10/09/2026 08:44,28.7,76,0
10/09/2026 08:44,28.7,76,0
10/09/2026 08:44,28.7,76,0
10/09/2026 08:44,28.7,76,0
10/09/2026 08:44,28.7,76,0
10/09/2026 08:44,28.7,76,0
10/09/2026 08:44,28.7,76,0
10/09/2026 08:44,28.7,76,0
10/09/2026 08:44,28.7,76,0
10/09/2026 08:44,28.7,76,0
10/09/2026 08:44,28.7,76,0
10/09/2026 08:44,28.7,76,0
10/09/2026 08:44,28.7,76,0
10/09/2026 08:44,28.7,76,0
10/09/2026 08:44,28.7,76,0
10/09/2026 08:44,28.7,76,0
10/09/2026 08:44,28.7,76,0
10/09/2026 08:44,28.7,76,0
10/09/2026 08:45,28.6,76,0
10/09/2026 08:45,28.7,76,0
10/09/2026 08:45,28.6,76,0
10/09/2026 08:45,28.6,76,0
10/09/2026 08:45,28.6,76,0
10/09/2026 08:45,28.6,76,0
10/09/2026 08:45,28.6,76,0
10/09/2026 08:45,28.6,76,0
10/09/2026 08:45,28.6,76,0
10/09/2026 08:45,28.6,76,0
10/09/2026 08:45,28.6,76,0
10/09/2026 08:45,28.6,76,0
10/09/2026 08:45,28.6,76,0
10/09/2026 08:45,28.6,76,0
10/09/2026 08:45,28.6,76,0
10/09/2026 08:45,28.6,75,0
10/09/2026 08:45,28.6,75,0
10/09/2026 08:45,28.6,76,0
10/09/2026 08:45,28.6,75,0
10/09/2026 08:45,28.6,76,0
10/09/2026 08:45,28.6,75,0
10/09/2026 08:45,28.6,75,0
10/09/2026 08:45,28.6,75,0
10/09/2026 08:45,28.6,75,0
10/09/2026 08:45,28.6,75,0
10/09/2026 08:45,28.6,75,0
10/09/2026 08:45,28.6,75,0
10/09/2026 08:45,28.6,75,0
10/09/2026 08:45,28.6,75,0
10/09/2026 08:46,28.6,75,0
10/09/2026 08:46,28.6,75,0
10/09/2026 08:46,28.6,75,0
10/09/2026 08:46,28.6,75,0
10/09/2026 08:46,28.6,75,0
10/09/2026 08:46,28.6,75,0
10/09/2026 08:46,28.6,75,0
10/09/2026 08:46,28.6,75,0
10/09/2026 08:46,28.6,75,0
10/09/2026 08:46,28.6,75,0
10/09/2026 08:46,28.6,75,0
10/09/2026 08:46,28.6,75,0
10/09/2026 08:46,28.6,75,0
10/09/2026 08:46,28.6,75,0
10/09/2026 08:46,28.6,75,0
10/09/2026 08:46,28.6,75,0
10/09/2026 08:46,28.6,75,0
10/09/2026 08:46,28.6,75,0
10/09/2026 08:46,28.6,75,0
10/09/2026 08:46,28.6,75,0
10/09/2026 08:46,28.6,75,0
10/09/2026 08:46,28.6,75,0
10/09/2026 08:46,28.6,75,0
10/09/2026 08:46,28.6,75,0
10/09/2026 08:46,28.6,75,0
10/09/2026 08:46,28.6,75,0
10/09/2026 08:46,28.6,75,0
10/09/2026 08:46,28.6,75,0
10/09/2026 08:46,28.6,75,0
10/09/2026 08:46,28.6,75,0
10/09/2026 08:47,28.6,75,0
10/09/2026 08:47,28.6,75,0
10/09/2026 08:47,28.6,74,0
10/09/2026 08:47,28.6,74,0
10/09/2026 08:47,28.6,74,0
10/09/2026 08:47,28.6,74,0
10/09/2026 08:47,28.6,74,0
10/09/2026 08:47,28.6,74,0
10/09/2026 08:47,28.6,74,0
10/09/2026 08:47,28.6,74,0
10/09/2026 08:47,28.6,74,0
10/09/2026 08:47,28.6,74,0
10/09/2026 08:47,28.6,74,0
10/09/2026 08:47,28.6,74,0
10/09/2026 08:47,28.6,74,0
10/09/2026 08:47,28.6,74,0
10/09/2026 08:47,28.6,74,0
10/09/2026 08:47,28.6,74,0
10/09/2026 08:47,28.6,74,0
10/09/2026 08:47,28.6,74,0
10/09/2026 08:47,28.6,74,0
10/09/2026 08:47,28.6,74,0
10/09/2026 08:47,28.6,74,0
10/09/2026 08:47,28.6,74,0
10/09/2026 08:47,28.6,74,0
10/09/2026 08:47,28.6,74,0
10/09/2026 08:47,28.6,74,0
10/09/2026 08:47,28.6,74,0
10/09/2026 08:47,28.6,74,0
10/09/2026 08:47,28.6,74,0
10/09/2026 08:48,28.6,74,0
10/09/2026 08:48,28.6,74,0
10/09/2026 08:48,28.6,74,0
10/09/2026 08:48,28.6,74,0
10/09/2026 08:48,28.6,74,0
10/09/2026 08:48,28.6,74,0
10/09/2026 08:48,28.6,74,0
10/09/2026 08:48,28.6,74,0
10/09/2026 08:48,28.6,74,0
10/09/2026 08:48,28.6,74,0
10/09/2026 08:48,28.6,74,0
10/09/2026 08:48,28.6,74,0
10/09/2026 08:48,28.6,74,0
10/09/2026 08:48,28.6,74,0
10/09/2026 08:48,28.6,74,0
10/09/2026 08:48,28.6,74,0
10/09/2026 08:48,28.6,74,0
10/09/2026 08:48,28.6,74,0
10/09/2026 08:48,28.6,74,0
10/09/2026 08:48,28.6,74,0
10/09/2026 08:48,28.6,73,0
10/09/2026 08:48,28.6,74,0
10/09/2026 08:48,28.6,73,0
10/09/2026 08:48,28.6,73,0
10/09/2026 08:48,28.6,73,0
10/09/2026 08:48,28.6,73,0
10/09/2026 08:48,28.6,73,0
10/09/2026 08:48,28.6,73,0
10/09/2026 08:48,28.6,73,0
10/09/2026 08:49,28.6,73,0
10/09/2026 08:49,28.6,73,0
10/09/2026 08:49,28.5,73,0
10/09/2026 08:49,28.5,73,0
10/09/2026 08:49,28.5,73,0
10/09/2026 08:49,28.5,73,0
10/09/2026 08:49,28.5,73,0
10/09/2026 08:49,28.5,73,0
10/09/2026 08:49,28.5,73,0
10/09/2026 08:49,28.5,73,0
10/09/2026 08:49,28.5,73,0
10/09/2026 08:49,28.5,73,0
10/09/2026 08:49,28.5,73,0
10/09/2026 08:49,28.5,73,0
10/09/2026 08:49,28.5,73,0
10/09/2026 08:49,28.5,73,0
10/09/2026 08:49,28.5,73,0
10/09/2026 08:49,28.5,73,0
10/09/2026 08:49,28.5,73,0
10/09/2026 08:49,28.5,73,0
10/09/2026 08:49,28.5,73,0
10/09/2026 08:49,28.5,73,0
10/09/2026 08:49,28.5,73,0
10/09/2026 08:49,28.5,73,0
10/09/2026 08:49,28.5,73,0
10/09/2026 08:49,28.5,73,0
10/09/2026 08:49,28.5,73,0
10/09/2026 08:49,28.5,73,0
10/09/2026 08:49,28.5,73,0
10/09/2026 08:49,28.5,73,0
10/09/2026 08:50,28.5,73,0
10/09/2026 08:50,28.5,73,0
10/09/2026 08:50,28.5,73,0
10/09/2026 08:50,28.5,73,0
10/09/2026 08:50,28.5,73,0
10/09/2026 08:50,28.5,73,0
10/09/2026 08:50,28.5,73,0
10/09/2026 08:50,28.5,73,0
10/09/2026 08:50,28.5,73,0
10/09/2026 08:50,28.4,73,0
10/09/2026 08:50,28.4,73,0
10/09/2026 08:50,28.4,73,0
10/09/2026 08:50,28.4,73,0
10/09/2026 08:50,28.4,73,0
10/09/2026 08:50,28.4,73,0
10/09/2026 08:50,28.4,73,0
10/09/2026 08:50,28.4,73,0
10/09/2026 08:50,28.4,73,0
10/09/2026 08:50,28.4,73,0
10/09/2026 08:50,28.4,73,0
10/09/2026 08:50,28.4,73,0
10/09/2026 08:50,28.4,73,0
10/09/2026 08:50,28.4,73,0
10/09/2026 08:50,28.4,73,0
10/09/2026 08:50,28.4,73,0
10/09/2026 08:50,28.4,73,0
10/09/2026 08:50,28.4,73,0
10/09/2026 08:50,28.4,73,0
10/09/2026 08:50,28.4,73,0
10/09/2026 08:51,28.4,73,0
10/09/2026 08:51,28.4,73,0
10/09/2026 08:51,28.4,73,0
10/09/2026 08:51,28.4,73,0
10/09/2026 08:51,28.3,72,0
10/09/2026 08:51,28.3,73,0
10/09/2026 08:51,28.3,72,0
10/09/2026 08:51,28.3,72,0
10/09/2026 08:51,28.3,72,0
10/09/2026 08:51,28.3,72,0
10/09/2026 08:51,28.3,72,0
10/09/2026 08:51,28.3,72,0
10/09/2026 08:51,28.3,72,0
10/09/2026 08:51,28.3,72,0
10/09/2026 08:51,28.3,72,0
10/09/2026 08:51,28.3,72,0
10/09/2026 08:51,28.3,72,0
10/09/2026 08:51,28.3,72,0
10/09/2026 08:51,28.3,72,0
10/09/2026 08:51,28.3,72,0
10/09/2026 08:51,28.3,72,0
10/09/2026 08:51,28.3,72,0
10/09/2026 08:51,28.3,72,0
10/09/2026 08:51,28.3,72,0
10/09/2026 08:51,28.3,72,0
10/09/2026 08:51,28.3,72,0
10/09/2026 08:51,28.3,72,0
10/09/2026 08:51,28.3,72,0
10/09/2026 08:51,28.2,72,0
10/09/2026 08:51,28.2,72,0
10/09/2026 08:52,28.2,72,0
10/09/2026 08:52,28.2,72,0
10/09/2026 08:52,28.2,72,0
10/09/2026 08:52,28.2,72,0
10/09/2026 08:52,28.2,72,0
10/09/2026 08:52,28.2,72,0
10/09/2026 08:52,28.2,72,0
10/09/2026 08:52,28.2,72,0
10/09/2026 08:52,28.2,72,0
10/09/2026 08:52,28.2,72,0
10/09/2026 08:52,28.2,72,0
10/09/2026 08:52,28.2,72,0
10/09/2026 08:52,28.2,72,0
10/09/2026 08:52,28.2,72,0
10/09/2026 08:52,28.2,72,0
10/09/2026 08:52,28.2,72,0
10/09/2026 08:52,28.2,72,0
10/09/2026 08:52,28.2,72,0
10/09/2026 08:52,28.2,72,0
10/09/2026 08:52,28.2,72,0
10/09/2026 08:52,28.2,72,0
10/09/2026 08:52,28.2,72,0
10/09/2026 08:52,28.2,72,0
10/09/2026 08:52,28.2,72,0
10/09/2026 08:52,28.2,72,0
10/09/2026 08:52,28.1,72,0
10/09/2026 08:52,28.1,72,0
10/09/2026 08:52,28.1,72,0
10/09/2026 08:52,28.1,72,0
10/09/2026 08:52,28.1,72,0
10/09/2026 08:53,28.1,72,0
10/09/2026 08:53,28.1,72,0
10/09/2026 08:53,28.1,72,0
10/09/2026 08:53,28.1,72,0
10/09/2026 08:53,28.1,72,0
10/09/2026 08:53,28,72,0
10/09/2026 08:53,28,72,0
10/09/2026 08:53,28,72,0
10/09/2026 08:53,28,72,0
10/09/2026 08:53,28,72,0
10/09/2026 08:53,28,72,0
10/09/2026 08:53,28,72,0
10/09/2026 08:53,28,72,0
10/09/2026 08:53,28,72,0
10/09/2026 08:53,28,72,0
10/09/2026 08:53,28,72,0
10/09/2026 08:53,28,72,0
10/09/2026 08:53,28,72,0
10/09/2026 08:53,28,72,0
10/09/2026 08:53,28,72,0
10/09/2026 08:53,28,72,0
10/09/2026 08:53,28,72,0
10/09/2026 08:53,28,72,0
10/09/2026 08:53,28,72,0
10/09/2026 08:53,28,72,0
10/09/2026 08:53,28,72,0
10/09/2026 08:53,28,72,0
10/09/2026 08:53,28,72,0
10/09/2026 08:53,28,72,0
10/09/2026 08:54,28,72,0
10/09/2026 08:54,28,72,0
10/09/2026 08:54,28,72,0
10/09/2026 08:54,28,72,0
10/09/2026 08:54,28,72,0
10/09/2026 08:54,28,72,0
10/09/2026 08:54,28,72,0
10/09/2026 08:54,28,72,0
10/09/2026 08:54,28,72,0
10/09/2026 08:54,28,72,0
10/09/2026 08:54,28,72,0
10/09/2026 08:54,28,72,0
10/09/2026 08:54,28,72,0
10/09/2026 08:54,28,72,0
10/09/2026 08:54,28,72,0
10/09/2026 08:54,28,72,0
10/09/2026 08:54,28,72,0
10/09/2026 08:54,28,72,0
10/09/2026 08:54,28,72,0
10/09/2026 08:54,28,72,0
10/09/2026 08:54,28,72,0
10/09/2026 08:54,28,72,0
10/09/2026 08:54,28,72,0
10/09/2026 08:54,28,72,0
10/09/2026 08:54,28,72,0
10/09/2026 08:54,28,72,0
10/09/2026 08:54,28,72,0
10/09/2026 08:54,28,72,0
10/09/2026 08:54,28,72,0
10/09/2026 08:54,28,72,0
10/09/2026 08:55,28,72,0
10/09/2026 08:55,28,72,0
10/09/2026 08:55,28,72,0
10/09/2026 08:55,28,72,0
10/09/2026 08:55,28,72,0
10/09/2026 08:55,28,72,0
10/09/2026 08:55,28,72,0
10/09/2026 08:55,28,72,0
10/09/2026 08:55,28,72,0
10/09/2026 08:55,28,72,0
10/09/2026 08:55,28,72,0
10/09/2026 08:55,28,72,0
10/09/2026 08:55,28,72,0
10/09/2026 08:55,28,72,0
10/09/2026 08:55,28,72,0
10/09/2026 08:55,28,72,0
10/09/2026 08:55,28,72,0
10/09/2026 08:55,28,72,0
10/09/2026 08:55,28,72,0
10/09/2026 08:55,28,72,0
10/09/2026 08:55,28,72,0
10/09/2026 08:55,28,72,0
10/09/2026 08:55,28,72,0
10/09/2026 08:55,28,72,0
10/09/2026 08:55,28,72,0
10/09/2026 08:55,28,72,0
10/09/2026 08:55,28,72,0
10/09/2026 08:55,28,72,0
10/09/2026 08:55,28,72,0
10/09/2026 08:55,28,72,0
10/09/2026 08:56,28,72,0
10/09/2026 08:56,28,72,0
10/09/2026 08:56,28,72,0
10/09/2026 08:56,28,72,0
10/09/2026 08:56,28,72,0
10/09/2026 08:56,28,72,0
10/09/2026 08:56,28,72,0
10/09/2026 08:56,28,72,0
10/09/2026 08:56,28,72,0
10/09/2026 08:56,28,72,0
10/09/2026 08:56,28,72,0
10/09/2026 08:56,28,72,0
10/09/2026 08:56,28,72,0
10/09/2026 08:56,28,72,0
10/09/2026 08:56,28,72,0
10/09/2026 08:56,28,72,0
10/09/2026 08:56,28,72,0
10/09/2026 08:56,28,72,0
10/09/2026 08:56,28,72,0
10/09/2026 08:56,28.1,72,0
10/09/2026 08:56,28,72,0
10/09/2026 08:56,28,72,0
10/09/2026 08:56,28.1,72,0
10/09/2026 08:56,28.1,72,0
10/09/2026 08:56,28.1,72,0
10/09/2026 08:56,28.1,72,0
10/09/2026 08:56,28,72,0
10/09/2026 08:56,28,72,0
10/09/2026 08:56,28,72,0
10/09/2026 08:57,28,72,0
10/09/2026 08:57,28,72,0
10/09/2026 08:57,28,72,0
10/09/2026 08:57,28,72,0
10/09/2026 08:57,28,72,0
10/09/2026 08:57,28,72,0
10/09/2026 08:57,28,72,0
10/09/2026 08:57,28,72,0
10/09/2026 08:57,28,72,0
10/09/2026 08:57,28.1,72,0
10/09/2026 08:57,28.1,72,0
10/09/2026 08:57,28.1,72,0
10/09/2026 08:57,28.1,72,0
10/09/2026 08:57,28.1,72,0
10/09/2026 08:57,28.1,72,0
10/09/2026 08:57,28.1,72,0
10/09/2026 08:57,28.1,72,0
10/09/2026 08:57,28.1,72,0
10/09/2026 08:57,28.1,72,0
10/09/2026 08:57,28.1,72,0
10/09/2026 08:57,28.2,72,0
10/09/2026 08:57,28.2,72,0
10/09/2026 08:57,28.2,72,0
10/09/2026 08:57,28.2,72,0
10/09/2026 08:57,28.2,72,0
10/09/2026 08:57,28.2,72,0
10/09/2026 08:57,28.2,71,0
10/09/2026 08:57,28.2,71,0
10/09/2026 08:57,28.2,71,0
10/09/2026 08:57,28.2,71,0
10/09/2026 08:58,28.2,71,0
10/09/2026 08:58,28.2,71,0
10/09/2026 08:58,28.2,71,0
10/09/2026 08:58,28.2,71,0
10/09/2026 08:58,28.2,71,0
10/09/2026 08:58,28.2,71,0
10/09/2026 08:58,28.2,71,0
10/09/2026 08:58,28.2,71,0
10/09/2026 08:58,28.2,71,0
10/09/2026 08:58,28.2,71,0
10/09/2026 08:58,28.2,71,0
10/09/2026 08:58,28.2,71,0
10/09/2026 08:58,28.2,71,0
10/09/2026 08:58,28.2,71,0
10/09/2026 08:58,28.2,71,0
10/09/2026 08:58,28.2,71,0
10/09/2026 08:58,28.2,71,0
10/09/2026 08:58,28.2,71,0
10/09/2026 08:58,28.2,71,0
10/09/2026 08:58,28.2,71,0
10/09/2026 08:58,28.2,71,0
10/09/2026 08:58,28.2,71,0
10/09/2026 08:58,28.2,71,0
10/09/2026 08:58,28.2,71,0
10/09/2026 08:58,28.2,71,0
10/09/2026 08:58,28.2,71,0
10/09/2026 08:58,28.2,71,0
10/09/2026 08:58,28.2,71,0
10/09/2026 08:58,28.2,71,0
10/09/2026 08:59,28.2,71,0
10/09/2026 08:59,28.2,71,0
10/09/2026 08:59,28.2,71,0
10/09/2026 08:59,28.2,71,0
10/09/2026 08:59,28.2,71,0
10/09/2026 08:59,28.2,71,0
10/09/2026 08:59,28.2,71,0
10/09/2026 08:59,28.2,71,0
10/09/2026 08:59,28.2,71,0
10/09/2026 08:59,28.2,71,0
10/09/2026 08:59,28.2,71,0
10/09/2026 08:59,28.2,71,0
10/09/2026 08:59,28.2,71,0
10/09/2026 08:59,28.2,71,0
10/09/2026 08:59,28.2,71,0
10/09/2026 08:59,28.2,71,0
10/09/2026 08:59,28.2,71,0
10/09/2026 08:59,28.2,71,0
10/09/2026 08:59,28.2,71,0
10/09/2026 08:59,28.2,71,0
10/09/2026 08:59,28.2,71,0
10/09/2026 08:59,28.2,71,0
10/09/2026 08:59,28.2,71,0
10/09/2026 08:59,28.2,71,0
10/09/2026 08:59,28.2,71,0
10/09/2026 08:59,28.2,71,0
10/09/2026 08:59,28.2,71,0
10/09/2026 08:59,28.2,71,0
10/09/2026 08:59,28.2,71,0
10/09/2026 08:59,28.2,71,0
10/09/2026 09:00,28.2,71,0
10/09/2026 09:00,28.2,71,0
10/09/2026 09:00,28.2,71,0
10/09/2026 09:00,28.2,71,0
10/09/2026 09:00,28.2,71,0
10/09/2026 09:00,28.2,71,0
10/09/2026 09:00,28.2,71,0
10/09/2026 09:00,28.2,71,0
10/09/2026 09:00,28.2,71,0
10/09/2026 09:00,28.3,71,0
10/09/2026 09:00,28.3,71,0
10/09/2026 09:00,28.3,71,0
10/09/2026 09:00,28.3,71,0
10/09/2026 09:00,28.3,71,0
10/09/2026 09:00,28.3,71,0
10/09/2026 09:00,28.3,71,0
10/09/2026 09:00,28.3,71,0
10/09/2026 09:00,28.3,71,0
10/09/2026 09:00,28.3,71,0
10/09/2026 09:00,28.3,71,0
10/09/2026 09:00,28.3,71,0
10/09/2026 09:00,28.3,71,0
10/09/2026 09:00,28.3,71,0
10/09/2026 09:00,28.3,71,0
10/09/2026 09:00,28.3,71,0
10/09/2026 09:00,28.3,71,0
10/09/2026 09:00,28.3,71,0
10/09/2026 09:00,28.3,71,0
10/09/2026 09:00,28.3,71,0
10/09/2026 09:00,28.3,71,0
10/09/2026 09:01,28.3,71,0
10/09/2026 09:01,28.3,71,0
10/09/2026 09:01,28.3,71,0
10/09/2026 09:01,28.3,71,0
10/09/2026 09:01,28.3,71,0
10/09/2026 09:01,28.3,71,0
10/09/2026 09:01,28.3,71,0
10/09/2026 09:01,28.3,71,0
10/09/2026 09:01,28.3,71,0
10/09/2026 09:01,28.3,71,0
10/09/2026 09:01,28.3,70,0
10/09/2026 09:01,28.3,70,0
10/09/2026 09:01,28.3,70,0
10/09/2026 09:01,28.3,70,0
10/09/2026 09:01,28.3,70,0
10/09/2026 09:01,28.3,70,0
10/09/2026 09:01,28.3,70,0
10/09/2026 09:01,28.3,70,0
10/09/2026 09:01,28.3,70,0
10/09/2026 09:01,28.3,70,0
10/09/2026 09:01,28.3,70,0
10/09/2026 09:01,28.3,70,0
10/09/2026 09:01,28.3,70,0
10/09/2026 09:01,28.3,70,0
10/09/2026 09:01,28.3,70,0
10/09/2026 09:01,28.3,70,0
10/09/2026 09:01,28.3,70,0
10/09/2026 09:01,28.3,70,0
10/09/2026 09:01,28.3,70,0
10/09/2026 09:02,28.3,70,0
10/09/2026 09:02,28.3,70,0
10/09/2026 09:02,28.3,70,0
10/09/2026 09:02,28.3,70,0
10/09/2026 09:02,28.3,70,0
10/09/2026 09:02,28.3,70,0
10/09/2026 09:02,28.3,70,0
10/09/2026 09:02,28.3,70,0
10/09/2026 09:02,28.3,70,0
10/09/2026 09:02,28.3,70,0
10/09/2026 09:02,28.3,70,0
10/09/2026 09:02,28.3,70,0
10/09/2026 09:02,28.3,70,0
10/09/2026 09:02,28.3,70,0
10/09/2026 09:02,28.3,70,0
10/09/2026 09:02,28.3,70,0
10/09/2026 09:02,28.3,70,0
10/09/2026 09:02,28.3,70,0
10/09/2026 09:02,28.3,70,0
10/09/2026 09:02,28.3,70,0
10/09/2026 09:02,28.3,70,0
10/09/2026 09:02,28.3,70,0
10/09/2026 09:02,28.3,70,0
10/09/2026 09:02,28.3,70,0
10/09/2026 09:02,28.3,70,0
10/09/2026 09:02,28.3,70,0
10/09/2026 09:02,28.3,70,0
10/09/2026 09:02,28.3,70,0
10/09/2026 09:02,28.3,70,0
10/09/2026 09:02,28.3,70,0
10/09/2026 09:03,28.3,70,0
10/09/2026 09:03,28.3,70,0
10/09/2026 09:03,28.3,69,0
10/09/2026 09:03,28.3,69,0
10/09/2026 09:03,28.3,69,0
10/09/2026 09:03,28.3,69,0
10/09/2026 09:03,28.3,69,0
10/09/2026 09:03,28.3,69,0
10/09/2026 09:03,28.3,69,0
10/09/2026 09:03,28.3,69,0
10/09/2026 09:03,28.3,69,0
10/09/2026 09:03,28.3,69,0
10/09/2026 09:03,28.3,69,0
10/09/2026 09:03,28.3,69,0
10/09/2026 09:03,28.3,69,0
10/09/2026 09:03,28.3,69,0
10/09/2026 09:03,28.3,69,0
10/09/2026 09:03,28.3,69,0
10/09/2026 09:03,28.3,69,0
10/09/2026 09:03,28.3,69,0
10/09/2026 09:03,28.3,69,0
10/09/2026 09:03,28.3,69,0
10/09/2026 09:03,28.3,69,0
10/09/2026 09:03,28.3,69,0
10/09/2026 09:03,28.3,69,0
10/09/2026 09:03,28.4,69,0
10/09/2026 09:03,28.3,69,0
10/09/2026 09:03,28.4,69,0
10/09/2026 09:03,28.4,69,0
10/09/2026 09:04,28.4,69,0
10/09/2026 09:04,28.4,69,0
10/09/2026 09:04,28.4,69,0
10/09/2026 09:04,28.4,69,0
10/09/2026 09:04,28.4,69,0
10/09/2026 09:04,28.4,69,0
10/09/2026 09:04,28.4,69,0
10/09/2026 09:04,28.4,69,0
10/09/2026 09:04,28.4,69,0
10/09/2026 09:04,28.4,69,0
10/09/2026 09:04,28.4,69,0
10/09/2026 09:04,28.4,69,0
10/09/2026 09:04,28.4,69,0
10/09/2026 09:04,28.4,69,0
10/09/2026 09:04,28.4,69,0
10/09/2026 09:04,28.4,69,0
10/09/2026 09:04,28.4,69,0
10/09/2026 09:04,28.4,69,0
10/09/2026 09:04,28.4,69,0
10/09/2026 09:04,28.4,69,0
10/09/2026 09:04,28.4,69,0
10/09/2026 09:04,28.4,69,0
10/09/2026 09:04,28.4,69,0
10/09/2026 09:04,28.4,69,0
10/09/2026 09:04,28.4,69,0
10/09/2026 09:04,28.4,69,0
10/09/2026 09:04,28.4,69,0
10/09/2026 09:04,28.4,69,0
10/09/2026 09:04,28.4,69,0
10/09/2026 09:04,28.4,69,0
10/09/2026 09:05,28.4,69,0
10/09/2026 09:05,28.4,69,0
10/09/2026 09:05,28.4,69,0
10/09/2026 09:05,28.4,69,0
10/09/2026 09:05,28.4,69,0
10/09/2026 09:05,28.4,69,0
10/09/2026 09:05,28.4,69,0
10/09/2026 09:05,28.4,69,0
10/09/2026 09:05,28.4,69,0
10/09/2026 09:05,28.4,69,0
10/09/2026 09:05,28.4,69,0
10/09/2026 09:05,28.4,69,0
10/09/2026 09:05,28.4,69,0
10/09/2026 09:05,28.4,69,0
10/09/2026 09:05,28.4,69,0
10/09/2026 09:05,28.4,69,0
10/09/2026 09:05,28.4,69,0
10/09/2026 09:05,28.4,69,0
10/09/2026 09:05,28.4,69,0
10/09/2026 09:05,28.4,69,0
10/09/2026 09:05,28.4,69,0
10/09/2026 09:05,28.4,69,0
10/09/2026 09:05,28.4,69,0
10/09/2026 09:05,28.4,69,0
10/09/2026 09:05,28.4,69,0
10/09/2026 09:05,28.4,69,0
10/09/2026 09:05,28.4,69,0
10/09/2026 09:05,28.4,69,0
10/09/2026 09:05,28.4,68,0
10/09/2026 09:05,28.4,69,0
10/09/2026 09:06,28.4,69,0
10/09/2026 09:06,28.4,68,0
10/09/2026 09:06,28.4,68,0
10/09/2026 09:06,28.4,68,0
10/09/2026 09:06,28.4,68,0
10/09/2026 09:06,28.4,68,0
10/09/2026 09:06,28.4,68,0
10/09/2026 09:06,28.4,68,0
10/09/2026 09:06,28.4,68,0
10/09/2026 09:06,28.4,68,0
10/09/2026 09:06,28.4,68,0
10/09/2026 09:06,28.4,68,0
10/09/2026 09:06,28.4,68,0
10/09/2026 09:06,28.4,68,0
10/09/2026 09:06,28.4,68,0
10/09/2026 09:06,28.4,68,0
10/09/2026 09:06,28.4,68,0
10/09/2026 09:06,28.4,68,0
10/09/2026 09:06,28.4,68,0
10/09/2026 09:06,28.4,68,0
10/09/2026 09:06,28.4,68,0
10/09/2026 09:06,28.4,68,0
10/09/2026 09:06,28.5,68,0
10/09/2026 09:06,28.5,68,0
10/09/2026 09:06,28.5,68,0
10/09/2026 09:06,28.5,68,0
10/09/2026 09:06,28.5,68,0
10/09/2026 09:06,28.5,68,0
10/09/2026 09:06,28.5,68,0
10/09/2026 09:07,28.5,68,0
10/09/2026 09:07,28.5,68,0
10/09/2026 09:07,28.5,68,0
10/09/2026 09:07,28.4,68,0
10/09/2026 09:07,28.4,68,0
10/09/2026 09:07,28.4,68,0
10/09/2026 09:07,28.4,68,0
10/09/2026 09:07,28.4,68,0
10/09/2026 09:07,28.4,68,0
10/09/2026 09:07,28.4,68,0
10/09/2026 09:07,28.4,68,0
10/09/2026 09:07,28.4,68,0
10/09/2026 09:07,28.4,68,0
10/09/2026 09:07,28.4,68,0
10/09/2026 09:07,28.4,68,0
10/09/2026 09:07,28.3,68,0
10/09/2026 09:07,28.3,68,0
10/09/2026 09:07,28.3,68,0
10/09/2026 09:07,28.3,68,0
10/09/2026 09:07,28.3,68,0
10/09/2026 09:07,28.3,68,0
10/09/2026 09:07,28.3,68,0
10/09/2026 09:07,28.3,68,0
10/09/2026 09:07,28.3,68,0
10/09/2026 09:07,28.3,68,0
10/09/2026 09:07,28.3,68,0
10/09/2026 09:07,28.3,68,0
10/09/2026 09:07,28.3,68,0
10/09/2026 09:07,28.2,68,0
10/09/2026 09:07,28.2,68,0
10/09/2026 09:08,28.2,68,0
10/09/2026 09:08,28.2,68,0
10/09/2026 09:08,28.2,68,0
10/09/2026 09:08,28.2,68,0
10/09/2026 09:08,28.2,68,0
10/09/2026 09:08,28.2,71,0
10/09/2026 09:08,28.2,71,0
10/09/2026 09:08,28.2,71,0
10/09/2026 09:08,28.2,71,0
10/09/2026 09:08,28.2,71,0
10/09/2026 09:08,28.2,71,0
10/09/2026 09:08,28.2,71,0
10/09/2026 09:08,28.1,71,0
10/09/2026 09:08,28.1,71,0
10/09/2026 09:08,28.1,71,0
10/09/2026 09:08,28.1,71,0
10/09/2026 09:08,28.1,71,0
10/09/2026 09:08,28.1,71,0
10/09/2026 09:08,28.1,71,0
10/09/2026 09:08,28.1,71,0
10/09/2026 09:08,28.1,71,0
10/09/2026 09:08,28.1,71,0
10/09/2026 09:08,28.1,71,0
10/09/2026 09:08,28.1,71,0
10/09/2026 09:08,28,71,0
10/09/2026 09:08,28,71,0
10/09/2026 09:08,28,71,0
10/09/2026 09:08,28,71,0
10/09/2026 09:08,28,71,0
10/09/2026 09:08,28,71,0
10/09/2026 09:09,28,71,0
10/09/2026 09:09,28,71,0
10/09/2026 09:09,28,71,0
10/09/2026 09:09,28,71,0
10/09/2026 09:09,28,71,0
10/09/2026 09:09,28,71,0
10/09/2026 09:09,28,71,0
10/09/2026 09:09,28,71,0
10/09/2026 09:09,28,71,0
10/09/2026 09:09,28,71,0
10/09/2026 09:09,28,71,0
10/09/2026 09:09,28,71,0
10/09/2026 09:09,28,71,0
10/09/2026 09:09,28,71,0
10/09/2026 09:09,28,71,0
10/09/2026 09:09,28,71,0
10/09/2026 09:09,28,71,0
10/09/2026 09:09,28,70,0
10/09/2026 09:09,28,70,0
10/09/2026 09:09,28,70,0
10/09/2026 09:09,28,70,0
10/09/2026 09:09,28,70,0
10/09/2026 09:09,28,70,0
10/09/2026 09:09,28,70,0
10/09/2026 09:09,28,70,0
10/09/2026 09:09,28,70,0
10/09/2026 09:09,28,70,0
10/09/2026 09:09,28,70,0
10/09/2026 09:09,28,70,0
10/09/2026 09:10,28,70,0
10/09/2026 09:10,28,70,0
10/09/2026 09:10,28,70,0
10/09/2026 09:10,28,70,0
10/09/2026 09:10,28,70,0
10/09/2026 09:10,28,70,0
10/09/2026 09:10,28,70,0
10/09/2026 09:10,28,70,0
10/09/2026 09:10,28,70,0
10/09/2026 09:10,28,70,0
10/09/2026 09:10,28,70,0
10/09/2026 09:10,28,70,0
10/09/2026 09:10,28,70,0
10/09/2026 09:10,28,70,0
10/09/2026 09:10,28,70,0
10/09/2026 09:10,28,70,0
10/09/2026 09:10,28,70,0
10/09/2026 09:10,28,70,0
10/09/2026 09:10,28,70,0
10/09/2026 09:10,28,70,0
10/09/2026 09:10,28,70,0
10/09/2026 09:10,28,70,0
10/09/2026 09:10,28,70,0
10/09/2026 09:10,28,70,0
10/09/2026 09:10,28,70,0
10/09/2026 09:10,28,70,0
10/09/2026 09:10,28,70,0
10/09/2026 09:10,28,70,0
10/09/2026 09:10,28,70,0
10/09/2026 09:10,28,70,0
10/09/2026 09:11,28,70,0
10/09/2026 09:11,28,70,0
10/09/2026 09:11,28,70,0
10/09/2026 09:11,28,70,0
10/09/2026 09:11,28,70,0
10/09/2026 09:11,28,70,0
10/09/2026 09:11,28,70,0
10/09/2026 09:11,28,70,0
10/09/2026 09:11,28,70,0
10/09/2026 09:11,28,70,0
10/09/2026 09:11,28,70,0
10/09/2026 09:11,28,70,0
10/09/2026 09:11,28,70,0
10/09/2026 09:11,28,70,0
10/09/2026 09:11,28,70,0
10/09/2026 09:11,28,70,0
10/09/2026 09:11,28,70,0
10/09/2026 09:11,28,70,0
10/09/2026 09:11,28,70,0
10/09/2026 09:11,28,70,0
10/09/2026 09:11,28,70,0
10/09/2026 09:11,28,70,0
10/09/2026 09:11,28,70,0
10/09/2026 09:11,28,70,0
10/09/2026 09:11,28,70,0
10/09/2026 09:11,28,70,0
10/09/2026 09:11,28,70,0
10/09/2026 09:11,28,70,0
10/09/2026 09:11,28,70,0
10/09/2026 09:12,28,70,0
10/09/2026 09:12,28,70,0
10/09/2026 09:12,28,70,0
10/09/2026 09:12,28,70,0
10/09/2026 09:12,28,70,0
10/09/2026 09:12,28.1,70,0
10/09/2026 09:12,28.1,70,0
10/09/2026 09:12,28.1,70,0
10/09/2026 09:12,28.1,70,0
10/09/2026 09:12,28.1,70,0
10/09/2026 09:12,28.1,70,0
10/09/2026 09:12,28.1,70,0
10/09/2026 09:12,28.1,70,0
10/09/2026 09:12,28.1,70,0
10/09/2026 09:12,28.1,70,0
10/09/2026 09:12,28.1,70,0
10/09/2026 09:12,28.1,70,0
10/09/2026 09:12,28.1,70,0
10/09/2026 09:12,28.1,70,0
10/09/2026 09:12,28.1,70,0
10/09/2026 09:12,28.1,70,0
10/09/2026 09:12,28.1,70,0
10/09/2026 09:12,28.1,70,0
10/09/2026 09:12,28.1,70,0
10/09/2026 09:12,28.1,70,0
10/09/2026 09:12,28.1,70,0
10/09/2026 09:12,28.1,70,0
10/09/2026 09:12,28.1,70,0
10/09/2026 09:12,28.1,70,0
10/09/2026 09:12,28.1,70,0
10/09/2026 09:13,28.1,70,0
10/09/2026 09:13,28,70,0
10/09/2026 09:13,28,70,0
10/09/2026 09:13,28,70,0
10/09/2026 09:13,28,70,0
10/09/2026 09:13,28,70,0
10/09/2026 09:13,28,70,0
10/09/2026 09:13,28,70,0
10/09/2026 09:13,28,70,0
10/09/2026 09:13,28,70,0
10/09/2026 09:13,28,70,0
10/09/2026 09:13,28,70,0
10/09/2026 09:13,28,70,0
10/09/2026 09:13,28,70,0
10/09/2026 09:13,28,70,0
10/09/2026 09:13,28,70,0
10/09/2026 09:13,28,70,0
10/09/2026 09:13,28,70,0
10/09/2026 09:13,28,70,0
10/09/2026 09:13,28,70,0
10/09/2026 09:13,28,70,0
10/09/2026 09:13,28,70,0
10/09/2026 09:13,28,70,0
10/09/2026 09:13,28,70,0
10/09/2026 09:13,28,70,0
10/09/2026 09:13,28,70,0
10/09/2026 09:13,28,70,0
10/09/2026 09:13,28,70,0
10/09/2026 09:13,28,70,0
10/09/2026 09:13,28,70,0
10/09/2026 09:14,28,70,0
10/09/2026 09:14,28,70,0
10/09/2026 09:14,28,70,0
10/09/2026 09:14,28,70,0
10/09/2026 09:14,28,70,0
10/09/2026 09:14,28,70,0
10/09/2026 09:14,28,70,0
10/09/2026 09:14,28,70,0
10/09/2026 09:14,28,70,0
10/09/2026 09:14,28,70,0
10/09/2026 09:14,28,70,0
10/09/2026 09:14,28,70,0
10/09/2026 09:14,28,70,0
10/09/2026 09:14,28,70,0
10/09/2026 09:14,28,70,0
10/09/2026 09:14,28,70,0
10/09/2026 09:14,28,70,0
10/09/2026 09:14,28,70,0
10/09/2026 09:14,28,70,0
10/09/2026 09:14,28,70,0
10/09/2026 09:14,28,70,0
10/09/2026 09:14,28,70,0
10/09/2026 09:14,28,70,0
10/09/2026 09:14,28,70,0
10/09/2026 09:14,28,70,0
10/09/2026 09:14,28,70,0
10/09/2026 09:14,28,70,0
10/09/2026 09:14,28,70,0
10/09/2026 09:14,28,70,0
10/09/2026 09:15,28,70,0
10/09/2026 09:15,28,70,0
10/09/2026 09:15,28,70,0
10/09/2026 09:15,28,70,0
10/09/2026 09:15,28,70,0
10/09/2026 09:15,28,70,0
10/09/2026 09:15,28,70,0
10/09/2026 09:15,28,70,0
10/09/2026 09:15,28,70,0
10/09/2026 09:15,28,70,0
10/09/2026 09:15,28,70,0
10/09/2026 09:15,28,70,0
10/09/2026 09:15,28,70,0
10/09/2026 09:15,28,70,0
10/09/2026 09:15,28,70,0
10/09/2026 09:15,28,70,0
10/09/2026 09:15,28,70,0
10/09/2026 09:15,28,70,0
10/09/2026 09:15,28,70,0
10/09/2026 09:15,28,70,0
10/09/2026 09:15,28,70,0
10/09/2026 09:15,28,70,0
10/09/2026 09:15,28,70,0
10/09/2026 09:15,28,70,0
10/09/2026 09:15,28,70,0
10/09/2026 09:15,28,70,0
10/09/2026 09:15,28,70,0
10/09/2026 09:15,28,70,0
10/09/2026 09:15,28,70,0
10/09/2026 09:15,28,70,0
10/09/2026 09:16,28,70,0
10/09/2026 09:16,28,70,0
10/09/2026 09:16,28,70,0
10/09/2026 09:16,28,70,0
10/09/2026 09:16,28,70,0
10/09/2026 09:16,28,70,0
10/09/2026 09:16,28,70,0
10/09/2026 09:16,28,70,0
10/09/2026 09:16,28,70,0
10/09/2026 09:16,28,69,0
10/09/2026 09:16,28,69,0
10/09/2026 09:16,28,70,0
10/09/2026 09:16,28,70,0
10/09/2026 09:16,28,70,0
10/09/2026 09:16,28,70,0
10/09/2026 09:16,28,70,0
10/09/2026 09:16,28,70,0
10/09/2026 09:16,28,69,0
10/09/2026 09:16,28,70,0
10/09/2026 09:16,28,70,0
10/09/2026 09:16,28,70,0
10/09/2026 09:16,28,70,0
10/09/2026 09:16,28,70,0
10/09/2026 09:16,28,70,0
10/09/2026 09:16,28,70,0
10/09/2026 09:16,28,69,0
10/09/2026 09:16,28,69,0
10/09/2026 09:16,28,69,0
10/09/2026 09:16,28,69,0
10/09/2026 09:17,28,69,0
10/09/2026 09:17,28,69,0
10/09/2026 09:17,28,69,0
10/09/2026 09:17,28,69,0
10/09/2026 09:17,28,69,0
10/09/2026 09:17,28,69,0
10/09/2026 09:17,28,69,0
10/09/2026 09:17,28,69,0
10/09/2026 09:17,28,69,0
10/09/2026 09:17,28,69,0
10/09/2026 09:17,28,69,0
10/09/2026 09:17,28,69,0
10/09/2026 09:17,28,69,0
10/09/2026 09:17,28,69,0
10/09/2026 09:17,28,69,0
10/09/2026 09:17,28,69,0
10/09/2026 09:17,28,69,0
10/09/2026 09:17,28,69,0
10/09/2026 09:17,28,69,0
10/09/2026 09:17,28,69,0
10/09/2026 09:17,28,69,0
10/09/2026 09:17,28,69,0
10/09/2026 09:17,28,69,0
10/09/2026 09:17,28,69,0
10/09/2026 09:17,28,69,0
10/09/2026 09:17,28,69,0
10/09/2026 09:17,28,69,0
10/09/2026 09:17,28,69,0
10/09/2026 09:17,28,69,0
10/09/2026 09:17,28,69,0
10/09/2026 09:18,28,69,0
10/09/2026 09:18,28,69,0
10/09/2026 09:18,28,69,0
10/09/2026 09:18,28,69,0
10/09/2026 09:18,28,69,0
10/09/2026 09:18,28,69,0
10/09/2026 09:18,28,69,0
10/09/2026 09:18,28,69,0
10/09/2026 09:18,28,69,0
10/09/2026 09:18,28,69,0
10/09/2026 09:18,28,69,0
10/09/2026 09:18,28,69,0
10/09/2026 09:18,28,69,0
10/09/2026 09:18,28,69,0
10/09/2026 09:18,28,69,0
10/09/2026 09:18,28,69,0
10/09/2026 09:18,28,68,0
10/09/2026 09:18,28,68,0
10/09/2026 09:18,28,68,0
10/09/2026 09:18,28,68,0
10/09/2026 09:18,28,68,0
10/09/2026 09:18,28,68,0
10/09/2026 09:18,28,68,0
10/09/2026 09:18,28,68,0
10/09/2026 09:18,28,68,0
10/09/2026 09:18,28,68,0
10/09/2026 09:18,28,68,0
10/09/2026 09:18,28,68,0
10/09/2026 09:18,28,68,0
10/09/2026 09:18,28,68,0
10/09/2026 09:19,28,68,0
10/09/2026 09:19,28,68,0
10/09/2026 09:19,28,68,0
10/09/2026 09:19,28,68,0
10/09/2026 09:19,28,68,0
10/09/2026 09:19,28,68,0
10/09/2026 09:19,28,68,0
10/09/2026 09:19,28,68,0
10/09/2026 09:19,28,68,0
10/09/2026 09:19,28,68,0
10/09/2026 09:19,28,68,0
10/09/2026 09:19,28,68,0
10/09/2026 09:19,28,68,0
10/09/2026 09:19,28,68,0
10/09/2026 09:19,28,68,0
10/09/2026 09:19,28,68,0
10/09/2026 09:19,28,68,0
10/09/2026 09:19,28,68,0
10/09/2026 09:19,28,68,0
10/09/2026 09:19,28,68,0
10/09/2026 09:19,28,68,0
10/09/2026 09:19,28,68,0
10/09/2026 09:19,28,68,0
10/09/2026 09:19,28,68,0
10/09/2026 09:19,28,68,0
10/09/2026 09:19,28,68,0
10/09/2026 09:19,28,68,0
10/09/2026 09:19,28,68,0
10/09/2026 09:19,28,68,0
10/09/2026 09:20,28,68,0
10/09/2026 09:20,28,68,0
10/09/2026 09:20,28,68,0
10/09/2026 09:20,28,68,0
10/09/2026 09:20,28,68,0
10/09/2026 09:20,28,68,0
10/09/2026 09:20,28,68,0
10/09/2026 09:20,28,68,0
10/09/2026 09:20,28,68,0
10/09/2026 09:20,28,68,0
10/09/2026 09:20,28,68,0
10/09/2026 09:20,28,68,0
10/09/2026 09:20,28,68,0
10/09/2026 09:20,28,68,0
10/09/2026 09:20,28,67,0
10/09/2026 09:20,28,67,0
10/09/2026 09:20,28,67,0
10/09/2026 09:20,28,67,0
10/09/2026 09:20,28,67,0
10/09/2026 09:20,28,67,0
10/09/2026 09:20,28,67,0
10/09/2026 09:20,28,67,0
10/09/2026 09:20,28,67,0
10/09/2026 09:20,28,67,0
10/09/2026 09:20,28,67,0
10/09/2026 09:20,28,67,0
10/09/2026 09:20,28,67,0
10/09/2026 09:20,28,67,0
10/09/2026 09:20,28,67,0
10/09/2026 09:20,28,67,0
10/09/2026 09:21,28,67,0
10/09/2026 09:21,28,67,0
10/09/2026 09:21,28,67,0
10/09/2026 09:21,28,67,0
10/09/2026 09:21,28,67,0
10/09/2026 09:21,28,67,0
10/09/2026 09:21,28,67,0
10/09/2026 09:21,28,67,0
10/09/2026 09:21,28,67,0
10/09/2026 09:21,28,67,0
10/09/2026 09:21,28,67,0
10/09/2026 09:21,28,67,0
10/09/2026 09:21,28,67,0
10/09/2026 09:21,28,67,0
10/09/2026 09:21,28,67,0
10/09/2026 09:21,28,67,0
10/09/2026 09:21,28,67,0
10/09/2026 09:21,28,67,0
10/09/2026 09:21,28,67,0
10/09/2026 09:21,28,67,0
10/09/2026 09:21,28,67,0
10/09/2026 09:21,28,67,0
10/09/2026 09:21,28,67,0
10/09/2026 09:21,28,67,0
10/09/2026 09:21,28,67,0
10/09/2026 09:21,28,67,0
10/09/2026 09:21,28,67,0
10/09/2026 09:21,28,67,0
10/09/2026 09:21,28,66,0
10/09/2026 09:22,28,66,0
10/09/2026 09:22,28,66,0
10/09/2026 09:22,28,66,0
10/09/2026 09:22,28,66,0
10/09/2026 09:22,28,66,0
10/09/2026 09:22,28,66,0
10/09/2026 09:22,28,66,0
10/09/2026 09:22,28,66,0
10/09/2026 09:22,28,66,0
10/09/2026 09:22,28,66,0
10/09/2026 09:22,28,66,0
10/09/2026 09:22,28,66,0
10/09/2026 09:22,28,66,0
10/09/2026 09:22,28,66,0
10/09/2026 09:22,28,66,0
10/09/2026 09:22,28,66,0
10/09/2026 09:22,28,66,0
10/09/2026 09:22,28,66,0
10/09/2026 09:22,28,66,0
10/09/2026 09:22,28,66,0
10/09/2026 09:22,28,66,0
10/09/2026 09:22,28,66,0
10/09/2026 09:22,28,66,0
10/09/2026 09:22,28,66,0
10/09/2026 09:22,28,66,0
10/09/2026 09:22,28,66,0
10/09/2026 09:22,28,66,0
10/09/2026 09:22,28,66,0
10/09/2026 09:22,28,66,0
10/09/2026 09:22,28,66,0
10/09/2026 09:23,28,66,0
10/09/2026 09:23,28,66,0
10/09/2026 09:23,28,66,0
10/09/2026 09:23,28,66,0
10/09/2026 09:23,28,66,0
10/09/2026 09:23,28,65,0
10/09/2026 09:23,28,65,0
10/09/2026 09:23,28,65,0
10/09/2026 09:23,28,65,0
10/09/2026 09:23,28,65,0
10/09/2026 09:23,28,65,0
10/09/2026 09:23,28,65,0
10/09/2026 09:23,28,65,0
10/09/2026 09:23,28,65,0
10/09/2026 09:23,28,65,0
10/09/2026 09:23,28,65,0
10/09/2026 09:23,28,65,0
10/09/2026 09:23,28,65,0
10/09/2026 09:23,28,65,0
10/09/2026 09:23,28,65,0
10/09/2026 09:23,28,65,0
10/09/2026 09:23,28,65,0
10/09/2026 09:23,28,65,0
10/09/2026 09:23,28,65,0
10/09/2026 09:23,28,65,0
10/09/2026 09:23,28,65,0
10/09/2026 09:23,28,65,0
10/09/2026 09:23,28,65,0
10/09/2026 09:23,28,65,0
10/09/2026 09:23,28,65,0
10/09/2026 09:24,28,65,0
10/09/2026 09:24,28,65,0
10/09/2026 09:24,28,65,0
10/09/2026 09:24,28,65,0
10/09/2026 09:24,28,65,0
10/09/2026 09:24,28,65,0
10/09/2026 09:24,28,65,0
10/09/2026 09:24,28,65,0
10/09/2026 09:24,28,65,0
10/09/2026 09:24,28,65,0
10/09/2026 09:24,28,65,0
10/09/2026 09:24,28,65,0
10/09/2026 09:24,28,65,0
10/09/2026 09:24,28,65,0
10/09/2026 09:24,28,65,0
10/09/2026 09:24,28,65,0
10/09/2026 09:24,28,65,0
10/09/2026 09:24,28,65,0
10/09/2026 09:24,28,65,0
10/09/2026 09:24,28,65,0
10/09/2026 09:24,28,65,0
10/09/2026 09:24,28,65,0
10/09/2026 09:24,28,65,0
10/09/2026 09:24,28,64,0
10/09/2026 09:24,28,64,0
10/09/2026 09:24,28,64,0
10/09/2026 09:24,28,64,0
10/09/2026 09:24,28,64,0
10/09/2026 09:24,28,64,0
10/09/2026 09:25,28,64,0
10/09/2026 09:25,28,64,0
10/09/2026 09:25,28,64,0
10/09/2026 09:25,28,64,0
10/09/2026 09:25,28,64,0
10/09/2026 09:25,28,64,0
10/09/2026 09:25,28,64,0
10/09/2026 09:25,28,64,0
10/09/2026 09:25,28,64,0
10/09/2026 09:25,28,64,0
10/09/2026 09:25,28,64,0
10/09/2026 09:25,28,64,0
10/09/2026 09:25,28,64,0
10/09/2026 09:25,28,64,0
10/09/2026 09:25,28,64,0
10/09/2026 09:25,28,64,0
10/09/2026 09:25,28,64,0
10/09/2026 09:25,28,64,0
10/09/2026 09:25,28,64,0
10/09/2026 09:25,28,64,0
10/09/2026 09:25,28,64,0
10/09/2026 09:25,28,64,0
10/09/2026 09:25,28,64,0
10/09/2026 09:25,28,64,0
10/09/2026 09:25,28,64,0
10/09/2026 09:25,28,64,0
10/09/2026 09:25,28,64,0
10/09/2026 09:25,28,64,0
10/09/2026 09:25,28,64,0
10/09/2026 09:25,28,64,0
10/09/2026 09:26,28,64,0
10/09/2026 09:26,28,64,0
10/09/2026 09:26,28,64,0
10/09/2026 09:26,28,64,0
10/09/2026 09:26,28,64,0
10/09/2026 09:26,28,64,0
10/09/2026 09:26,28,64,0
10/09/2026 09:26,28,64,0
10/09/2026 09:26,28,64,0
10/09/2026 09:26,28,64,0
10/09/2026 09:26,28,64,0
10/09/2026 09:26,28,64,0
10/09/2026 09:26,28,64,0
10/09/2026 09:26,28,64,0
10/09/2026 09:26,28,64,0
10/09/2026 09:26,28,64,0
10/09/2026 09:26,28,64,0
10/09/2026 09:26,28,64,0
10/09/2026 09:26,28,64,0
10/09/2026 09:26,28,64,0
10/09/2026 09:26,28,64,0
10/09/2026 09:26,28,64,0
10/09/2026 09:26,28,64,0
10/09/2026 09:26,28,64,0
10/09/2026 09:26,28,64,0
10/09/2026 09:26,28,64,0
10/09/2026 09:26,28,64,0
10/09/2026 09:26,28,64,0
10/09/2026 09:26,28,63,0
10/09/2026 09:26,28,63,0
10/09/2026 09:27,28,63,0
10/09/2026 09:27,28,63,0
10/09/2026 09:27,28,63,0
10/09/2026 09:27,28,63,0
10/09/2026 09:27,28,63,0
10/09/2026 09:27,28,63,0
10/09/2026 09:27,28,63,0
10/09/2026 09:27,28,63,0
10/09/2026 09:27,28,63,0
10/09/2026 09:27,28,63,0
10/09/2026 09:27,28,63,0
10/09/2026 09:27,28,63,0
10/09/2026 09:27,28,63,0
10/09/2026 09:27,28,63,0
10/09/2026 09:27,28,63,0
10/09/2026 09:27,28,63,0
10/09/2026 09:27,28,63,0
10/09/2026 09:27,28,63,0
10/09/2026 09:27,28,63,0
10/09/2026 09:27,28,63,0
10/09/2026 09:27,28,63,0
10/09/2026 09:27,28,63,0
10/09/2026 09:27,28,63,0
10/09/2026 09:27,28,63,0
10/09/2026 09:27,28,63,0
10/09/2026 09:27,28,63,0
10/09/2026 09:27,28,63,0
10/09/2026 09:27,28,63,0
10/09/2026 09:27,28,63,0
10/09/2026 09:28,28.1,63,0
10/09/2026 09:28,28,63,0
10/09/2026 09:28,28.1,63,0
10/09/2026 09:28,28.1,63,0
10/09/2026 09:28,28.1,63,0
10/09/2026 09:28,28.1,63,0
10/09/2026 09:28,28.1,63,0
10/09/2026 09:28,28.1,63,0
10/09/2026 09:28,28.1,63,0
10/09/2026 09:28,28.1,63,0
10/09/2026 09:28,28.1,63,0
10/09/2026 09:28,28.1,63,0
10/09/2026 09:28,28.1,63,0
10/09/2026 09:28,28.1,63,0
10/09/2026 09:28,28.1,63,0
10/09/2026 09:28,28.1,63,0
10/09/2026 09:28,28.1,63,0
10/09/2026 09:28,28.1,63,0
10/09/2026 09:28,28.1,63,0
10/09/2026 09:28,28.1,63,0
10/09/2026 09:28,28.1,63,0
10/09/2026 09:28,28.1,63,0
10/09/2026 09:28,28.1,63,0
10/09/2026 09:28,28.1,63,0
10/09/2026 09:28,28.1,63,0
10/09/2026 09:28,28,63,0
10/09/2026 09:28,28,63,0
10/09/2026 09:28,28,63,0
10/09/2026 09:28,28,63,0
10/09/2026 09:28,28,63,0
10/09/2026 09:29,28,63,0
10/09/2026 09:29,28,63,0
10/09/2026 09:29,28.1,63,0
10/09/2026 09:29,28.1,63,0
10/09/2026 09:29,28.1,63,0
10/09/2026 09:29,28,63,0
10/09/2026 09:29,28,63,0
10/09/2026 09:29,28.1,63,0
10/09/2026 09:29,28.1,63,0
10/09/2026 09:29,28.1,63,0
10/09/2026 09:29,28.1,63,0
10/09/2026 09:29,28.1,63,0
10/09/2026 09:29,28.1,63,0
10/09/2026 09:29,28.1,63,0
10/09/2026 09:29,28.1,63,0
10/09/2026 09:29,28.1,63,0
10/09/2026 09:29,28.1,63,0
10/09/2026 09:29,28.1,63,0
10/09/2026 09:29,28.1,63,0
10/09/2026 09:29,28.1,63,0
10/09/2026 09:29,28.1,63,0
10/09/2026 09:29,28.1,63,0
10/09/2026 09:29,28.1,62,0
10/09/2026 09:29,28.1,62,0
10/09/2026 09:29,28.1,62,0
10/09/2026 09:29,28.1,62,0
10/09/2026 09:29,28.2,62,0
10/09/2026 09:29,28.2,62,0
10/09/2026 09:29,28.2,62,0
10/09/2026 09:30,28.2,62,0
10/09/2026 09:30,28.2,62,0
10/09/2026 09:30,28.2,62,0
10/09/2026 09:30,28.2,62,0
10/09/2026 09:30,28.2,62,0
10/09/2026 09:30,28.2,62,0
10/09/2026 09:30,28.2,62,0
10/09/2026 09:30,28.2,62,0
10/09/2026 09:30,28.2,62,0
10/09/2026 09:30,28.2,62,0
10/09/2026 09:30,28.2,62,0
10/09/2026 09:30,28.2,62,0
10/09/2026 09:30,28.2,62,0
10/09/2026 09:30,28.2,62,0
10/09/2026 09:30,28.2,62,0
10/09/2026 09:30,28.2,62,0
10/09/2026 09:30,28.2,62,0
10/09/2026 09:30,28.2,62,0
10/09/2026 09:30,28.2,62,0
10/09/2026 09:30,28.2,62,0
10/09/2026 09:30,28.2,62,0
10/09/2026 09:30,28.2,62,0
10/09/2026 09:30,28.2,62,0
10/09/2026 09:30,28.2,62,0
10/09/2026 09:30,28.2,62,0
10/09/2026 09:30,28.2,62,0
10/09/2026 09:30,28.2,62,0
10/09/2026 09:30,28.2,62,0
10/09/2026 09:30,28.2,62,0
10/09/2026 09:30,28.2,62,0
10/09/2026 09:31,28.2,62,0
10/09/2026 09:31,28.2,62,0
10/09/2026 09:31,28.2,62,0
10/09/2026 09:31,28.2,62,0
10/09/2026 09:31,28.2,62,0
10/09/2026 09:31,28.2,62,0
10/09/2026 09:31,28.2,62,0
10/09/2026 09:31,28.2,62,0
10/09/2026 09:31,28.2,62,0
10/09/2026 09:31,28.2,62,0
10/09/2026 09:31,28.2,62,0
10/09/2026 09:31,28.2,62,0
10/09/2026 09:31,28.2,62,0
10/09/2026 09:31,28.2,62,0
10/09/2026 09:31,28.2,62,0
10/09/2026 09:31,28.2,62,0
10/09/2026 09:31,28.2,62,0
10/09/2026 09:31,28.2,62,0
10/09/2026 09:31,28.2,61,0
10/09/2026 09:31,28.2,61,0
10/09/2026 09:31,28.2,61,0
10/09/2026 09:31,28.2,61,0
10/09/2026 09:31,28.2,61,0
10/09/2026 09:31,28.2,61,0
10/09/2026 09:31,28.2,61,0
10/09/2026 09:31,28.2,61,0
10/09/2026 09:31,28.2,61,0
10/09/2026 09:31,28.2,61,0
10/09/2026 09:31,28.2,61,0
10/09/2026 09:31,28.2,61,0
10/09/2026 09:32,28.2,61,0
10/09/2026 09:32,28.2,61,0
10/09/2026 09:32,28.2,61,0
10/09/2026 09:32,28.2,61,0
10/09/2026 09:32,28.2,61,0
10/09/2026 09:32,28.2,61,0
10/09/2026 09:32,28.2,61,0
10/09/2026 09:32,28.2,61,0
10/09/2026 09:32,28.2,61,0
10/09/2026 09:32,28.2,61,0
10/09/2026 09:32,28.2,61,0
10/09/2026 09:32,28.2,61,0
10/09/2026 09:32,28.2,61,0
10/09/2026 09:32,28.2,61,0
10/09/2026 09:32,28.2,61,0
10/09/2026 09:32,28.2,61,0
10/09/2026 09:32,28.2,61,0
10/09/2026 09:32,28.1,61,0
10/09/2026 09:32,28.1,61,0
10/09/2026 09:32,28.1,61,0
10/09/2026 09:32,28.1,61,0
10/09/2026 09:32,28.1,61,0
10/09/2026 09:32,28.1,61,0
10/09/2026 09:32,28.1,61,0
10/09/2026 09:32,28.1,61,0
10/09/2026 09:32,28.1,61,0
10/09/2026 09:32,28.1,61,0
10/09/2026 09:32,28.1,61,0
10/09/2026 09:32,28.1,61,0
10/09/2026 09:33,28.1,61,0
10/09/2026 09:33,28.1,61,0
10/09/2026 09:33,28.1,61,0
10/09/2026 09:33,28.1,61,0
10/09/2026 09:33,28.1,61,0
10/09/2026 09:33,28.1,61,0
10/09/2026 09:33,28.1,61,0
10/09/2026 09:33,28.1,61,0
10/09/2026 09:33,28.1,61,0
10/09/2026 09:33,28.1,61,0
10/09/2026 09:33,28.1,60,0
10/09/2026 09:33,28.1,60,0
10/09/2026 09:33,28,60,0
10/09/2026 09:33,28,60,0
10/09/2026 09:33,28,60,0
10/09/2026 09:33,28,60,0
10/09/2026 09:33,28,60,0
10/09/2026 09:33,28,60,0
10/09/2026 09:33,28,60,0
10/09/2026 09:33,28,60,0
10/09/2026 09:33,28,60,0
10/09/2026 09:33,28,60,0
10/09/2026 09:33,28,60,0
10/09/2026 09:33,28,60,0
10/09/2026 09:33,28,60,0
10/09/2026 09:33,28,60,0
10/09/2026 09:33,28,60,0
10/09/2026 09:33,28,60,0
10/09/2026 09:33,28,60,0
10/09/2026 09:33,28,60,0
10/09/2026 09:34,28,60,0
10/09/2026 09:34,28,60,0
10/09/2026 09:34,28,60,0
10/09/2026 09:34,28,60,0
10/09/2026 09:34,28,60,0
10/09/2026 09:34,28,60,0
10/09/2026 09:34,28,60,0
10/09/2026 09:34,28,60,0
10/09/2026 09:34,28,60,0
10/09/2026 09:34,28,60,0
10/09/2026 09:34,28,60,0
10/09/2026 09:34,28,60,0
10/09/2026 09:34,28,60,0
10/09/2026 09:34,28,60,0
10/09/2026 09:34,28,60,0
10/09/2026 09:34,28,60,0
10/09/2026 09:34,28,59,0
10/09/2026 09:34,28,59,0
10/09/2026 09:34,28,59,0
10/09/2026 09:34,28,59,0
10/09/2026 09:34,28,59,0
10/09/2026 09:34,28,59,0
10/09/2026 09:34,28,59,0
10/09/2026 09:34,28,59,0
10/09/2026 09:34,28,59,0
10/09/2026 09:34,28,59,0
10/09/2026 09:34,28,59,0
10/09/2026 09:34,28,59,0
10/09/2026 09:34,28,59,0
10/09/2026 09:35,28,59,0
10/09/2026 09:35,28,59,0
10/09/2026 09:35,28,59,0
10/09/2026 09:35,28,59,0
10/09/2026 09:35,28,59,0
10/09/2026 09:35,28,59,0
10/09/2026 09:35,28,59,0
10/09/2026 09:35,28,59,0
10/09/2026 09:35,28,59,0
10/09/2026 09:35,28,60,0
10/09/2026 09:35,28,60,0
10/09/2026 09:35,28,60,0
10/09/2026 09:35,28,60,0
10/09/2026 09:35,28,60,0
10/09/2026 09:35,28,60,0
10/09/2026 09:35,28,60,0
10/09/2026 09:35,28,60,0
10/09/2026 09:35,28,60,0
10/09/2026 09:35,28,60,0
10/09/2026 09:35,28,60,0
10/09/2026 09:35,28,60,0
10/09/2026 09:35,28,60,0
10/09/2026 09:35,28,60,0
10/09/2026 09:35,28,60,0
10/09/2026 09:35,28,60,0
10/09/2026 09:35,28,60,0
10/09/2026 09:35,28,60,0
10/09/2026 09:35,28,60,0
10/09/2026 09:35,28,60,0
10/09/2026 09:35,28,60,0
10/09/2026 09:36,28,60,0
10/09/2026 09:36,28,60,0
10/09/2026 09:36,28,60,0
10/09/2026 09:36,28,60,0
10/09/2026 09:36,28,60,0
10/09/2026 09:36,28,60,0
10/09/2026 09:36,28,60,0
10/09/2026 09:36,28,60,0
10/09/2026 09:36,28,60,0
10/09/2026 09:36,28,60,0
10/09/2026 09:36,28,60,0
10/09/2026 09:36,28,60,0
10/09/2026 09:36,28,60,0
10/09/2026 09:36,28,60,0
10/09/2026 09:36,28,60,0
10/09/2026 09:36,28,60,0
10/09/2026 09:36,28,60,0
10/09/2026 09:36,28,60,0
10/09/2026 09:36,28,60,0
10/09/2026 09:36,28,59,0
10/09/2026 09:36,28,59,0
10/09/2026 09:36,28,59,0
10/09/2026 09:36,28,59,0
10/09/2026 09:36,28,59,0
10/09/2026 09:36,28,59,0
10/09/2026 09:36,28,59,0
10/09/2026 09:36,28,59,0
10/09/2026 09:36,28,59,0
10/09/2026 09:36,28,59,0
10/09/2026 09:36,28,59,0
10/09/2026 09:37,28,59,0
10/09/2026 09:37,28,59,0
10/09/2026 09:37,28,59,0
10/09/2026 09:37,28,59,0
10/09/2026 09:37,28,59,0
10/09/2026 09:37,28,59,0
10/09/2026 09:37,28,59,0
10/09/2026 09:37,28,59,0
10/09/2026 09:37,28,59,0
10/09/2026 09:37,28,59,0
10/09/2026 09:37,28,59,0
10/09/2026 09:37,28,59,0
10/09/2026 09:37,28,59,0
10/09/2026 09:37,28,59,0
10/09/2026 09:37,28,59,0
10/09/2026 09:37,28,59,0
10/09/2026 09:37,28,59,0
10/09/2026 09:37,28,59,0
10/09/2026 09:37,28,59,0
10/09/2026 09:37,28,59,0
10/09/2026 09:37,28,59,0
10/09/2026 09:37,28,59,0
10/09/2026 09:37,28,59,0
10/09/2026 09:37,28,59,0
10/09/2026 09:37,28,59,0
10/09/2026 09:37,28,59,0
10/09/2026 09:37,28,59,0
10/09/2026 09:37,28,59,0
10/09/2026 09:37,28,59,0
10/09/2026 09:38,28,59,0
10/09/2026 09:38,28,59,0
10/09/2026 09:38,28,59,0
10/09/2026 09:38,28,58,0
10/09/2026 09:38,28,58,0
10/09/2026 09:38,28,58,0
10/09/2026 09:38,28,58,0
10/09/2026 09:38,28,58,0
10/09/2026 09:38,28,58,0
10/09/2026 09:38,28,58,0
10/09/2026 09:38,28,58,0
10/09/2026 09:38,28,58,0
10/09/2026 09:38,28,58,0
10/09/2026 09:38,28,58,0
10/09/2026 09:38,28,58,0
10/09/2026 09:38,28,58,0
10/09/2026 09:38,28,58,0
10/09/2026 09:38,28,58,0
10/09/2026 09:38,28,58,0
10/09/2026 09:38,28,58,0
10/09/2026 09:38,28,58,0
10/09/2026 09:38,28,58,0
10/09/2026 09:38,28,58,0
10/09/2026 09:38,28,58,0
10/09/2026 09:38,28,58,0
10/09/2026 09:38,28,58,0
10/09/2026 09:38,28,58,0
10/09/2026 09:38,28,58,0
10/09/2026 09:38,28,58,0
10/09/2026 09:38,28,58,0
10/09/2026 09:39,28,58,0
10/09/2026 09:39,28,58,0
10/09/2026 09:39,28,58,0
10/09/2026 09:39,28,58,0
10/09/2026 09:39,28,58,0
10/09/2026 09:39,28,58,0
10/09/2026 09:39,28,58,0
10/09/2026 09:39,28.1,58,0
10/09/2026 09:39,28.1,58,0
10/09/2026 09:39,28.1,58,0
10/09/2026 09:39,28.1,58,0
10/09/2026 09:39,28.1,58,0
10/09/2026 09:39,28.1,58,0
10/09/2026 09:39,28.1,58,0
10/09/2026 09:39,28.1,58,0
10/09/2026 09:39,28.1,58,0
10/09/2026 09:39,28.1,58,0
10/09/2026 09:39,28.1,58,0
10/09/2026 09:39,28.1,58,0
10/09/2026 09:39,28.1,58,0
10/09/2026 09:39,28.1,58,0
10/09/2026 09:39,28.1,58,0
10/09/2026 09:39,28.1,58,0
10/09/2026 09:39,28.1,58,0
10/09/2026 09:39,28.1,58,0
10/09/2026 09:39,28.1,58,0
10/09/2026 09:39,28.1,58,0
10/09/2026 09:39,28.1,58,0
10/09/2026 09:39,28.1,58,0
10/09/2026 09:39,28.1,58,0
10/09/2026 09:40,28.1,58,0
10/09/2026 09:40,28.1,58,0
10/09/2026 09:40,28.1,58,0
10/09/2026 09:40,28.1,58,0
10/09/2026 09:40,28.1,58,0
10/09/2026 09:40,28.1,58,0
10/09/2026 09:40,28.1,58,0
10/09/2026 09:40,28.1,58,0
10/09/2026 09:40,28.1,58,0
10/09/2026 09:40,28.1,58,0
10/09/2026 09:40,28.1,58,0
10/09/2026 09:40,28.1,58,0
10/09/2026 09:40,28.1,58,0
10/09/2026 09:40,28.1,58,0
10/09/2026 09:40,28.1,58,0
10/09/2026 09:40,28.1,58,0
10/09/2026 09:40,28.1,58,0
10/09/2026 09:40,28.1,58,0
10/09/2026 09:40,28.1,58,0
10/09/2026 09:40,28.1,58,0
10/09/2026 09:40,28.1,58,0
10/09/2026 09:40,28.1,58,0
10/09/2026 09:40,28.1,58,0
10/09/2026 09:40,28.1,58,0
10/09/2026 09:40,28.1,58,0
10/09/2026 09:40,28.1,58,0
10/09/2026 09:40,28.1,58,0
10/09/2026 09:40,28.1,58,0
10/09/2026 09:40,28.1,58,0
10/09/2026 09:41,28.1,58,0
10/09/2026 09:41,28.1,58,0
10/09/2026 09:41,28.1,58,0
10/09/2026 09:41,28.1,58,0
10/09/2026 09:41,28.1,58,0
10/09/2026 09:41,28.1,58,0
10/09/2026 09:41,28.1,58,0
10/09/2026 09:41,28.1,58,0
10/09/2026 09:41,28.1,58,0
10/09/2026 09:41,28.1,58,0
10/09/2026 09:41,28.1,58,0
10/09/2026 09:41,28.1,58,0
10/09/2026 09:41,28.1,58,0
10/09/2026 09:41,28.1,58,0
10/09/2026 09:41,28.1,58,0
10/09/2026 09:41,28.1,58,0
10/09/2026 09:41,28.1,58,0
10/09/2026 09:41,28.1,58,0
10/09/2026 09:41,28.1,58,0
10/09/2026 09:41,28.1,58,0
10/09/2026 09:41,28.1,58,0
10/09/2026 09:41,28.1,58,0
10/09/2026 09:41,28.1,58,0
10/09/2026 09:41,28.1,58,0
10/09/2026 09:41,28.1,58,0
10/09/2026 09:41,28.1,58,0
10/09/2026 09:41,28.1,58,0
10/09/2026 09:41,28.1,58,0
10/09/2026 09:41,28.1,58,0
10/09/2026 09:41,28.1,58,0
10/09/2026 09:42,28.1,58,0
10/09/2026 09:42,28.1,58,0
10/09/2026 09:42,28.1,58,0
10/09/2026 09:42,28.1,57,0
10/09/2026 09:42,28.1,57,0
10/09/2026 09:42,28.1,57,0
10/09/2026 09:42,28.1,57,0
10/09/2026 09:42,28.1,57,0
10/09/2026 09:42,28,57,0
10/09/2026 09:42,28,57,0
10/09/2026 09:42,28,57,0
10/09/2026 09:42,28,57,0
10/09/2026 09:42,28,57,0
10/09/2026 09:42,28,57,0
10/09/2026 09:42,28,57,0
10/09/2026 09:42,28,57,0
10/09/2026 09:42,28,57,0
10/09/2026 09:42,28,57,0
10/09/2026 09:42,28,57,0
10/09/2026 09:42,28,57,0
10/09/2026 09:42,28,57,0
10/09/2026 09:42,28,57,0
10/09/2026 09:42,28,57,0
10/09/2026 09:42,28,57,0
10/09/2026 09:42,28,57,0
10/09/2026 09:42,28,57,0
10/09/2026 09:42,28,57,0
10/09/2026 09:42,28,57,0
10/09/2026 09:42,28,57,0
10/09/2026 09:43,28,57,0
10/09/2026 09:43,28,57,0
10/09/2026 09:43,28,57,0
10/09/2026 09:43,28,57,0
10/09/2026 09:43,28,57,0
10/09/2026 09:43,28,57,0
10/09/2026 09:43,28,57,0
10/09/2026 09:43,28,57,0
10/09/2026 09:43,28,57,0
10/09/2026 09:43,28,57,0
10/09/2026 09:43,28,57,0
10/09/2026 09:43,28,57,0
10/09/2026 09:43,28,57,0
10/09/2026 09:43,28,57,0
10/09/2026 09:43,28,57,0
10/09/2026 09:43,28,57,0
10/09/2026 09:43,28,57,0
10/09/2026 09:43,28,57,0
10/09/2026 09:43,28,57,0
10/09/2026 09:43,28,57,0
10/09/2026 09:43,28,57,0
10/09/2026 09:43,28,57,0
10/09/2026 09:43,28,57,0
10/09/2026 09:43,28,57,0
10/09/2026 09:43,28,57,0
10/09/2026 09:43,28,57,0
10/09/2026 09:43,28,57,0
10/09/2026 09:43,28,57,0
10/09/2026 09:43,28,57,0
10/09/2026 09:43,28,57,0
10/09/2026 09:44,28,57,0
10/09/2026 09:44,28,57,0
10/09/2026 09:44,28,57,0
10/09/2026 09:44,28,57,0
10/09/2026 09:44,28,57,0
10/09/2026 09:44,28,57,0
10/09/2026 09:44,28,57,0
10/09/2026 09:44,28,57,0
10/09/2026 09:44,28,57,0
10/09/2026 09:44,28,57,0
10/09/2026 09:44,28,57,0
10/09/2026 09:44,28,57,0
10/09/2026 09:44,28,57,0
10/09/2026 09:44,28,57,0
10/09/2026 09:44,28,57,0
10/09/2026 09:44,28,57,0
10/09/2026 09:44,28,57,0
10/09/2026 09:44,28,57,0
10/09/2026 09:44,28,57,0
10/09/2026 09:44,28,57,0
10/09/2026 09:44,28,57,0
10/09/2026 09:44,28,57,0
10/09/2026 09:44,28,57,0
10/09/2026 09:44,28,57,0
10/09/2026 09:44,28,57,0
10/09/2026 09:44,28,57,0
10/09/2026 09:44,28,57,0
10/09/2026 09:44,28,57,0
10/09/2026 09:44,28,57,0
10/09/2026 09:44,28,57,0
10/09/2026 09:45,28,57,0
10/09/2026 09:45,28,57,0
10/09/2026 09:45,28,57,0
10/09/2026 09:45,28,57,0
10/09/2026 09:45,28,57,0
10/09/2026 09:45,28,57,0
10/09/2026 09:45,28,57,0
10/09/2026 09:45,28,57,0
10/09/2026 09:45,28,57,0
10/09/2026 09:45,28,57,0
10/09/2026 09:45,28,57,0
10/09/2026 09:45,28,57,0
10/09/2026 09:45,28,57,0
10/09/2026 09:45,28,57,0
10/09/2026 09:45,28,57,0
10/09/2026 09:45,28,57,0
10/09/2026 09:45,28,57,0
10/09/2026 09:45,28,57,0
10/09/2026 09:45,28,57,0
10/09/2026 09:45,28,57,0
10/09/2026 09:45,28,57,0
10/09/2026 09:45,28,57,0
10/09/2026 09:45,28,57,0
10/09/2026 09:45,28,57,0
10/09/2026 09:45,28,57,0
10/09/2026 09:45,28,57,0
10/09/2026 09:45,28,57,0
10/09/2026 09:45,28,57,0
10/09/2026 09:45,28,57,0
10/09/2026 09:46,28,57,0
10/09/2026 09:46,28,57,0
10/09/2026 09:46,28,57,0
10/09/2026 09:46,28,57,0
10/09/2026 09:46,28,57,0
10/09/2026 09:46,28,57,0
10/09/2026 09:46,28,57,0
10/09/2026 09:46,28,57,0
10/09/2026 09:46,28,57,0
10/09/2026 09:46,28,57,0
10/09/2026 09:46,28,57,0
10/09/2026 09:46,28,57,0
10/09/2026 09:46,28,57,0
10/09/2026 09:46,28,57,0
10/09/2026 09:46,28,57,0
10/09/2026 09:46,28,57,0
10/09/2026 09:46,28,57,0
10/09/2026 09:46,28,57,0
10/09/2026 09:46,28,57,0
10/09/2026 09:46,28,57,0
10/09/2026 09:46,28,57,0
10/09/2026 09:46,28,57,0
10/09/2026 09:46,28,57,0
10/09/2026 09:46,28,57,0
10/09/2026 09:46,28,57,0
10/09/2026 09:46,28,57,0
10/09/2026 09:46,28,57,0
10/09/2026 09:46,28,57,0
10/09/2026 09:46,28,57,0
10/09/2026 09:46,28,57,0
10/09/2026 09:47,28,57,0
10/09/2026 09:47,28,57,0
10/09/2026 09:47,28,57,0
10/09/2026 09:47,28,57,0
10/09/2026 09:47,28,57,0
10/09/2026 09:47,28,57,0
10/09/2026 09:47,28,57,0
10/09/2026 09:47,28,57,0
10/09/2026 09:47,28,57,0
10/09/2026 09:47,28,57,0
10/09/2026 09:47,28,57,0
10/09/2026 09:47,28,57,0
10/09/2026 09:47,28,57,0
10/09/2026 09:47,28,57,0
10/09/2026 09:47,28,57,0
10/09/2026 09:47,28,57,0
10/09/2026 09:47,28,57,0
10/09/2026 09:47,28,57,0
10/09/2026 09:47,28,57,0
10/09/2026 09:47,28,57,0
10/09/2026 09:47,28,56,0
10/09/2026 09:47,28,56,0
10/09/2026 09:47,28,56,0
10/09/2026 09:47,28,56,0
10/09/2026 09:47,28,56,0
10/09/2026 09:47,28,56,0
10/09/2026 09:47,28,56,0
10/09/2026 09:47,28,56,0
10/09/2026 09:47,28,56,0
10/09/2026 09:48,28,56,0
10/09/2026 09:48,28,56,0
10/09/2026 09:48,28,56,0
10/09/2026 09:48,28,56,0
10/09/2026 09:48,28,56,0
10/09/2026 09:48,28,56,0
10/09/2026 09:48,28,56,0
10/09/2026 09:48,28,56,0
10/09/2026 09:48,28,56,0
10/09/2026 09:48,28,56,0
10/09/2026 09:48,28,56,0
10/09/2026 09:48,28,56,0
10/09/2026 09:48,28,56,0
10/09/2026 09:48,28,56,0
10/09/2026 09:48,28,56,0
10/09/2026 09:48,28,56,0
10/09/2026 09:48,28,56,0
10/09/2026 09:48,28,56,0
10/09/2026 09:48,28,56,0
10/09/2026 09:48,28,56,0
10/09/2026 09:48,28,56,0
10/09/2026 09:48,28,56,0
10/09/2026 09:48,28,56,0
10/09/2026 09:48,28,56,0
10/09/2026 09:48,28,56,0
10/09/2026 09:48,28,56,0
10/09/2026 09:48,28,56,0
10/09/2026 09:48,28,56,0
10/09/2026 09:48,28,56,0
10/09/2026 09:48,28,56,0
10/09/2026 09:49,28,56,0
10/09/2026 09:49,28,56,0
10/09/2026 09:49,28,56,0
10/09/2026 09:49,28,56,0
10/09/2026 09:49,28,56,0
10/09/2026 09:49,28,56,0
10/09/2026 09:49,28,56,0
10/09/2026 09:49,28,56,0
10/09/2026 09:49,28,56,0
10/09/2026 09:49,28,56,0
10/09/2026 09:49,28,56,0
10/09/2026 09:49,28,56,0
10/09/2026 09:49,28,56,0
10/09/2026 09:49,28,56,0
10/09/2026 09:49,28,56,0
10/09/2026 09:49,28,56,0
10/09/2026 09:49,28,56,0
10/09/2026 09:49,28,56,0
10/09/2026 09:49,28,56,0
10/09/2026 09:49,28,56,0
10/09/2026 09:49,28,56,0
10/09/2026 09:49,28,56,0
10/09/2026 09:49,28,56,0
10/09/2026 09:49,28,56,0
10/09/2026 09:49,28,56,0
10/09/2026 09:49,28,56,0
10/09/2026 09:49,28,56,0
10/09/2026 09:49,28,56,0
10/09/2026 09:49,28,56,0
10/09/2026 09:49,28,56,0
10/09/2026 09:50,28,56,0
10/09/2026 09:50,28,56,0
10/09/2026 09:50,28,56,0
10/09/2026 09:50,28,56,0
10/09/2026 09:50,27.9,57,0
10/09/2026 09:50,28,56,0
10/09/2026 09:50,27.9,57,0
10/09/2026 09:50,27.9,57,0
10/09/2026 09:50,27.9,57,0
10/09/2026 09:50,27.9,57,0
10/09/2026 09:50,27.9,57,0
10/09/2026 09:50,27.9,57,0
10/09/2026 09:50,27.9,57,0
10/09/2026 09:50,27.9,57,0
10/09/2026 09:50,27.9,57,0
10/09/2026 09:50,27.9,57,0
10/09/2026 09:50,27.9,57,0
10/09/2026 09:50,27.9,57,0
10/09/2026 09:50,27.9,57,0
10/09/2026 09:50,27.9,57,0
10/09/2026 09:50,27.9,57,0
10/09/2026 09:50,27.9,57,0
10/09/2026 09:50,27.9,57,0
10/09/2026 09:50,27.9,57,0
10/09/2026 09:50,27.9,57,0
10/09/2026 09:50,27.9,57,0
10/09/2026 09:50,27.9,57,0
10/09/2026 09:50,27.9,57,0
10/09/2026 09:50,27.9,57,0
10/09/2026 09:51,27.9,57,0
10/09/2026 09:51,27.9,57,0
10/09/2026 09:51,27.9,57,0
10/09/2026 09:51,27.9,57,0
10/09/2026 09:51,27.9,57,0
10/09/2026 09:51,27.9,57,0
10/09/2026 09:51,27.9,57,0
10/09/2026 09:51,27.9,57,0
10/09/2026 09:51,27.9,57,0
10/09/2026 09:51,27.9,57,0
10/09/2026 09:51,27.9,57,0
10/09/2026 09:51,27.9,57,0
10/09/2026 09:51,27.9,57,0
10/09/2026 09:51,27.9,57,0
10/09/2026 09:51,27.9,57,0
10/09/2026 09:51,28,56,0
10/09/2026 09:51,28,56,0
10/09/2026 09:51,28,56,0
10/09/2026 09:51,28,56,0
10/09/2026 09:51,28,56,0
10/09/2026 09:51,28,56,0
10/09/2026 09:51,28,56,0
10/09/2026 09:51,28,56,0
10/09/2026 09:51,28,56,0
10/09/2026 09:51,28,56,0
10/09/2026 09:51,28,56,0
10/09/2026 09:51,28,56,0
10/09/2026 09:51,28,56,0
10/09/2026 09:51,28,56,0
10/09/2026 09:51,28,56,0
10/09/2026 09:52,28,56,0
10/09/2026 09:52,28,56,0
10/09/2026 09:52,28,56,0
10/09/2026 09:52,28,56,0
10/09/2026 09:52,28,56,0
10/09/2026 09:52,28,56,0
10/09/2026 09:52,28,56,0
10/09/2026 09:52,28,56,0
10/09/2026 09:52,28,56,0
10/09/2026 09:52,28,56,0
10/09/2026 09:52,28,56,0
10/09/2026 09:52,28,56,0
10/09/2026 09:52,28,56,0
10/09/2026 09:52,28,56,0
10/09/2026 09:52,28,56,0
10/09/2026 09:52,28,56,0
10/09/2026 09:52,28,56,0
10/09/2026 09:52,28,56,0
10/09/2026 09:52,28,56,0
10/09/2026 09:52,28,56,0
10/09/2026 09:52,28,56,0
10/09/2026 09:52,28,56,0
10/09/2026 09:52,28,56,0
10/09/2026 09:52,28,56,0
10/09/2026 09:52,28,56,0
10/09/2026 09:52,28,56,0
10/09/2026 09:52,28,56,0
10/09/2026 09:52,28,56,0
10/09/2026 09:52,28,56,0
10/09/2026 09:53,28,56,0
10/09/2026 09:53,28,56,0
10/09/2026 09:53,28,56,0
10/09/2026 09:53,28,56,0
10/09/2026 09:53,28,56,0
10/09/2026 09:53,28,56,0
10/09/2026 09:53,28,56,0
10/09/2026 09:53,28,56,0
10/09/2026 09:53,28,56,0
10/09/2026 09:53,28,56,0
10/09/2026 09:53,28,56,0
10/09/2026 09:53,28,56,0
10/09/2026 09:53,28,56,0
10/09/2026 09:53,28,56,0
10/09/2026 09:53,28,56,0
10/09/2026 09:53,28,56,0
10/09/2026 09:53,28,56,0
10/09/2026 09:53,28,56,0
10/09/2026 09:53,28,56,0
10/09/2026 09:53,28,56,0
10/09/2026 09:53,28,56,0
10/09/2026 09:53,28,56,0
10/09/2026 09:53,28,56,0
10/09/2026 09:53,28,56,0
10/09/2026 09:53,28,56,0
10/09/2026 09:53,28,56,0
10/09/2026 09:53,28,56,0
10/09/2026 09:53,28,56,0
10/09/2026 09:53,28,56,0
10/09/2026 09:53,28,56,0
10/09/2026 09:54,28,56,0
10/09/2026 09:54,28,56,0
10/09/2026 09:54,28,56,0
10/09/2026 09:54,28,56,0
10/09/2026 09:54,28,56,0
10/09/2026 09:54,28,56,0
10/09/2026 09:54,28,56,0
10/09/2026 09:54,28,56,0
10/09/2026 09:54,28,56,0
10/09/2026 09:54,28,56,0
10/09/2026 09:54,28,56,0
10/09/2026 09:54,28,56,0
10/09/2026 09:54,28,56,0
10/09/2026 09:54,28,56,0
10/09/2026 09:54,28,56,0
10/09/2026 09:54,28,56,0
10/09/2026 09:54,28,56,0
10/09/2026 09:54,28,56,0
10/09/2026 09:54,28,56,0
10/09/2026 09:54,28,56,0
10/09/2026 09:54,28,56,0
10/09/2026 09:54,28,56,0
10/09/2026 09:54,28,56,0
10/09/2026 09:54,28,56,0
10/09/2026 09:54,28,56,0
10/09/2026 09:54,28,56,0
10/09/2026 09:54,28,56,0
10/09/2026 09:54,28,56,0
10/09/2026 09:54,28,56,0
10/09/2026 09:54,28,56,0
10/09/2026 09:55,28,56,0
10/09/2026 09:55,28,56,0
10/09/2026 09:55,28,56,0
10/09/2026 09:55,28,56,0
10/09/2026 09:55,28,56,0
10/09/2026 09:55,28,56,0
10/09/2026 09:55,28,56,0
10/09/2026 09:55,28,56,0
10/09/2026 09:55,28,56,0
10/09/2026 09:55,28,56,0
10/09/2026 09:55,28,56,0
10/09/2026 09:55,28,56,0
10/09/2026 09:55,28,56,0
10/09/2026 09:55,28,56,0
10/09/2026 09:55,28,56,0
10/09/2026 09:55,28,56,0
10/09/2026 09:55,28,56,0
10/09/2026 09:55,28,56,0
10/09/2026 09:55,28,56,0
10/09/2026 09:55,28,56,0
10/09/2026 09:55,28,56,0
10/09/2026 09:55,28,56,0
10/09/2026 09:55,28,56,0
10/09/2026 09:55,28,56,0
10/09/2026 09:55,28,56,0
10/09/2026 09:55,28,56,0
10/09/2026 09:55,28,56,0
10/09/2026 09:55,28,56,0
10/09/2026 09:55,28,56,0
10/09/2026 09:56,28,56,0
10/09/2026 09:56,28,56,0
10/09/2026 09:56,28,56,0
10/09/2026 09:56,28,56,0
10/09/2026 09:56,28,56,0
10/09/2026 09:56,28,56,0
10/09/2026 09:56,28,56,0
10/09/2026 09:56,28,56,0
10/09/2026 09:56,28,56,0
10/09/2026 09:56,28,56,0
10/09/2026 09:56,28,56,0
10/09/2026 09:56,28,56,0
10/09/2026 09:56,28,56,0
10/09/2026 09:56,28,56,0
10/09/2026 09:56,28,56,0
10/09/2026 09:56,28,56,0
10/09/2026 09:56,28,56,0
10/09/2026 09:56,28,56,0
10/09/2026 09:56,28,56,0
10/09/2026 09:56,28,56,0
10/09/2026 09:56,28,56,0
10/09/2026 09:56,28,56,0
10/09/2026 09:56,28,56,0
10/09/2026 09:56,27.6,57,0
10/09/2026 09:56,27.6,57,0
10/09/2026 09:56,27.6,57,0
10/09/2026 09:56,27.6,57,0
10/09/2026 09:56,27.6,57,0
10/09/2026 09:56,27.6,57,0
10/09/2026 09:56,27.6,57,0
10/09/2026 09:57,27.6,57,0
10/09/2026 09:57,27.6,57,0
10/09/2026 09:57,27.6,57,0
10/09/2026 09:57,27.6,57,0
10/09/2026 09:57,27.6,57,0
10/09/2026 09:57,27.6,57,0
10/09/2026 09:57,27.6,57,0
10/09/2026 09:57,27.6,57,0
10/09/2026 09:57,27.6,57,0
10/09/2026 09:57,27.6,57,0
10/09/2026 09:57,27.6,57,0
10/09/2026 09:57,27.6,57,0
10/09/2026 09:57,27.6,57,0
10/09/2026 09:57,27.6,57,0
10/09/2026 09:57,27.6,57,0
10/09/2026 09:57,27.6,57,0
10/09/2026 09:57,27.6,57,0
10/09/2026 09:57,27.6,57,0
10/09/2026 09:57,27.6,57,0
10/09/2026 09:57,27.6,57,0
10/09/2026 09:57,27.6,56,0
10/09/2026 09:57,27.6,56,0
10/09/2026 09:57,27.6,56,0
10/09/2026 09:57,27.6,56,0
10/09/2026 09:57,27.6,56,0
10/09/2026 09:57,27.6,56,0
10/09/2026 09:57,27.6,56,0
10/09/2026 09:57,27.6,56,0
10/09/2026 09:57,27.6,56,0
10/09/2026 09:57,27.6,56,0
10/09/2026 09:58,27.6,56,0
10/09/2026 09:58,27.6,56,0
10/09/2026 09:58,27.6,56,0
10/09/2026 09:58,27.6,56,0
10/09/2026 09:58,27.6,56,0
10/09/2026 09:58,27.6,56,0
10/09/2026 09:58,27.6,56,0
10/09/2026 09:58,27.6,56,0
10/09/2026 09:58,27.6,56,0
10/09/2026 09:58,27.6,56,0
10/09/2026 09:58,27.6,56,0
10/09/2026 09:58,27.6,56,0
10/09/2026 09:58,27.6,56,0
10/09/2026 09:58,27.6,56,0
10/09/2026 09:58,27.6,56,0
10/09/2026 09:58,27.6,56,0
10/09/2026 09:58,27.6,56,0
10/09/2026 09:58,27.6,56,0
10/09/2026 09:58,27.6,56,0
10/09/2026 09:58,27.6,56,0
10/09/2026 09:58,27.6,56,0
10/09/2026 09:58,27.6,56,0
10/09/2026 09:58,27.6,56,0
10/09/2026 09:58,27.6,56,0
10/09/2026 09:58,27.6,56,0
10/09/2026 09:58,27.6,56,0
10/09/2026 09:58,27.6,56,0
10/09/2026 09:58,27.6,56,0
10/09/2026 09:58,27.6,56,0
10/09/2026 09:59,27.6,56,0
10/09/2026 09:59,27.6,56,0
10/09/2026 09:59,27.6,56,0
10/09/2026 09:59,27.6,56,0
10/09/2026 09:59,27.6,56,0
10/09/2026 09:59,27.6,56,0
10/09/2026 09:59,27.6,56,0
10/09/2026 09:59,27.6,56,0
10/09/2026 09:59,27.6,56,0
10/09/2026 09:59,27.6,56,0
10/09/2026 09:59,27.6,56,0
10/09/2026 09:59,27.6,56,0
10/09/2026 09:59,27.6,56,0
10/09/2026 09:59,27.6,56,0
10/09/2026 09:59,27.6,56,0
10/09/2026 09:59,27.6,56,0
10/09/2026 09:59,27.7,56,0
10/09/2026 09:59,27.7,56,0
10/09/2026 09:59,27.7,56,0
10/09/2026 09:59,27.8,56,0
10/09/2026 09:59,27.8,56,0
10/09/2026 09:59,27.8,56,0
10/09/2026 09:59,27.8,56,0
10/09/2026 09:59,27.9,56,0
10/09/2026 09:59,27.9,56,0
10/09/2026 09:59,27.9,56,0
10/09/2026 09:59,27.9,56,0
10/09/2026 09:59,27.9,56,0
10/09/2026 09:59,27.9,56,0
10/09/2026 09:59,27.9,56,0
10/09/2026 10:00,28,55,0
10/09/2026 10:00,28,55,0
10/09/2026 10:00,28,55,0
10/09/2026 10:00,28,55,0
10/09/2026 10:00,28,55,0
10/09/2026 10:00,28,55,0
10/09/2026 10:00,28,55,0
10/09/2026 10:00,28,55,0
10/09/2026 10:00,28,55,0
10/09/2026 10:00,28,55,0
10/09/2026 10:00,28,55,0
10/09/2026 10:00,28,55,0
10/09/2026 10:00,28,55,0
10/09/2026 10:00,28,55,0
10/09/2026 10:00,28,55,0
10/09/2026 10:00,28,55,0
10/09/2026 10:00,28,55,0
10/09/2026 10:00,28,55,0
10/09/2026 10:00,28,55,0
10/09/2026 10:00,28,56,0
10/09/2026 10:00,28,56,0
10/09/2026 10:00,28,56,0
10/09/2026 10:00,28,56,0
10/09/2026 10:00,28,56,0
10/09/2026 10:00,28,56,0
10/09/2026 10:00,28,56,0
10/09/2026 10:00,28,56,0
10/09/2026 10:00,28,56,0
10/09/2026 10:00,28,56,0
10/09/2026 10:01,28,56,0
10/09/2026 10:01,28,56,0
10/09/2026 10:01,28,56,0
10/09/2026 10:01,28,56,0
10/09/2026 10:01,28,56,0
10/09/2026 10:01,28,56,0
10/09/2026 10:01,28,56,0
10/09/2026 10:01,28,56,0
10/09/2026 10:01,28,56,0
10/09/2026 10:01,28,56,0
10/09/2026 10:01,28,56,0
10/09/2026 10:01,28,56,0
10/09/2026 10:01,28,56,0
10/09/2026 10:01,28,56,0
10/09/2026 10:01,28,56,0
10/09/2026 10:01,28,56,0
10/09/2026 10:01,28,56,0
10/09/2026 10:01,28,56,0
10/09/2026 10:01,28,56,0
10/09/2026 10:01,28,56,0
10/09/2026 10:01,28,56,0
10/09/2026 10:01,28,56,0
10/09/2026 10:01,28,56,0
10/09/2026 10:01,28,56,0
10/09/2026 10:01,28,56,0
10/09/2026 10:01,28,56,0
10/09/2026 10:01,28,56,0
10/09/2026 10:01,28,56,0
10/09/2026 10:01,28,56,0
10/09/2026 10:01,28,55,0
10/09/2026 10:02,28,55,0
10/09/2026 10:02,28,55,0
10/09/2026 10:02,28,55,0
10/09/2026 10:02,28,55,0
10/09/2026 10:02,28,55,0
10/09/2026 10:02,28,55,0
10/09/2026 10:02,28,55,0
10/09/2026 10:02,28,55,0
10/09/2026 10:02,28,55,0
10/09/2026 10:02,28,56,0
10/09/2026 10:02,28,56,0
10/09/2026 10:02,28,56,0
10/09/2026 10:02,28,56,0
10/09/2026 10:02,28,56,0
10/09/2026 10:02,28,56,0
10/09/2026 10:02,28,56,0
10/09/2026 10:02,28,56,0
10/09/2026 10:02,28,56,0
10/09/2026 10:02,28,56,0
10/09/2026 10:02,28,56,0
10/09/2026 10:02,28,56,0
10/09/2026 10:02,28,56,0
10/09/2026 10:02,28,56,0
10/09/2026 10:02,28,55,0
10/09/2026 10:02,28,55,0
10/09/2026 10:02,28,55,0
10/09/2026 10:02,28,55,0
10/09/2026 10:02,28,55,0
10/09/2026 10:02,28,55,0
10/09/2026 10:02,28,55,0
10/09/2026 10:03,28,55,0
10/09/2026 10:03,28,55,0
10/09/2026 10:03,28,55,0
10/09/2026 10:03,28,55,0
10/09/2026 10:03,28,55,0
10/09/2026 10:03,28,55,0
10/09/2026 10:03,28,55,0
10/09/2026 10:03,28,55,0
10/09/2026 10:03,28,55,0
10/09/2026 10:03,28,55,0
10/09/2026 10:03,28,55,0
10/09/2026 10:03,28,55,0
10/09/2026 10:03,28,55,0
10/09/2026 10:03,28,55,0
10/09/2026 10:03,28,55,0
10/09/2026 10:03,28,55,0
10/09/2026 10:03,28,55,0
10/09/2026 10:03,28,55,0
10/09/2026 10:03,28,55,0
10/09/2026 10:03,28,55,0
10/09/2026 10:03,28,55,0
10/09/2026 10:03,28,55,0
10/09/2026 10:03,28,55,0
10/09/2026 10:03,28,55,0
10/09/2026 10:03,28,55,0
10/09/2026 10:03,28,55,0
10/09/2026 10:03,28,55,0
10/09/2026 10:03,28,55,0
10/09/2026 10:03,28,55,0
10/09/2026 10:04,28,55,0
10/09/2026 10:04,28,55,0
10/09/2026 10:04,28,55,0
10/09/2026 10:04,28,55,0
10/09/2026 10:04,28,55,0
10/09/2026 10:04,28,55,0
10/09/2026 10:04,28,55,0
10/09/2026 10:04,28,55,0
10/09/2026 10:04,28,55,0
10/09/2026 10:04,28,55,0
10/09/2026 10:04,28,55,0
10/09/2026 10:04,28,55,0
10/09/2026 10:04,28,55,0
10/09/2026 10:04,28,55,0
10/09/2026 10:04,28,55,0
10/09/2026 10:04,28,55,0
10/09/2026 10:04,28,55,0
10/09/2026 10:04,28,55,0
10/09/2026 10:04,28,55,0
10/09/2026 10:04,28,55,0
10/09/2026 10:04,28,55,0
10/09/2026 10:04,28,55,0
10/09/2026 10:04,28,55,0
10/09/2026 10:04,28,55,0
10/09/2026 10:04,28,55,0
10/09/2026 10:04,28,55,0
10/09/2026 10:04,28,55,0
10/09/2026 10:04,28,55,0
10/09/2026 10:04,28,55,0
10/09/2026 10:04,28,55,0
10/09/2026 10:05,28,55,0
10/09/2026 10:05,28,55,0
10/09/2026 10:05,28,55,0
10/09/2026 10:05,28,55,0
10/09/2026 10:05,27.9,56,0
10/09/2026 10:05,28,55,0
10/09/2026 10:05,27.9,56,0
10/09/2026 10:05,27.9,56,0
10/09/2026 10:05,27.9,56,0
10/09/2026 10:05,27.9,56,0
10/09/2026 10:05,27.9,56,0
10/09/2026 10:05,27.9,56,0
10/09/2026 10:05,27.9,56,0
10/09/2026 10:05,27.9,56,0
10/09/2026 10:05,27.9,56,0
10/09/2026 10:05,27.9,56,0
10/09/2026 10:05,27.9,56,0
10/09/2026 10:05,27.9,56,0
10/09/2026 10:05,27.9,56,0
10/09/2026 10:05,27.9,56,0
10/09/2026 10:05,27.9,56,0
10/09/2026 10:05,27.9,56,0
10/09/2026 10:05,27.9,56,0
10/09/2026 10:05,27.9,56,0
10/09/2026 10:05,27.9,56,0
10/09/2026 10:05,27.8,56,0
10/09/2026 10:05,27.9,56,0
10/09/2026 10:05,27.9,56,0
10/09/2026 10:05,27.9,56,0
10/09/2026 10:06,27.9,56,0
10/09/2026 10:06,27.8,56,0
10/09/2026 10:06,27.8,56,0
10/09/2026 10:06,27.8,56,0
10/09/2026 10:06,27.8,56,0
10/09/2026 10:06,27.8,56,0
10/09/2026 10:06,27.8,56,0
10/09/2026 10:06,27.8,56,0
10/09/2026 10:06,27.8,56,0
10/09/2026 10:06,27.8,56,0
10/09/2026 10:06,27.8,56,0
10/09/2026 10:06,27.8,56,0
10/09/2026 10:06,27.8,56,0
10/09/2026 10:06,27.8,56,0
10/09/2026 10:06,27.8,56,0
10/09/2026 10:06,27.8,56,0
10/09/2026 10:06,27.8,56,0
10/09/2026 10:06,27.8,56,0
10/09/2026 10:06,27.8,56,0
10/09/2026 10:06,27.8,56,0
10/09/2026 10:06,27.8,56,0
10/09/2026 10:06,27.8,56,0
10/09/2026 10:06,27.8,56,0
10/09/2026 10:06,27.7,55,0
10/09/2026 10:06,27.7,55,0
10/09/2026 10:06,27.7,55,0
10/09/2026 10:06,27.6,55,0
10/09/2026 10:06,27.7,55,0
10/09/2026 10:06,27.7,55,0
10/09/2026 10:06,27.7,55,0
10/09/2026 10:07,27.7,55,0
10/09/2026 10:07,27.7,55,0
10/09/2026 10:07,27.7,55,0
10/09/2026 10:07,27.7,56,0
10/09/2026 10:07,27.7,56,0
10/09/2026 10:07,27.7,56,0
10/09/2026 10:07,27.7,56,0
10/09/2026 10:07,27.7,56,0
10/09/2026 10:07,27.7,56,0
10/09/2026 10:07,27.7,56,0
10/09/2026 10:07,27.7,56,0
10/09/2026 10:07,27.7,56,0
10/09/2026 10:07,27.7,56,0
10/09/2026 10:07,27.7,56,0
10/09/2026 10:07,27.7,56,0
10/09/2026 10:07,27.8,56,0
10/09/2026 10:07,27.7,56,0
10/09/2026 10:07,27.8,56,0
10/09/2026 10:07,27.8,56,0
10/09/2026 10:07,27.8,56,0
10/09/2026 10:07,27.8,56,0
10/09/2026 10:07,27.8,56,0
10/09/2026 10:07,27.8,56,0
10/09/2026 10:07,27.8,56,0
10/09/2026 10:07,27.8,56,0
10/09/2026 10:07,27.8,56,0
10/09/2026 10:07,27.8,56,0
10/09/2026 10:07,27.8,56,0
10/09/2026 10:07,27.8,56,0
10/09/2026 10:07,27.8,56,0
10/09/2026 10:08,27.8,56,0
10/09/2026 10:08,27.8,56,0
10/09/2026 10:08,27.8,56,0
10/09/2026 10:08,27.8,56,0
10/09/2026 10:08,27.8,56,0
10/09/2026 10:08,27.8,56,0
10/09/2026 10:08,27.8,56,0
10/09/2026 10:08,27.8,56,0
10/09/2026 10:08,27.8,56,0
10/09/2026 10:08,27.8,56,0
10/09/2026 10:08,27.8,56,0
10/09/2026 10:08,27.8,56,0
10/09/2026 10:08,27.8,56,0
10/09/2026 10:08,27.8,56,0
10/09/2026 10:08,27.8,56,0
10/09/2026 10:08,27.8,55,0
10/09/2026 10:08,27.8,55,0
10/09/2026 10:08,27.8,55,0
10/09/2026 10:08,27.7,55,0
10/09/2026 10:08,27.7,55,0
10/09/2026 10:08,27.7,55,0
10/09/2026 10:08,27.7,55,0
10/09/2026 10:08,27.7,55,0
10/09/2026 10:08,27.8,55,0
10/09/2026 10:08,27.8,55,0
10/09/2026 10:08,27.8,55,0
10/09/2026 10:08,27.8,55,0
10/09/2026 10:08,27.8,55,0
10/09/2026 10:08,27.8,55,0
10/09/2026 10:09,27.8,55,0
10/09/2026 10:09,27.8,55,0
10/09/2026 10:09,27.8,56,0
10/09/2026 10:09,27.8,56,0
10/09/2026 10:09,27.8,56,0
10/09/2026 10:09,27.8,56,0
10/09/2026 10:09,27.8,56,0
10/09/2026 10:09,27.9,56,0
10/09/2026 10:09,27.8,56,0
10/09/2026 10:09,27.9,56,0
10/09/2026 10:09,27.9,56,0
10/09/2026 10:09,27.9,56,0
10/09/2026 10:09,27.9,56,0
10/09/2026 10:09,27.9,56,0
10/09/2026 10:09,27.9,56,0
10/09/2026 10:09,27.9,56,0
10/09/2026 10:09,27.8,55,0
10/09/2026 10:09,27.9,55,0
10/09/2026 10:09,27.9,55,0
10/09/2026 10:09,27.9,55,0
10/09/2026 10:09,27.9,55,0
10/09/2026 10:09,27.9,55,0
10/09/2026 10:09,27.9,55,0
10/09/2026 10:09,27.9,55,0
10/09/2026 10:09,27.9,55,0
10/09/2026 10:09,27.9,55,0
10/09/2026 10:09,27.9,55,0
10/09/2026 10:09,27.8,55,0
10/09/2026 10:09,27.9,55,0
10/09/2026 10:09,27.9,55,0
10/09/2026 10:10,27.9,55,0
10/09/2026 10:10,28,54,0
10/09/2026 10:10,28,54,0
10/09/2026 10:10,28,54,0
10/09/2026 10:10,28,54,0
10/09/2026 10:10,28,54,0
10/09/2026 10:10,28,54,0
10/09/2026 10:10,28,54,0
10/09/2026 10:10,28,54,0
10/09/2026 10:10,28,54,0
10/09/2026 10:10,28,55,0
10/09/2026 10:10,28,55,0
10/09/2026 10:10,28,55,0
10/09/2026 10:10,28,55,0
10/09/2026 10:10,28,55,0
10/09/2026 10:10,28,55,0
10/09/2026 10:10,28,54,0
10/09/2026 10:10,28,55,0
10/09/2026 10:10,28,55,0
10/09/2026 10:10,28,55,0
10/09/2026 10:10,28,55,0
10/09/2026 10:10,28,54,0
10/09/2026 10:10,28,54,0
10/09/2026 10:10,28,54,0
10/09/2026 10:10,28,54,0.01
10/09/2026 10:10,28,54,0.02
10/09/2026 10:10,28,54,0
10/09/2026 10:10,28,54,0
10/09/2026 10:10,28,54,0
10/09/2026 10:10,28,54,0
10/09/2026 10:11,28,54,0
10/09/2026 10:11,28,54,0
10/09/2026 10:11,28,54,0
10/09/2026 10:11,28,54,0
10/09/2026 10:11,28,54,0
10/09/2026 10:11,28,54,0
10/09/2026 10:11,28,54,0.02
10/09/2026 10:11,28,54,0.01
10/09/2026 10:11,28,54,0
10/09/2026 10:11,28,54,0
10/09/2026 10:11,28,54,0
10/09/2026 10:11,28,54,0
10/09/2026 10:11,28,54,0
10/09/2026 10:11,28,54,0
10/09/2026 10:11,28,54,0
10/09/2026 10:11,28,54,0
10/09/2026 10:11,28,54,0
10/09/2026 10:11,28,54,0
10/09/2026 10:11,28,54,0
10/09/2026 10:11,28,54,0
10/09/2026 10:11,28,54,0
10/09/2026 10:11,28,54,0
10/09/2026 10:11,28,54,0
10/09/2026 10:11,28,54,0
10/09/2026 10:11,28,54,0
10/09/2026 10:11,28,54,0
10/09/2026 10:11,28,54,0
10/09/2026 10:11,28,54,0
10/09/2026 10:11,28,54,0
10/09/2026 10:12,28,54,0
10/09/2026 10:12,28,54,0
10/09/2026 10:12,28,54,0
10/09/2026 10:12,28,54,0
10/09/2026 10:12,28,54,0
10/09/2026 10:12,28,54,0
10/09/2026 10:12,28,54,0
10/09/2026 10:12,28,54,0
10/09/2026 10:12,28,54,0
10/09/2026 10:12,28,54,0
10/09/2026 10:12,28,54,0
10/09/2026 10:12,28,54,0
10/09/2026 10:12,28,54,0
10/09/2026 10:12,28,54,0
10/09/2026 10:12,28,54,0
10/09/2026 10:12,28,54,0
10/09/2026 10:12,28,54,0
10/09/2026 10:12,28,54,0
10/09/2026 10:12,28,54,0
10/09/2026 10:12,28,54,0
10/09/2026 10:12,28,54,0
10/09/2026 10:12,28,54,0
10/09/2026 10:12,28,54,0
10/09/2026 10:12,28,54,0
10/09/2026 10:12,28,54,0
10/09/2026 10:12,28,54,0
10/09/2026 10:12,28,54,0
10/09/2026 10:12,28,54,0
10/09/2026 10:12,28,54,0
10/09/2026 10:12,28,54,0
10/09/2026 10:13,28,54,0
10/09/2026 10:13,28,54,0
10/09/2026 10:13,28,54,0
10/09/2026 10:13,28,54,0
10/09/2026 10:13,28,54,0
10/09/2026 10:13,28,54,0
10/09/2026 10:13,28,54,0
10/09/2026 10:13,28,54,0
10/09/2026 10:13,28,55,0
10/09/2026 10:13,28,55,0
10/09/2026 10:13,28,55,0
10/09/2026 10:13,28,55,0
10/09/2026 10:13,28,55,0
10/09/2026 10:13,28,55,0
10/09/2026 10:13,28,55,0
10/09/2026 10:13,28,55,0
10/09/2026 10:13,28,55,0
10/09/2026 10:13,28,55,0
10/09/2026 10:13,28,55,0
10/09/2026 10:13,28,55,0
10/09/2026 10:13,28,55,0
10/09/2026 10:13,28,55,0
10/09/2026 10:13,28,55,0
10/09/2026 10:13,28,55,0
10/09/2026 10:13,28,55,0
10/09/2026 10:13,28,55,0
10/09/2026 10:13,28,55,0
10/09/2026 10:13,28,55,0
10/09/2026 10:13,28,55,0
10/09/2026 10:14,28,55,0
10/09/2026 10:14,28,55,0
10/09/2026 10:14,28,55,0
10/09/2026 10:14,28,55,0
10/09/2026 10:14,28,55,0
10/09/2026 10:14,28,55,0
10/09/2026 10:14,28,55,0
10/09/2026 10:14,28,55,0
10/09/2026 10:14,28,55,0
10/09/2026 10:14,28,55,0
10/09/2026 10:14,28,55,0
10/09/2026 10:14,28,55,0
10/09/2026 10:14,28,55,0
10/09/2026 10:14,28,55,0
10/09/2026 10:14,28,55,0
10/09/2026 10:14,28,55,0
10/09/2026 10:14,28,55,0
10/09/2026 10:14,28,55,0
10/09/2026 10:14,28,55,0
10/09/2026 10:14,28,55,0
10/09/2026 10:14,28,55,0
10/09/2026 10:14,28,55,0
10/09/2026 10:14,28,55,0
10/09/2026 10:14,28,55,0
10/09/2026 10:14,28,55,0
10/09/2026 10:14,28,55,0
10/09/2026 10:14,28,55,0
10/09/2026 10:14,28,55,0
10/09/2026 10:14,28,55,0
10/09/2026 10:14,28,55,0
10/09/2026 10:15,28,55,0
10/09/2026 10:15,27.9,56,0
10/09/2026 10:15,27.9,56,0
10/09/2026 10:15,27.9,56,0
10/09/2026 10:15,27.9,56,0
10/09/2026 10:15,27.9,56,0
10/09/2026 10:15,27.9,56,0
10/09/2026 10:15,27.9,56,0
10/09/2026 10:15,27.9,56,0
10/09/2026 10:15,27.9,56,0
10/09/2026 10:15,27.9,55,0
10/09/2026 10:15,27.9,55,0
10/09/2026 10:15,27.9,55,0
10/09/2026 10:15,27.9,55,0
10/09/2026 10:15,27.9,55,0
10/09/2026 10:15,27.9,55,0
10/09/2026 10:15,27.9,55,0
10/09/2026 10:15,27.9,55,0
10/09/2026 10:15,27.9,56,0
10/09/2026 10:15,27.9,56,0
10/09/2026 10:15,27.9,56,0
10/09/2026 10:15,27.9,56,0
10/09/2026 10:15,27.9,56,0
10/09/2026 10:15,27.9,56,0
10/09/2026 10:15,27.9,56,0
10/09/2026 10:15,27.9,56,0
10/09/2026 10:15,27.9,56,0
10/09/2026 10:15,27.9,56,0
10/09/2026 10:15,27.9,56,0
10/09/2026 10:15,28,55,0
10/09/2026 10:16,27.9,56,0
10/09/2026 10:16,28,55,0
10/09/2026 10:16,28,55,0
10/09/2026 10:16,28,55,0
10/09/2026 10:16,28,55,0
10/09/2026 10:16,28,55,0
10/09/2026 10:16,28,55,0
10/09/2026 10:16,27.9,56,0
10/09/2026 10:16,27.9,56,0
10/09/2026 10:16,27.9,56,0
10/09/2026 10:16,27.9,56,0
10/09/2026 10:16,27.9,56,0
10/09/2026 10:16,27.9,56,0
10/09/2026 10:16,27.9,56,0
10/09/2026 10:16,27.9,56,0
10/09/2026 10:16,27.9,56,0
10/09/2026 10:16,27.9,56,0
10/09/2026 10:16,27.9,56,0
10/09/2026 10:16,27.9,56,0
10/09/2026 10:16,27.9,56,0
10/09/2026 10:16,27.9,56,0
10/09/2026 10:16,27.9,56,0
10/09/2026 10:16,27.9,56,0
10/09/2026 10:16,27.9,56,0
10/09/2026 10:16,27.9,56,0
10/09/2026 10:16,27.9,56,0
10/09/2026 10:16,27.9,56,0
10/09/2026 10:16,27.9,55,0
10/09/2026 10:16,27.8,55,0
10/09/2026 10:17,27.9,55,0
10/09/2026 10:17,27.9,55,0
10/09/2026 10:17,27.8,55,0
10/09/2026 10:17,27.8,55,0
10/09/2026 10:17,27.8,55,0
10/09/2026 10:17,27.8,55,0
10/09/2026 10:17,27.8,55,0
10/09/2026 10:17,27.8,55,0
10/09/2026 10:17,27.8,55,0
10/09/2026 10:17,27.8,55,0
10/09/2026 10:17,27.8,55,0
10/09/2026 10:17,27.8,55,0
10/09/2026 10:17,27.8,55,0
10/09/2026 10:17,27.8,55,0
10/09/2026 10:17,27.8,55,0
10/09/2026 10:17,27.8,55,0
10/09/2026 10:17,27.8,55,0
10/09/2026 10:17,27.8,55,0
10/09/2026 10:17,27.8,55,0
10/09/2026 10:17,27.8,55,0
10/09/2026 10:17,27.8,55,0
10/09/2026 10:17,27.8,55,0
10/09/2026 10:17,27.8,55,0
10/09/2026 10:17,27.8,55,0
10/09/2026 10:17,27.8,55,0
10/09/2026 10:17,27.8,55,0
10/09/2026 10:17,27.8,55,0
10/09/2026 10:17,27.8,55,0
10/09/2026 10:17,27.8,55,0
10/09/2026 10:17,27.8,55,0
10/09/2026 10:18,27.8,55,0
10/09/2026 10:18,27.9,55,0
10/09/2026 10:18,27.8,55,0
10/09/2026 10:18,27.8,55,0
10/09/2026 10:18,27.8,55,0
10/09/2026 10:18,27.8,55,0
10/09/2026 10:18,27.8,55,0
10/09/2026 10:18,27.8,55,0
10/09/2026 10:18,27.8,55,0
10/09/2026 10:18,27.8,55,0
10/09/2026 10:18,27.8,55,0
10/09/2026 10:18,27.8,55,0
10/09/2026 10:18,27.8,55,0
10/09/2026 10:18,27.8,55,0
10/09/2026 10:18,27.8,55,0
10/09/2026 10:18,27.8,55,0
10/09/2026 10:18,27.8,55,0
10/09/2026 10:18,27.8,55,0
10/09/2026 10:18,27.8,55,0
10/09/2026 10:18,27.8,55,0
10/09/2026 10:18,27.8,55,0
10/09/2026 10:18,27.8,55,0
10/09/2026 10:18,27.8,55,0
10/09/2026 10:18,27.8,55,0
10/09/2026 10:18,27.8,55,0
10/09/2026 10:18,27.8,55,0
10/09/2026 10:18,27.8,55,0
10/09/2026 10:18,27.8,55,0
10/09/2026 10:18,27.8,55,0
10/09/2026 10:19,27.8,55,0
10/09/2026 10:19,27.8,55,0
10/09/2026 10:19,27.8,55,0
10/09/2026 10:19,27.8,55,0
10/09/2026 10:19,27.8,55,0
10/09/2026 10:19,27.8,55,0
10/09/2026 10:19,27.8,55,0
10/09/2026 10:19,27.8,55,0
10/09/2026 10:19,27.8,55,0
10/09/2026 10:19,27.8,55,0
10/09/2026 10:19,27.8,55,0
10/09/2026 10:19,27.8,55,0
10/09/2026 10:19,27.8,55,0
10/09/2026 10:19,27.8,55,0
10/09/2026 10:19,27.8,56,0
10/09/2026 10:19,27.8,56,0
10/09/2026 10:19,27.8,56,0
10/09/2026 10:19,27.8,56,0
10/09/2026 10:19,27.8,56,0
10/09/2026 10:19,27.8,56,0
10/09/2026 10:19,27.8,56,0
10/09/2026 10:19,27.8,56,0
10/09/2026 10:19,27.8,56,0
10/09/2026 10:19,27.8,56,0
10/09/2026 10:19,27.8,56,0
10/09/2026 10:19,27.8,56,0
10/09/2026 10:19,27.8,56,0
10/09/2026 10:19,27.8,56,0
10/09/2026 10:19,27.8,56,0
10/09/2026 10:19,27.8,56,0
10/09/2026 10:20,27.8,56,0
10/09/2026 10:20,27.8,56,0
10/09/2026 10:20,27.8,56,0
10/09/2026 10:20,27.8,56,0
10/09/2026 10:20,27.8,56,0
10/09/2026 10:20,27.8,56,0
10/09/2026 10:20,27.8,56,0
10/09/2026 10:20,27.8,56,0
10/09/2026 10:20,27.8,56,0
10/09/2026 10:20,27.8,56,0
10/09/2026 10:20,27.8,56,0
10/09/2026 10:20,27.8,56,0
10/09/2026 10:20,27.8,56,0
10/09/2026 10:20,27.8,56,0
10/09/2026 10:20,27.8,56,0
10/09/2026 10:20,27.8,56,0
10/09/2026 10:20,27.8,56,0
10/09/2026 10:20,27.8,56,0
10/09/2026 10:20,27.8,56,0
10/09/2026 10:20,27.8,56,0
10/09/2026 10:20,27.8,56,0
10/09/2026 10:20,27.8,56,0
10/09/2026 10:20,27.8,56,0
10/09/2026 10:20,27.8,56,0
10/09/2026 10:20,27.8,56,0
10/09/2026 10:20,27.8,56,0
10/09/2026 10:20,27.8,56,0
10/09/2026 10:20,27.8,56,0
10/09/2026 10:20,27.8,56,0
10/09/2026 10:20,27.8,56,0
10/09/2026 10:21,27.8,56,0
10/09/2026 10:21,27.8,56,0
10/09/2026 10:21,27.8,56,0
10/09/2026 10:21,27.8,56,0
10/09/2026 10:21,27.8,56,0
10/09/2026 10:21,27.8,56,0
10/09/2026 10:21,27.8,56,0
10/09/2026 10:21,27.8,56,0
10/09/2026 10:21,27.8,56,0
10/09/2026 10:21,27.8,56,0
10/09/2026 10:21,27.8,56,0
10/09/2026 10:21,27.9,56,0
10/09/2026 10:21,27.9,56,0
10/09/2026 10:21,27.8,56,0
10/09/2026 10:21,27.8,56,0
10/09/2026 10:21,27.9,56,0
10/09/2026 10:21,27.8,56,0
10/09/2026 10:21,27.8,56,0
10/09/2026 10:21,27.8,56,0
10/09/2026 10:21,27.8,56,0
10/09/2026 10:21,27.8,56,0
10/09/2026 10:21,27.8,56,0
10/09/2026 10:21,27.8,56,0
10/09/2026 10:21,27.8,56,0
10/09/2026 10:21,27.8,56,0
10/09/2026 10:21,27.8,56,0
10/09/2026 10:21,27.8,56,0
10/09/2026 10:21,27.8,56,0
10/09/2026 10:21,27.8,56,0
10/09/2026 10:22,27.8,56,0
10/09/2026 10:22,27.8,56,0
10/09/2026 10:22,27.8,56,0
10/09/2026 10:22,27.8,56,0
10/09/2026 10:22,27.8,56,0
10/09/2026 10:22,27.8,56,0
10/09/2026 10:22,27.7,56,0
10/09/2026 10:22,27.7,56,0
10/09/2026 10:22,27.8,56,0
10/09/2026 10:22,27.8,56,0
10/09/2026 10:22,27.8,56,0
10/09/2026 10:22,27.8,56,0
10/09/2026 10:22,27.8,56,0
10/09/2026 10:22,27.8,56,0
10/09/2026 10:22,27.8,56,0
10/09/2026 10:22,27.8,56,0
10/09/2026 10:22,27.8,56,0
10/09/2026 10:22,27.8,56,0
10/09/2026 10:22,27.8,56,0
10/09/2026 10:22,27.8,56,0
10/09/2026 10:22,27.8,56,0
10/09/2026 10:22,27.8,56,0
10/09/2026 10:22,27.8,56,0
10/09/2026 10:22,27.8,56,0
10/09/2026 10:22,27.8,56,0
10/09/2026 10:22,27.8,56,0
10/09/2026 10:22,27.8,56,0
10/09/2026 10:22,27.8,56,0
10/09/2026 10:22,27.8,56,0
10/09/2026 10:22,27.8,56,0
10/09/2026 10:23,27.8,56,0
10/09/2026 10:23,27.8,56,0
10/09/2026 10:23,27.8,56,0
10/09/2026 10:23,27.8,56,0
10/09/2026 10:23,27.8,56,0
10/09/2026 10:23,27.8,56,0
10/09/2026 10:23,27.8,56,0
10/09/2026 10:23,27.8,56,0
10/09/2026 10:23,27.8,56,0
10/09/2026 10:23,27.8,56,0
10/09/2026 10:23,27.8,56,0
10/09/2026 10:23,27.8,56,0
10/09/2026 10:23,27.8,56,0
10/09/2026 10:23,27.8,56,0
10/09/2026 10:23,27.8,56,0
10/09/2026 10:23,27.8,56,0
10/09/2026 10:23,27.8,56,0
10/09/2026 10:23,27.8,56,0
10/09/2026 10:23,27.8,56,0
10/09/2026 10:23,27.8,56,0
10/09/2026 10:23,27.8,56,0
10/09/2026 10:23,27.8,56,0
10/09/2026 10:23,27.8,56,0
10/09/2026 10:23,27.8,55,0
10/09/2026 10:23,27.8,55,0
10/09/2026 10:23,27.8,55,0
10/09/2026 10:23,27.8,55,0
10/09/2026 10:23,27.8,55,0
10/09/2026 10:23,27.8,55,0
10/09/2026 10:24,27.8,55,0
10/09/2026 10:24,27.8,55,0
10/09/2026 10:24,27.8,55,0
10/09/2026 10:24,27.8,55,0
10/09/2026 10:24,27.8,55,0
10/09/2026 10:24,27.8,55,0
10/09/2026 10:24,27.8,55,0
10/09/2026 10:24,27.8,55,0
10/09/2026 10:24,27.8,55,0
10/09/2026 10:24,27.8,55,0
10/09/2026 10:24,27.8,55,0
10/09/2026 10:24,27.8,55,0
10/09/2026 10:24,27.8,55,0
10/09/2026 10:24,27.8,55,0
10/09/2026 10:24,27.8,55,0
10/09/2026 10:24,27.8,55,0
10/09/2026 10:24,27.8,55,0
10/09/2026 10:24,27.8,55,0
10/09/2026 10:24,27.8,55,0
10/09/2026 10:24,27.8,55,0
10/09/2026 10:24,27.8,55,0
10/09/2026 10:24,27.8,55,0
10/09/2026 10:24,27.8,55,0
10/09/2026 10:24,27.8,55,0
10/09/2026 10:24,27.8,55,0
10/09/2026 10:24,27.8,55,0
10/09/2026 10:24,27.8,55,0
10/09/2026 10:24,27.8,55,0
10/09/2026 10:24,27.8,55,0
10/09/2026 10:24,27.8,55,0
10/09/2026 10:25,27.8,55,0
10/09/2026 10:25,27.8,55,0
10/09/2026 10:25,27.8,55,0
10/09/2026 10:25,27.8,55,0
10/09/2026 10:25,27.8,55,0
10/09/2026 10:25,27.8,55,0
10/09/2026 10:25,27.8,55,0
10/09/2026 10:25,27.8,55,0
10/09/2026 10:25,27.8,55,0
10/09/2026 10:25,27.8,55,0
10/09/2026 10:25,27.8,55,0
10/09/2026 10:25,27.8,55,0
10/09/2026 10:25,27.8,55,0
10/09/2026 10:25,27.8,55,0
10/09/2026 10:25,27.8,55,0
10/09/2026 10:25,27.8,55,0
10/09/2026 10:25,27.8,55,0
10/09/2026 10:25,27.8,55,0
10/09/2026 10:25,27.8,55,0
10/09/2026 10:25,27.8,55,0
10/09/2026 10:25,27.8,55,0
10/09/2026 10:25,27.8,55,0
10/09/2026 10:25,27.8,55,0
10/09/2026 10:25,27.8,55,0
10/09/2026 10:25,27.8,55,0
10/09/2026 10:25,27.8,55,0
10/09/2026 10:25,27.8,55,0
10/09/2026 10:25,27.8,55,0
10/09/2026 10:25,27.8,55,0
10/09/2026 10:25,27.8,55,0
10/09/2026 10:26,27.8,55,0
10/09/2026 10:26,27.8,55,0
10/09/2026 10:26,27.8,55,0
10/09/2026 10:26,27.8,55,0
10/09/2026 10:26,27.8,55,0
10/09/2026 10:26,27.8,55,0
10/09/2026 10:26,27.8,55,0
10/09/2026 10:26,27.8,55,0
10/09/2026 10:26,27.8,55,0
10/09/2026 10:26,27.8,55,0
10/09/2026 10:26,27.8,55,0
10/09/2026 10:26,27.8,55,0
10/09/2026 10:26,27.8,55,0
10/09/2026 10:26,27.8,55,0
10/09/2026 10:26,27.8,55,0
10/09/2026 10:26,27.8,55,0
10/09/2026 10:26,27.8,55,0
10/09/2026 10:26,27.8,55,0
10/09/2026 10:26,27.8,55,0
10/09/2026 10:26,27.8,55,0
10/09/2026 10:26,27.9,55,0
10/09/2026 10:26,27.8,55,0
10/09/2026 10:26,27.8,55,0
10/09/2026 10:26,27.9,55,0
10/09/2026 10:26,27.9,55,0
10/09/2026 10:26,27.9,55,0
10/09/2026 10:26,27.9,55,0
10/09/2026 10:26,27.9,55,0
10/09/2026 10:26,27.9,55,0
10/09/2026 10:27,27.9,55,0
10/09/2026 10:27,27.9,55,0
10/09/2026 10:27,27.9,55,0
10/09/2026 10:27,27.9,55,0
10/09/2026 10:27,27.8,55,0
10/09/2026 10:27,27.8,55,0
10/09/2026 10:27,27.8,55,0
10/09/2026 10:27,27.8,55,0
10/09/2026 10:27,27.8,55,0
10/09/2026 10:27,27.8,55,0
10/09/2026 10:27,27.8,55,0
10/09/2026 10:27,27.8,55,0
10/09/2026 10:27,27.8,55,0
10/09/2026 10:27,27.8,55,0
10/09/2026 10:27,27.8,55,0
10/09/2026 10:27,27.8,55,0
10/09/2026 10:27,27.8,55,0
10/09/2026 10:27,27.8,55,0
10/09/2026 10:27,27.9,55,0
10/09/2026 10:27,27.9,55,0
10/09/2026 10:27,27.9,55,0
10/09/2026 10:27,27.9,55,0
10/09/2026 10:27,27.9,55,0
10/09/2026 10:27,27.9,55,0
10/09/2026 10:27,27.9,55,0
10/09/2026 10:27,27.9,55,0
10/09/2026 10:27,27.9,55,0
10/09/2026 10:27,27.9,55,0
10/09/2026 10:27,27.9,55,0
10/09/2026 10:27,27.9,55,0
10/09/2026 10:28,27.9,55,0
10/09/2026 10:28,27.9,55,0
10/09/2026 10:28,27.9,55,0
10/09/2026 10:28,27.9,55,0
10/09/2026 10:28,27.9,55,0
10/09/2026 10:28,27.9,55,0
10/09/2026 10:28,27.9,55,0
10/09/2026 10:28,27.9,55,0
10/09/2026 10:28,27.9,55,0
10/09/2026 10:28,27.9,55,0
10/09/2026 10:28,28,54,0
10/09/2026 10:28,27.9,55,0
10/09/2026 10:28,28,54,0
10/09/2026 10:28,27.9,55,0
10/09/2026 10:28,27.9,55,0
10/09/2026 10:28,27.9,55,0
10/09/2026 10:28,27.9,55,0
10/09/2026 10:28,27.9,55,0
10/09/2026 10:28,27.9,55,0
10/09/2026 10:28,27.9,55,0
10/09/2026 10:28,27.9,55,0
10/09/2026 10:28,27.9,55,0
10/09/2026 10:28,27.9,55,0
10/09/2026 10:28,27.9,55,0
10/09/2026 10:28,27.9,55,0
10/09/2026 10:28,27.9,55,0
10/09/2026 10:28,27.9,55,0
10/09/2026 10:28,27.9,55,0
10/09/2026 10:28,27.9,55,0
10/09/2026 10:28,27.9,55,0
10/09/2026 10:29,27.9,55,0
10/09/2026 10:29,27.9,55,0
10/09/2026 10:29,27.9,55,0
10/09/2026 10:29,27.9,55,0
10/09/2026 10:29,27.9,55,0
10/09/2026 10:29,27.9,55,0
10/09/2026 10:29,27.9,55,0
10/09/2026 10:29,27.9,55,0
10/09/2026 10:29,27.9,55,0
10/09/2026 10:29,27.9,54,0
10/09/2026 10:29,27.9,54,0
10/09/2026 10:29,27.9,54,0
10/09/2026 10:29,27.9,54,0
10/09/2026 10:29,27.9,54,0
10/09/2026 10:29,27.9,54,0
10/09/2026 10:29,27.9,54,0
10/09/2026 10:29,27.9,54,0
10/09/2026 10:29,27.9,54,0
10/09/2026 10:29,27.9,54,0
10/09/2026 10:29,27.8,54,0
10/09/2026 10:29,27.8,54,0
10/09/2026 10:29,27.8,54,0
10/09/2026 10:29,27.7,54,0
10/09/2026 10:29,27.7,54,0
10/09/2026 10:29,27.7,54,0
10/09/2026 10:29,27.6,54,0
10/09/2026 10:29,27.6,54,0
10/09/2026 10:29,27.6,54,0
10/09/2026 10:29,27.6,54,0
10/09/2026 10:30,27.6,54,0
10/09/2026 10:30,27.6,54,0
10/09/2026 10:30,27.6,54,0
10/09/2026 10:30,27.6,54,0
10/09/2026 10:30,27.6,54,0
10/09/2026 10:30,27.6,54,0
10/09/2026 10:30,27.6,54,0
10/09/2026 10:30,27.6,54,0
10/09/2026 10:30,27.6,54,0
10/09/2026 10:30,27.6,54,0
10/09/2026 10:30,27.6,54,0
10/09/2026 10:30,27.6,54,0
10/09/2026 10:30,27.6,54,0
10/09/2026 10:30,27.6,54,0
10/09/2026 10:30,27.6,54,0
10/09/2026 10:30,27.6,54,0
10/09/2026 10:30,27.6,54,0
10/09/2026 10:30,27.6,54,0
10/09/2026 10:30,27.6,54,0
10/09/2026 10:30,27.6,54,0
10/09/2026 10:30,27.6,54,0
10/09/2026 10:30,27.6,54,0
10/09/2026 10:30,27.6,54,0
10/09/2026 10:30,27.6,54,0
10/09/2026 10:30,27.6,54,0
10/09/2026 10:30,27.6,54,0
10/09/2026 10:30,27.6,54,0
10/09/2026 10:30,27.6,54,0
10/09/2026 10:30,27.6,54,0
10/09/2026 10:30,27.6,54,0
10/09/2026 10:31,27.6,54,0
10/09/2026 10:31,27.6,54,0
10/09/2026 10:31,27.6,54,0
10/09/2026 10:31,27.6,54,0
10/09/2026 10:31,27.6,54,0
10/09/2026 10:31,27.6,54,0
10/09/2026 10:31,27.6,54,0
10/09/2026 10:31,27.6,54,0
10/09/2026 10:31,27.6,54,0
10/09/2026 10:31,27.6,54,0
10/09/2026 10:31,27.6,54,0
10/09/2026 10:31,27.6,54,0
10/09/2026 10:31,27.6,54,0
10/09/2026 10:31,27.6,54,0
10/09/2026 10:31,27.6,54,0
10/09/2026 10:31,27.6,54,0
10/09/2026 10:31,27.6,54,0
10/09/2026 10:31,27.6,54,0
10/09/2026 10:31,27.6,54,0
10/09/2026 10:31,27.6,54,0
10/09/2026 10:31,27.6,54,0
10/09/2026 10:31,27.6,54,0
10/09/2026 10:31,27.6,54,0
10/09/2026 10:31,27.6,54,0
10/09/2026 10:31,27.6,54,0
10/09/2026 10:31,27.6,54,0
10/09/2026 10:31,27.6,54,0
10/09/2026 10:31,27.6,54,0
10/09/2026 10:31,27.6,54,0
10/09/2026 10:32,27.6,54,0
10/09/2026 10:32,27.6,54,0
10/09/2026 10:32,27.6,54,0
10/09/2026 10:32,27.6,54,0
10/09/2026 10:32,27.6,54,0
10/09/2026 10:32,27.6,54,0
10/09/2026 10:32,27.6,54,0
10/09/2026 10:32,27.6,54,0
10/09/2026 10:32,27.6,54,0
10/09/2026 10:32,27.6,54,0
10/09/2026 10:32,27.6,54,0
10/09/2026 10:32,27.6,54,0
10/09/2026 10:32,27.6,54,0
10/09/2026 10:32,27.6,54,0
10/09/2026 10:32,27.6,54,0
10/09/2026 10:32,27.6,54,0
10/09/2026 10:32,27.6,54,0
10/09/2026 10:32,27.6,54,0
10/09/2026 10:32,27.6,54,0
10/09/2026 10:32,27.6,54,0
10/09/2026 10:32,27.6,54,0
10/09/2026 10:32,27.6,54,0
10/09/2026 10:32,27.6,54,0
10/09/2026 10:32,27.6,54,0
10/09/2026 10:32,27.6,54,0
10/09/2026 10:32,27.6,54,0
10/09/2026 10:32,27.6,54,0
10/09/2026 10:32,27.6,54,0
10/09/2026 10:32,27.6,54,0
10/09/2026 10:32,27.6,54,0
10/09/2026 10:33,27.6,54,0
10/09/2026 10:33,27.6,54,0
10/09/2026 10:33,27.6,54,0
10/09/2026 10:33,27.6,54,0
10/09/2026 10:33,27.6,54,0
10/09/2026 10:33,27.6,54,0
10/09/2026 10:33,27.6,54,0
10/09/2026 10:33,27.6,54,0
10/09/2026 10:33,27.6,54,0
10/09/2026 10:33,27.6,54,0
10/09/2026 10:33,27.6,54,0
10/09/2026 10:33,27.6,54,0
10/09/2026 10:33,27.6,54,0
10/09/2026 10:33,27.6,54,0
10/09/2026 10:33,27.6,54,0
10/09/2026 10:33,27.6,54,0
10/09/2026 10:33,27.6,54,0
10/09/2026 10:33,27.6,54,0
10/09/2026 10:33,27.6,54,0
10/09/2026 10:33,27.6,54,0
10/09/2026 10:33,27.6,54,0
10/09/2026 10:33,27.6,54,0
10/09/2026 10:33,27.6,54,0
10/09/2026 10:33,27.6,54,0
10/09/2026 10:33,27.6,54,0
10/09/2026 10:33,27.6,54,0
10/09/2026 10:33,27.6,54,0
10/09/2026 10:33,27.6,54,0
10/09/2026 10:33,27.6,54,0
10/09/2026 10:33,27.6,54,0
10/09/2026 10:34,27.6,54,0
10/09/2026 10:34,27.6,54,0
10/09/2026 10:34,27.6,54,0
10/09/2026 10:34,27.6,54,0
10/09/2026 10:34,27.6,54,0
10/09/2026 10:34,27.6,54,0
10/09/2026 10:34,27.6,54,0
10/09/2026 10:34,27.6,54,0
10/09/2026 10:34,27.6,54,0
10/09/2026 10:34,27.6,54,0
10/09/2026 10:34,27.6,54,0
10/09/2026 10:34,27.6,54,0
10/09/2026 10:34,27.6,54,0
10/09/2026 10:34,27.6,54,0
10/09/2026 10:34,27.6,54,0
10/09/2026 10:34,27.6,54,0
10/09/2026 10:34,27.6,54,0
10/09/2026 10:34,27.6,54,0
10/09/2026 10:34,27.6,54,0
10/09/2026 10:34,27.6,54,0
10/09/2026 10:34,27.6,54,0
10/09/2026 10:34,27.6,54,0
10/09/2026 10:34,27.6,54,0
10/09/2026 10:34,27.6,54,0
10/09/2026 10:34,27.6,54,0
10/09/2026 10:34,27.6,54,0
10/09/2026 10:34,27.6,54,0
10/09/2026 10:34,27.6,54,0
10/09/2026 10:34,27.6,54,0
10/09/2026 10:35,27.6,54,0
10/09/2026 10:35,27.6,54,0
10/09/2026 10:35,27.6,54,0
10/09/2026 10:35,27.6,54,0
10/09/2026 10:35,27.6,54,0
10/09/2026 10:35,27.6,54,0
10/09/2026 10:35,27.6,54,0
10/09/2026 10:35,27.6,54,0
10/09/2026 10:35,27.6,54,0
10/09/2026 10:35,27.6,54,0
10/09/2026 10:35,27.6,54,0
10/09/2026 10:35,27.6,54,0
10/09/2026 10:35,27.6,54,0
10/09/2026 10:35,27.6,54,0
10/09/2026 10:35,27.6,54,0
10/09/2026 10:35,27.6,54,0
10/09/2026 10:35,27.6,54,0
10/09/2026 10:35,27.6,54,0
10/09/2026 10:35,27.6,54,0
10/09/2026 10:35,27.6,54,0
10/09/2026 10:35,27.6,54,0
10/09/2026 10:35,27.6,54,0
10/09/2026 10:35,27.6,54,0
10/09/2026 10:35,27.6,54,0
10/09/2026 10:35,27.6,54,0
10/09/2026 10:35,27.6,54,0
10/09/2026 10:35,27.6,54,0
10/09/2026 10:35,27.6,54,0
10/09/2026 10:35,27.6,54,0
10/09/2026 10:35,27.6,54,0
10/09/2026 10:36,27.6,54,0
10/09/2026 10:36,27.6,54,0
10/09/2026 10:36,27.6,54,0
10/09/2026 10:36,27.6,54,0
10/09/2026 10:36,27.6,54,0
10/09/2026 10:36,27.6,53,0
10/09/2026 10:36,27.6,53,0
10/09/2026 10:36,27.6,53,0
10/09/2026 10:36,27.6,54,0
10/09/2026 10:36,27.7,54,0
10/09/2026 10:36,27.8,54,0
10/09/2026 10:36,27.8,54,0
10/09/2026 10:36,27.9,53,0
10/09/2026 10:36,27.9,53,0
10/09/2026 10:36,27.9,54,0
10/09/2026 10:36,27.9,54,0
10/09/2026 10:36,28,53,0
10/09/2026 10:36,28,53,0
10/09/2026 10:36,28,53,0
10/09/2026 10:36,28,53,0
10/09/2026 10:36,28,53,0
10/09/2026 10:36,28,53,0
10/09/2026 10:36,28,53,0
10/09/2026 10:36,28,53,0
10/09/2026 10:36,28,53,0
10/09/2026 10:36,28,53,0
10/09/2026 10:36,28,53,0
10/09/2026 10:36,28,53,0
10/09/2026 10:36,28,53,0
10/09/2026 10:37,28,53,0
10/09/2026 10:37,28,53,0
10/09/2026 10:37,28,53,0
10/09/2026 10:37,28,53,0
10/09/2026 10:37,28,53,0
10/09/2026 10:37,28,53,0
10/09/2026 10:37,28,53,0
10/09/2026 10:37,28,53,0
10/09/2026 10:37,28,53,0
10/09/2026 10:37,28,53,0
10/09/2026 10:37,28,53,0
10/09/2026 10:37,28,53,0
10/09/2026 10:37,28,53,0
10/09/2026 10:37,28,53,0
10/09/2026 10:37,28,53,0
10/09/2026 10:37,28,53,0
10/09/2026 10:37,28,53,0
10/09/2026 10:37,28,53,0
10/09/2026 10:37,28,53,0
10/09/2026 10:37,28,53,0
10/09/2026 10:37,28,53,0
10/09/2026 10:37,28,53,0
10/09/2026 10:37,28,53,0
10/09/2026 10:37,28,53,0
10/09/2026 10:37,28,53,0
10/09/2026 10:37,28,53,0
10/09/2026 10:37,28,53,0
10/09/2026 10:37,28,53,0
10/09/2026 10:37,28,52,0
10/09/2026 10:37,28,52,0
10/09/2026 10:38,28,52,0
10/09/2026 10:38,28,52,0
10/09/2026 10:38,28,52,0
10/09/2026 10:38,28,52,0
10/09/2026 10:38,28,52,0
10/09/2026 10:38,28,52,0
10/09/2026 10:38,28,52,0
10/09/2026 10:38,28,52,0
10/09/2026 10:38,28,52,0
10/09/2026 10:38,28,52,0
10/09/2026 10:38,28,52,0
10/09/2026 10:38,28,52,0
10/09/2026 10:38,28,52,0
10/09/2026 10:38,28,52,0
10/09/2026 10:38,28,52,0
10/09/2026 10:38,28,52,0
10/09/2026 10:38,28,52,0
10/09/2026 10:38,28,52,0
10/09/2026 10:38,28,52,0
10/09/2026 10:38,28,52,0
10/09/2026 10:38,28,52,0
10/09/2026 10:38,28,52,0
10/09/2026 10:38,28,52,0
10/09/2026 10:38,28,52,0
10/09/2026 10:38,28,52,0
10/09/2026 10:38,28,52,0
10/09/2026 10:38,28,52,0
10/09/2026 10:38,28,52,0
10/09/2026 10:38,28,52,0
10/09/2026 10:38,28,52,0
10/09/2026 10:39,28,52,0
10/09/2026 10:39,28,52,0
10/09/2026 10:39,28,52,0
10/09/2026 10:39,28,52,0
10/09/2026 10:39,28,52,0
10/09/2026 10:39,28,52,0
10/09/2026 10:39,28,52,0
10/09/2026 10:39,28,52,0
10/09/2026 10:39,28,52,0
10/09/2026 10:39,28,52,0
10/09/2026 10:39,28,52,0
10/09/2026 10:39,28,52,0
10/09/2026 10:39,28,52,0
10/09/2026 10:39,28,52,0
10/09/2026 10:39,28,52,0
10/09/2026 10:39,28,52,0
10/09/2026 10:39,28,52,0
10/09/2026 10:39,28,52,0
10/09/2026 10:39,28,52,0
10/09/2026 10:39,28,52,0
10/09/2026 10:39,28,52,0
10/09/2026 10:39,28,52,0
10/09/2026 10:39,28,52,0
10/09/2026 10:39,28,52,0
10/09/2026 10:39,28,52,0
10/09/2026 10:39,28,52,0
10/09/2026 10:39,28,52,0
10/09/2026 10:39,28,52,0
10/09/2026 10:39,28,52,0
10/09/2026 10:40,28,52,0
10/09/2026 10:40,28,52,0
10/09/2026 10:40,28,52,0
10/09/2026 10:40,28,52,0
10/09/2026 10:40,28,52,0
10/09/2026 10:40,28,52,0
10/09/2026 10:40,28,52,0
10/09/2026 10:40,28,52,0
10/09/2026 10:40,28,52,0
10/09/2026 10:40,28,52,0
10/09/2026 10:40,28,52,0
10/09/2026 10:40,28,52,0
10/09/2026 10:40,28,52,0
10/09/2026 10:40,28,52,0
10/09/2026 10:40,28,52,0
10/09/2026 10:40,28,52,0
10/09/2026 10:40,28,52,0
10/09/2026 10:40,28,52,0
10/09/2026 10:40,28,52,0
10/09/2026 10:40,28,52,0
10/09/2026 10:40,28,52,0
10/09/2026 10:40,28,52,0
10/09/2026 10:40,28,52,0
10/09/2026 10:40,28,52,0
10/09/2026 10:40,28,52,0
10/09/2026 10:40,28,52,0
10/09/2026 10:40,28,52,0
10/09/2026 10:40,28,52,0
10/09/2026 10:40,28,52,0
10/09/2026 10:40,28,52,0
10/09/2026 10:41,28,52,0
10/09/2026 10:41,28,52,0
10/09/2026 10:41,28,52,0
10/09/2026 10:41,28,52,0
10/09/2026 10:41,28,52,0
10/09/2026 10:41,28,52,0
10/09/2026 10:41,28,52,0
10/09/2026 10:41,28,52,0
10/09/2026 10:41,28,52,0
10/09/2026 10:41,28,52,0
10/09/2026 10:41,28,52,0
10/09/2026 10:41,28,52,0
10/09/2026 10:41,28,52,0
10/09/2026 10:41,28,52,0
10/09/2026 10:41,28,52,0
10/09/2026 10:41,28,52,0
10/09/2026 10:41,28,52,0
10/09/2026 10:41,28,52,0
10/09/2026 10:41,28,52,0
10/09/2026 10:41,28,52,0
10/09/2026 10:41,28,52,0
10/09/2026 10:41,28,52,0
10/09/2026 10:41,28,52,0
10/09/2026 10:41,28,52,0
10/09/2026 10:41,28,52,0
10/09/2026 10:41,28,52,0
10/09/2026 10:41,28,52,0
10/09/2026 10:41,28,52,0
10/09/2026 10:41,28,52,0
10/09/2026 10:42,28,52,0
10/09/2026 10:42,28,52,0
10/09/2026 10:42,28,52,0
10/09/2026 10:42,28,52,0
10/09/2026 10:42,28,52,0
10/09/2026 10:42,28,52,0
10/09/2026 10:42,28,52,0
10/09/2026 10:42,28,52,0
10/09/2026 10:42,28,52,0
10/09/2026 10:42,28,52,0
10/09/2026 10:42,28,52,0
10/09/2026 10:42,28,52,0
10/09/2026 10:42,28,52,0
10/09/2026 10:42,28,52,0
10/09/2026 10:42,28,52,0
10/09/2026 10:42,28,52,0
10/09/2026 10:42,28,52,0
10/09/2026 10:42,28,52,0
10/09/2026 10:42,28,52,0
10/09/2026 10:42,28,52,0
10/09/2026 10:42,28,52,0
10/09/2026 10:42,28,52,0
10/09/2026 10:42,28,52,0
10/09/2026 10:42,28,52,0
10/09/2026 10:42,28,52,0
10/09/2026 10:42,28,52,0
10/09/2026 10:42,28,52,0
10/09/2026 10:42,28,52,0
10/09/2026 10:42,28,52,0
10/09/2026 10:42,28,52,0
10/09/2026 10:43,28,52,0
10/09/2026 10:43,28,52,0
10/09/2026 10:43,28,52,0
10/09/2026 10:43,28,52,0
10/09/2026 10:43,28,52,0
10/09/2026 10:43,28,52,0
10/09/2026 10:43,28,52,0
10/09/2026 10:43,28,52,0
10/09/2026 10:43,28,52,0
10/09/2026 10:43,28,52,0
10/09/2026 10:43,28,52,0
10/09/2026 10:43,28,52,0
10/09/2026 10:43,28,52,0
10/09/2026 10:43,28,52,0
10/09/2026 10:43,28,52,0
10/09/2026 10:43,28,52,0
10/09/2026 10:43,28,52,0
10/09/2026 10:43,28,52,0
10/09/2026 10:43,28,52,0
10/09/2026 10:43,28,52,0
10/09/2026 10:43,28,52,0
10/09/2026 10:43,28,52,0
10/09/2026 10:43,28,52,0
10/09/2026 10:43,28,52,0
10/09/2026 10:43,28,52,0
10/09/2026 10:43,28,52,0
10/09/2026 10:43,28,52,0
10/09/2026 10:43,28,52,0
10/09/2026 10:43,28,52,0
10/09/2026 10:43,28,52,0
10/09/2026 10:44,28,52,0
10/09/2026 10:44,28,52,0
10/09/2026 10:44,28,52,0
10/09/2026 10:44,28,52,0
10/09/2026 10:44,28,52,0
10/09/2026 10:44,28,52,0
10/09/2026 10:44,28,51,0
10/09/2026 10:44,28,51,0
10/09/2026 10:44,28,51,0
10/09/2026 10:44,28,51,0
10/09/2026 10:44,28,51,0
10/09/2026 10:44,28,51,0
10/09/2026 10:44,28,51,0
10/09/2026 10:44,28,51,0
10/09/2026 10:44,28,51,0
10/09/2026 10:44,28,51,0
10/09/2026 10:44,28,51,0
10/09/2026 10:44,28,51,0
10/09/2026 10:44,28,51,0
10/09/2026 10:44,28,51,0
10/09/2026 10:44,28,51,0
10/09/2026 10:44,28,51,0
10/09/2026 10:44,28,51,0
10/09/2026 10:44,28,51,0
10/09/2026 10:44,28,51,0
10/09/2026 10:44,28,51,0
10/09/2026 10:44,28,51,0
10/09/2026 10:44,28,51,0
10/09/2026 10:44,28,51,0
10/09/2026 10:45,28,51,0
10/09/2026 10:45,28,51,0
10/09/2026 10:45,28,51,0
10/09/2026 10:45,28,51,0
10/09/2026 10:45,28,51,0
10/09/2026 10:45,28,51,0
10/09/2026 10:45,28,51,0
10/09/2026 10:45,28,51,0
10/09/2026 10:45,28,51,0
10/09/2026 10:45,28,51,0.12
10/09/2026 10:45,28,51,0.06
10/09/2026 10:45,28,51,0.06
10/09/2026 10:45,28,51,0.06
10/09/2026 10:45,28,51,0.06
10/09/2026 10:45,28,51,0.06
10/09/2026 10:45,28,51,0.06
10/09/2026 10:45,28,51,0.06
10/09/2026 10:45,28,51,0.06
10/09/2026 10:45,28,51,0.06
10/09/2026 10:45,28,51,0.06
10/09/2026 10:45,28,50,0.06
10/09/2026 10:45,28,50,0.06
10/09/2026 10:45,28,50,0.06
10/09/2026 10:45,28,50,0.06
10/09/2026 10:45,28,50,0.06
10/09/2026 10:45,28,50,0.06
10/09/2026 10:45,28,50,0.06
10/09/2026 10:45,28,50,0.06
10/09/2026 10:45,28,50,0.05
10/09/2026 10:45,28,50,0.06
10/09/2026 10:46,28,50,0.06
10/09/2026 10:46,28,50,0.06
10/09/2026 10:46,28,50,0.06
10/09/2026 10:46,28,50,0.05
10/09/2026 10:46,28,50,0.05
10/09/2026 10:46,28,50,0.05
10/09/2026 10:46,28,50,0.06
10/09/2026 10:46,28,50,0.06
10/09/2026 10:46,28,50,0.05
10/09/2026 10:46,28,50,0.06
10/09/2026 10:46,28,50,0.05
10/09/2026 10:46,28,50,0.05
10/09/2026 10:46,28,50,0.05
10/09/2026 10:46,28,50,0.06
10/09/2026 10:46,28,50,0.06
10/09/2026 10:46,28,50,0.06
10/09/2026 10:46,28,50,0.05
10/09/2026 10:46,28,50,0.05
10/09/2026 10:46,28,50,0.06
10/09/2026 10:46,28,50,0.05
10/09/2026 10:46,28,50,0.06
10/09/2026 10:46,28,50,0.05
10/09/2026 10:46,28,50,0.05
10/09/2026 10:46,28,50,0.05
10/09/2026 10:46,28,50,0.06
10/09/2026 10:46,28,50,0.05
10/09/2026 10:46,28,50,0.06
10/09/2026 10:46,28,50,0.05
10/09/2026 10:46,28,50,0.05
10/09/2026 10:46,28,50,0.05
10/09/2026 10:47,28,50,0.05
10/09/2026 10:47,28,50,0.05
10/09/2026 10:47,28,50,0.06
10/09/2026 10:47,28,50,0.05
10/09/2026 10:47,28,50,0.05
10/09/2026 10:47,28,50,0.05
10/09/2026 10:47,28,50,0.06
10/09/2026 10:47,28,50,0.05
10/09/2026 10:47,28,50,0.05
10/09/2026 10:47,28,50,0.06
10/09/2026 10:47,28,50,0.05
10/09/2026 10:47,28,50,0.05
10/09/2026 10:47,28,50,0.05
10/09/2026 10:47,28,50,0.05
10/09/2026 10:47,28,50,0.05
10/09/2026 10:47,28,50,0.05
10/09/2026 10:47,28,50,0.05
10/09/2026 10:47,28,50,0.05
10/09/2026 10:47,28,50,0.05
10/09/2026 10:47,28,50,0.05
10/09/2026 10:47,28,50,0.05
10/09/2026 10:47,28,50,0.05
10/09/2026 10:47,28,50,0.05
10/09/2026 10:47,28,50,0.05
10/09/2026 10:47,28,50,0.05
10/09/2026 10:47,28,50,0.05
10/09/2026 10:47,28,50,0.06
10/09/2026 10:47,28,50,0.05
10/09/2026 10:47,28,50,0.05
10/09/2026 10:48,28,50,0.05
10/09/2026 10:48,28,50,0.05
10/09/2026 10:48,28,50,0.05
10/09/2026 10:48,28,50,0.06
10/09/2026 10:48,28,50,0.06
10/09/2026 10:48,28,50,0.05
10/09/2026 10:48,28,50,0.05
10/09/2026 10:48,28,50,0.05
10/09/2026 10:48,28,50,0.05
10/09/2026 10:48,28,50,0.05
10/09/2026 10:48,28,50,0.05
10/09/2026 10:48,28,50,0.05
10/09/2026 10:48,28,50,0.05
10/09/2026 10:48,28,50,0.05
10/09/2026 10:48,28,49,0.05
10/09/2026 10:48,28,49,0.05
10/09/2026 10:48,28,49,0.05
10/09/2026 10:48,28,49,0.05
10/09/2026 10:48,28,49,0.05
10/09/2026 10:48,28,49,0.05
10/09/2026 10:48,28,49,0.05
10/09/2026 10:48,28,49,0.05
10/09/2026 10:48,28,49,0.05
10/09/2026 10:48,28,49,0.05
10/09/2026 10:48,28,49,0.05
10/09/2026 10:48,28,49,0.05
10/09/2026 10:48,28,49,0.05
10/09/2026 10:48,28,49,0.05
10/09/2026 10:48,28,49,0.05
10/09/2026 10:48,28,49,0.05
10/09/2026 10:49,28,49,0.05
10/09/2026 10:49,28,49,0.05
10/09/2026 10:49,28,49,0.05
10/09/2026 10:49,28,49,0.05
10/09/2026 10:49,28,49,0.05
10/09/2026 10:49,28,49,0.05
10/09/2026 10:49,28,49,0.05
10/09/2026 10:49,28,49,0.05
10/09/2026 10:49,28,49,0.05
10/09/2026 10:49,28,49,0.05
10/09/2026 10:49,28,49,0.05
10/09/2026 10:49,28,49,0.05
10/09/2026 10:49,28,49,0.05
10/09/2026 10:49,28,49,0.05
10/09/2026 10:49,28,49,0.05
10/09/2026 10:49,28,49,0.05
10/09/2026 10:49,28,49,0.05
10/09/2026 10:49,28,49,0.05
10/09/2026 10:49,28,49,0.05
10/09/2026 10:49,28,49,0.05
10/09/2026 10:49,28,49,0.05
10/09/2026 10:49,28,49,0.04
10/09/2026 10:49,28,49,0.05
10/09/2026 10:49,28,49,0.05
10/09/2026 10:49,28,49,0.05
10/09/2026 10:49,28,49,0.05
10/09/2026 10:49,28,49,0.05
10/09/2026 10:49,28,49,0.05
10/09/2026 10:49,28,49,0.05
10/09/2026 10:50,28,49,0.05
10/09/2026 10:50,28,49,0.05
10/09/2026 10:50,28,49,0.05
10/09/2026 10:50,28,49,0.05
10/09/2026 10:50,28,49,0.05
10/09/2026 10:50,28,49,0.05
10/09/2026 10:50,28,49,0.05
10/09/2026 10:50,28,49,0.05
10/09/2026 10:50,28,49,0.05
10/09/2026 10:50,28,49,0.05
10/09/2026 10:50,28,49,0.05
10/09/2026 10:50,28,49,0.05
10/09/2026 10:50,28,49,0.05
10/09/2026 10:50,28,49,0.05
10/09/2026 10:50,28,49,0.05
10/09/2026 10:50,28,49,0.05
10/09/2026 10:50,28,49,0.05
10/09/2026 10:50,28,49,0.05
10/09/2026 10:50,28,49,0.05
10/09/2026 10:50,28,49,0.05
10/09/2026 10:50,28,49,0.05
10/09/2026 10:50,28,49,0.05
10/09/2026 10:50,28,49,0.05
10/09/2026 10:50,28,49,0.05
10/09/2026 10:50,28,49,0.05
10/09/2026 10:50,28,49,0.05
10/09/2026 10:50,28,49,0.05
10/09/2026 10:50,28,49,0.05
10/09/2026 10:50,28,49,0.05
10/09/2026 10:50,28,49,0.05
10/09/2026 10:51,28,49,0.05
10/09/2026 10:51,28,49,0.05
10/09/2026 10:51,28,49,0.05
10/09/2026 10:51,28,49,0.05
10/09/2026 10:51,28,49,0.05
10/09/2026 10:51,28,49,0.05
10/09/2026 10:51,28,49,0.05
10/09/2026 10:51,28,49,0.05
10/09/2026 10:51,28,49,0.04
10/09/2026 10:51,28,49,0.05
10/09/2026 10:51,28,49,0.05
10/09/2026 10:51,28,49,0.05
10/09/2026 10:51,28,49,0.05
10/09/2026 10:51,28,49,0.05
10/09/2026 10:51,28,49,0.05
10/09/2026 10:51,28,49,0.05
10/09/2026 10:51,28,49,0.05
10/09/2026 10:51,28,49,0.05
10/09/2026 10:51,28,49,0.05
10/09/2026 10:51,28,49,0.04
10/09/2026 10:51,28,49,0.05
10/09/2026 10:51,28,49,0.04
10/09/2026 10:51,28,49,0.05
10/09/2026 10:51,28,49,0.05
10/09/2026 10:51,28,49,0.05
10/09/2026 10:51,28,49,0.05
10/09/2026 10:51,28,49,0.05
10/09/2026 10:51,28,49,0.05
10/09/2026 10:51,28,49,0.05
10/09/2026 10:51,28,49,0.05
10/09/2026 10:52,28,49,0.05
10/09/2026 10:52,28,49,0.05
10/09/2026 10:52,28,49,0.05
10/09/2026 10:52,28,49,0.05
10/09/2026 10:52,28,49,0.05
10/09/2026 10:52,28,49,0.05
10/09/2026 10:52,28,49,0.05
10/09/2026 10:52,28,49,0.05
10/09/2026 10:52,28,49,0.04
10/09/2026 10:52,28,49,0.05
10/09/2026 10:52,28,49,0.04
10/09/2026 10:52,28,49,0.05
10/09/2026 10:52,28,49,0.05
10/09/2026 10:52,28,49,0.05
10/09/2026 10:52,28,49,0.05
10/09/2026 10:52,28,49,0.05
10/09/2026 10:52,28,49,0.04
10/09/2026 10:52,28,49,0.05
10/09/2026 10:52,28,49,0.05
10/09/2026 10:52,28,49,0.05
10/09/2026 10:52,28,49,0.05
10/09/2026 10:52,28,49,0.05
10/09/2026 10:52,28,49,0.05
10/09/2026 10:52,28,49,0.05
10/09/2026 10:52,28,49,0.05
10/09/2026 10:52,28,49,0.05
10/09/2026 10:52,28,49,0.05
10/09/2026 10:52,28,48,0.05
10/09/2026 10:52,28,48,0.05
10/09/2026 10:53,28,48,0.05
10/09/2026 10:53,28,48,0.05
10/09/2026 10:53,28,48,0.05
10/09/2026 10:53,28,48,0.05
10/09/2026 10:53,28,48,0.05
10/09/2026 10:53,28,48,0.05
10/09/2026 10:53,28,48,0.05
10/09/2026 10:53,28,48,0.05
10/09/2026 10:53,28,48,0.05
10/09/2026 10:53,28,48,0.05
10/09/2026 10:53,28,48,0.04
10/09/2026 10:53,28,48,0.05
10/09/2026 10:53,28,48,0.04
10/09/2026 10:53,28,48,0.05
10/09/2026 10:53,28,48,0.05
10/09/2026 10:53,28,48,0.05
10/09/2026 10:53,28,48,0.05
10/09/2026 10:53,28,48,0.05
10/09/2026 10:53,28,48,0.05
10/09/2026 10:53,28,48,0.05
10/09/2026 10:53,28,48,0.05
10/09/2026 10:53,28,48,0.05
10/09/2026 10:53,28,48,0.05
10/09/2026 10:53,28,48,0.04
10/09/2026 10:53,28,48,0.05
10/09/2026 10:53,28,48,0.05
10/09/2026 10:53,28,48,0.04
10/09/2026 10:53,28,48,0.05
10/09/2026 10:53,28,48,0.05
10/09/2026 10:53,28,48,0.05
10/09/2026 10:54,28,48,0.05
10/09/2026 10:54,28,48,0.05
10/09/2026 10:54,28,48,0.05
10/09/2026 10:54,28,48,0.05
10/09/2026 10:54,28,48,0.05
10/09/2026 10:54,28,48,0.05
10/09/2026 10:54,28,48,0.05
10/09/2026 10:54,28,48,0.05
10/09/2026 10:54,28,48,0.05
10/09/2026 10:54,28,48,0.05
10/09/2026 10:54,28.1,48,0.05
10/09/2026 10:54,28,48,0.05
10/09/2026 10:54,28,48,0.05
10/09/2026 10:54,28.1,48,0.05
10/09/2026 10:54,28.1,48,0.05
10/09/2026 10:54,28.1,48,0.05
10/09/2026 10:54,28,48,0.04
10/09/2026 10:54,28,48,0.05
10/09/2026 10:54,28,48,0.05
10/09/2026 10:54,28,48,0.05
10/09/2026 10:54,28,48,0.05
10/09/2026 10:54,28,48,0.05
10/09/2026 10:54,28,48,0.04
10/09/2026 10:54,28,48,0.05
10/09/2026 10:54,28,48,0.05
10/09/2026 10:54,28,48,0.05
10/09/2026 10:54,28,48,0.05
10/09/2026 10:54,28,48,0.05
10/09/2026 10:54,28,48,0.05
10/09/2026 10:55,28,48,0.05
10/09/2026 10:55,28,48,0.05
10/09/2026 10:55,28,48,0.05
10/09/2026 10:55,28,48,0.05
10/09/2026 10:55,28,48,0.05
10/09/2026 10:55,28,48,0.05
10/09/2026 10:55,28,48,0.05
10/09/2026 10:55,28,48,0.05
10/09/2026 10:55,28,48,0.05
10/09/2026 10:55,28,48,0.04
10/09/2026 10:55,28,48,0.04
10/09/2026 10:55,28,48,0.04
10/09/2026 10:55,28,48,0.05
10/09/2026 10:55,28,48,0.05
10/09/2026 10:55,28,48,0.04
10/09/2026 10:55,28.1,48,0.05
10/09/2026 10:55,28.1,48,0.05
10/09/2026 10:55,28.1,48,0.05
10/09/2026 10:55,28.1,48,0.05
10/09/2026 10:55,28.1,48,0.05
10/09/2026 10:55,28.1,48,0.05
10/09/2026 10:55,28.1,48,0.05
10/09/2026 10:55,28.1,48,0.05
10/09/2026 10:55,28.1,48,0.05
10/09/2026 10:55,28.1,48,0.05
10/09/2026 10:55,28.1,48,0.05
10/09/2026 10:55,28.1,48,0.05
10/09/2026 10:55,28.1,48,0.04
10/09/2026 10:55,28.1,48,0.05
10/09/2026 10:55,28.1,48,0.05
10/09/2026 10:56,28.1,48,0.05
10/09/2026 10:56,28.1,48,0.05
10/09/2026 10:56,28.1,48,0.05
10/09/2026 10:56,28.1,48,0.05
10/09/2026 10:56,28.1,48,0.04
10/09/2026 10:56,28.1,48,0.05
10/09/2026 10:56,28.1,48,0.05
10/09/2026 10:56,28.1,48,0.05
10/09/2026 10:56,28.1,48,0.04
10/09/2026 10:56,28,48,0.05
10/09/2026 10:56,28,48,0.04
10/09/2026 10:56,28,48,0.04
10/09/2026 10:56,28,48,0.05
10/09/2026 10:56,28,48,0.04
10/09/2026 10:56,28,48,0.04
10/09/2026 10:56,28,48,0.05
10/09/2026 10:56,28,48,0.04
10/09/2026 10:56,28,48,0.05
10/09/2026 10:56,28,48,0.05
10/09/2026 10:56,28,48,0.04
10/09/2026 10:56,28,48,0.04
10/09/2026 10:56,28,48,0.04
10/09/2026 10:56,28,48,0.05
10/09/2026 10:56,28,48,0.05
10/09/2026 10:56,28,48,0.05
10/09/2026 10:56,28,48,0.05
10/09/2026 10:56,28,48,0.05
10/09/2026 10:56,28,48,0.04
10/09/2026 10:56,28,48,0.05
10/09/2026 10:56,28,48,0.05
10/09/2026 10:57,28,48,0.04
10/09/2026 10:57,28,48,0.05
10/09/2026 10:57,28,48,0.05
10/09/2026 10:57,28,48,0.04
10/09/2026 10:57,28,48,0.05
10/09/2026 10:57,28,48,0.04
10/09/2026 10:57,28,48,0.05
10/09/2026 10:57,28,48,0.04
10/09/2026 10:57,28,48,0.05
10/09/2026 10:57,28,48,0.05
10/09/2026 10:57,28,48,0.04
10/09/2026 10:57,28,48,0.05
10/09/2026 10:57,28,48,0.05
10/09/2026 10:57,28,48,0.04
10/09/2026 10:57,28,48,0.05
10/09/2026 10:57,28,48,0.04
10/09/2026 10:57,28,48,0.05
10/09/2026 10:57,28,48,0.05
10/09/2026 10:57,28,48,0.04
10/09/2026 10:57,28,48,0.04
10/09/2026 10:57,28,48,0.05
10/09/2026 10:57,28,48,0.04
10/09/2026 10:57,28,48,0.05
10/09/2026 10:57,28,48,0.04
10/09/2026 10:57,28,48,0.04
10/09/2026 10:57,28,48,0.05
10/09/2026 10:57,28,48,0.05
10/09/2026 10:57,28,48,0.05
10/09/2026 10:57,28,48,0.04
10/09/2026 10:58,28,48,0.05
10/09/2026 10:58,28,48,0.05
10/09/2026 10:58,28,48,0.05
10/09/2026 10:58,28,48,0.05
10/09/2026 10:58,28,48,0.05
10/09/2026 10:58,28,48,0.04
10/09/2026 10:58,28,48,0.05
10/09/2026 10:58,28,48,0.04
10/09/2026 10:58,28,48,0.05
10/09/2026 10:58,28,48,0.05
10/09/2026 10:58,28,48,0.05
10/09/2026 10:58,28,48,0.04
10/09/2026 10:58,28,48,0.04
10/09/2026 10:58,28,48,0.04
10/09/2026 10:58,28,48,0.04
10/09/2026 10:58,28,48,0.05
10/09/2026 10:58,28,48,0.04
10/09/2026 10:58,28,48,0.04
10/09/2026 10:58,28,48,0.04
10/09/2026 10:58,28,48,0.04
10/09/2026 10:58,28,48,0.04
10/09/2026 10:58,28,48,0.04
10/09/2026 10:58,28,48,0.05
10/09/2026 10:58,28,48,0.05
10/09/2026 10:58,28,48,0.04
10/09/2026 10:58,28,48,0.05
10/09/2026 10:58,28,48,0.05
10/09/2026 10:58,28,48,0.05
10/09/2026 10:58,28,48,0.05
10/09/2026 10:58,28,48,0.04
10/09/2026 10:59,28,48,0.05
10/09/2026 10:59,28,48,0.04
10/09/2026 10:59,28,48,0.05
10/09/2026 10:59,28,48,0.05
10/09/2026 10:59,28,48,0.04
10/09/2026 10:59,28,48,0.05
10/09/2026 10:59,28,48,0.04
10/09/2026 10:59,28,48,0.04
10/09/2026 10:59,28,48,0.05
10/09/2026 10:59,28,48,0.05
10/09/2026 10:59,28,48,0.04
10/09/2026 10:59,28,48,0.05
10/09/2026 10:59,28,48,0.04
10/09/2026 10:59,28,48,0.05
10/09/2026 10:59,28,48,0.05
10/09/2026 10:59,28,48,0.04
10/09/2026 10:59,28,48,0.05
10/09/2026 10:59,28,48,0.04
10/09/2026 10:59,28.1,48,0.04
10/09/2026 10:59,28.1,48,0.04
10/09/2026 10:59,28.1,48,0.04
10/09/2026 10:59,28.3,48,0.05
10/09/2026 10:59,28.3,48,0.04
10/09/2026 10:59,28.4,48,0.05
10/09/2026 10:59,28.4,48,0.04
10/09/2026 10:59,28.4,48,0.04
10/09/2026 10:59,28.4,48,0.05
10/09/2026 10:59,28.5,48,0.04
10/09/2026 10:59,28.5,48,0.05
10/09/2026 10:59,28.5,48,0.05
10/09/2026 11:00,28.5,48,0.04
10/09/2026 11:00,28.5,48,0.04
10/09/2026 11:00,28.5,48,0.05
10/09/2026 11:00,28.5,48,0.05
10/09/2026 11:00,28.5,48,0.05
10/09/2026 11:00,28.5,48,0.04
10/09/2026 11:00,28.5,48,0.05
10/09/2026 11:00,28.5,48,0.05
10/09/2026 11:00,28.5,48,0.05
10/09/2026 11:00,28.5,48,0.04
10/09/2026 11:00,28.5,48,0.05
10/09/2026 11:00,28.5,48,0.05
10/09/2026 11:00,28.5,48,0.05
10/09/2026 11:00,28.5,48,0.05
10/09/2026 11:00,28.5,48,0.04
10/09/2026 11:00,28.5,48,0.04
10/09/2026 11:00,28.5,48,0.04
10/09/2026 11:00,28.5,48,0.04
10/09/2026 11:00,28.5,48,0.04
10/09/2026 11:00,28.5,48,0.04
10/09/2026 11:00,28.5,48,0.05
10/09/2026 11:00,28.5,48,0.04
10/09/2026 11:00,28.5,48,0.05
10/09/2026 11:00,28.5,48,0.05
10/09/2026 11:00,28.5,48,0.05
10/09/2026 11:00,28.5,48,0.05
10/09/2026 11:00,28.5,48,0.04
10/09/2026 11:00,28.5,48,0.05
10/09/2026 11:00,28.5,48,0.05
10/09/2026 11:01,28.5,48,0.05
10/09/2026 11:01,28.5,48,0.05
10/09/2026 11:01,28.5,48,0.04
10/09/2026 11:01,28.5,48,0.04
10/09/2026 11:01,28.5,48,0.04
10/09/2026 11:01,28.5,48,0.05
10/09/2026 11:01,28.5,48,0.05
10/09/2026 11:01,28.5,48,0.04
10/09/2026 11:01,28.5,48,0.05
10/09/2026 11:01,28.5,48,0.05
10/09/2026 11:01,28.5,48,0.04
10/09/2026 11:01,28.5,48,0.05
10/09/2026 11:01,28.5,48,0.04
10/09/2026 11:01,28.5,48,0.04
10/09/2026 11:01,28.5,48,0.04
10/09/2026 11:01,28.5,48,0.05
10/09/2026 11:01,28.5,48,0.04
10/09/2026 11:01,28.5,48,0.04
10/09/2026 11:01,28.5,48,0.04
10/09/2026 11:01,28.5,48,0.05
10/09/2026 11:01,28.5,48,0.05
10/09/2026 11:01,28.5,48,0.05
10/09/2026 11:01,28.5,48,0.04
10/09/2026 11:01,28.5,48,0.05
10/09/2026 11:01,28.5,48,0.05
10/09/2026 11:01,28.5,48,0.05
10/09/2026 11:01,28.5,48,0.05
10/09/2026 11:01,28.5,48,0.04
10/09/2026 11:01,28.5,48,0.05
10/09/2026 11:01,28.5,48,0.05
10/09/2026 11:02,28.5,48,0.05
10/09/2026 11:02,28.5,48,0.04
10/09/2026 11:02,28.5,48,0.05
10/09/2026 11:02,28.5,48,0.05
10/09/2026 11:02,28.5,48,0.05
10/09/2026 11:02,28.5,48,0.05
10/09/2026 11:02,28.5,48,0.05
10/09/2026 11:02,28.5,48,0.05
10/09/2026 11:02,28.5,48,0.04
10/09/2026 11:02,28.5,48,0.05
10/09/2026 11:02,28.5,48,0.05
10/09/2026 11:02,28.5,48,0.04
10/09/2026 11:02,28.5,48,0.04
10/09/2026 11:02,28.5,48,0.04
10/09/2026 11:02,28.5,48,0.05
10/09/2026 11:02,28.5,48,0.04
10/09/2026 11:02,28.5,48,0.05
10/09/2026 11:02,28.5,48,0.04
10/09/2026 11:02,28.5,48,0.04
10/09/2026 11:02,28.5,48,0.04
10/09/2026 11:02,28.5,48,0.04
10/09/2026 11:02,28.5,48,0.04
10/09/2026 11:02,28.5,48,0.04
10/09/2026 11:02,28.5,48,0.04
10/09/2026 11:02,28.5,48,0.05
10/09/2026 11:02,28.5,48,0.05
10/09/2026 11:02,28.5,48,0.05
10/09/2026 11:02,28.5,48,0.04
10/09/2026 11:02,28.5,48,0.05
10/09/2026 11:03,28.5,48,0.05
10/09/2026 11:03,28.5,48,0.04
10/09/2026 11:03,28.5,48,0.04
10/09/2026 11:03,28.5,48,0.04
10/09/2026 11:03,28.5,48,0.05
10/09/2026 11:03,28.5,48,0.05
10/09/2026 11:03,28.5,48,0.04
10/09/2026 11:03,28.5,48,0.04
10/09/2026 11:03,28.5,48,0.05
10/09/2026 11:03,28.5,48,0.04
10/09/2026 11:03,28.5,48,0.04
10/09/2026 11:03,28.5,48,0.05
10/09/2026 11:03,28.5,48,0.04
10/09/2026 11:03,28.5,48,0.04
10/09/2026 11:03,28.5,48,0.04
10/09/2026 11:03,28.5,48,0.04
10/09/2026 11:03,28.5,48,0.05
10/09/2026 11:03,28.5,48,0.04
10/09/2026 11:03,28.5,48,0.05
10/09/2026 11:03,28.5,48,0.25
10/09/2026 11:03,28.5,48,0.14
10/09/2026 11:03,28.5,48,0.14
10/09/2026 14:48,33.3,14,1.74
10/09/2026 14:48,33.3,14,1.26
10/09/2026 14:48,33.3,14,1.24
10/09/2026 14:48,33.4,14,1.23
10/09/2026 14:48,33.8,14,1.23
10/09/2026 14:48,33.8,14,1.23
10/09/2026 14:48,33.8,14,1.23
10/09/2026 14:48,33.8,14,1.25
10/09/2026 14:48,33.8,14,1.23
10/09/2026 14:48,33.8,14,1.24
10/09/2026 14:48,33.8,14,1.24
10/09/2026 14:48,33.8,14,1.24
10/09/2026 14:48,33.8,14,1.24
10/09/2026 14:48,34.2,14,1.23
10/09/2026 14:48,34.2,14,1.23
10/09/2026 14:48,34.2,14,1.22
10/09/2026 14:48,34.2,14,1.23
10/09/2026 14:48,34.2,14,1.23
10/09/2026 14:48,34.2,14,1.23
10/09/2026 14:48,34.2,14,1.23
10/09/2026 14:48,34.2,14,1.23
10/09/2026 14:48,34.2,14,1.23
10/09/2026 14:48,34.2,14,1.23
10/09/2026 14:48,34.1,14,1.23
10/09/2026 14:48,33.8,14,1.23
10/09/2026 14:48,33.8,14,1.23
10/09/2026 14:48,33.8,14,1.23
10/09/2026 14:48,33.8,14,1.23
10/09/2026 14:49,34.2,14,1.24
10/09/2026 14:49,34.2,14,1.23
10/09/2026 14:49,34.2,14,1.23
10/09/2026 14:49,34.2,14,1.23
10/09/2026 14:49,34.2,14,1.23
10/09/2026 14:49,34.2,14,1.25
10/09/2026 14:49,34.2,14,1.23
10/09/2026 14:49,34.2,14,1.23
10/09/2026 14:49,34.2,14,1.23
10/09/2026 14:49,34.2,14,1.22
10/09/2026 14:49,34.2,14,1.23
10/09/2026 14:49,34.2,14,1.25
10/09/2026 14:49,34.2,14,1.24
10/09/2026 14:49,34.2,14,1.22
10/09/2026 14:49,34.2,14,1.29
10/09/2026 14:49,34.2,14,1.29
10/09/2026 14:49,34.2,14,1.28
10/09/2026 14:49,33.8,14,1.26
10/09/2026 14:49,33.8,14,1.27
10/09/2026 14:49,33.8,14,1.26
10/09/2026 14:49,33.8,14,1.27
10/09/2026 14:49,33.8,14,1.26
10/09/2026 14:49,33.6,14,1.26
10/09/2026 14:49,33.3,14,1.25
10/09/2026 14:49,33.3,14,1.26
10/09/2026 14:49,33.3,14,1.26
10/09/2026 14:49,33.5,14,1.26
10/09/2026 14:49,33.5,14,1.26
10/09/2026 14:49,33.6,14,1.26
10/09/2026 14:49,33.8,14,1.26
10/09/2026 14:50,33.8,14,1.26
10/09/2026 14:50,33.8,14,1.25
10/09/2026 14:50,33.8,14,1.25
10/09/2026 14:50,33.8,14,1.26
10/09/2026 14:50,33.8,14,1.26
10/09/2026 14:50,33.8,14,1.25
10/09/2026 14:50,33.8,14,1.24
10/09/2026 14:50,33.8,14,1.24
10/09/2026 14:50,33.8,14,1.26
10/09/2026 14:50,33.8,14,1.26
10/09/2026 14:50,33.8,14,1.25
10/09/2026 14:50,33.8,14,1.27
10/09/2026 14:50,33.8,14,1.25
10/09/2026 14:50,33.8,14,1.24
10/09/2026 14:50,33.8,14,1.26
10/09/2026 14:50,33.8,14,1.27
10/09/2026 14:50,33.8,14,1.27
10/09/2026 14:50,33.8,14,1.28
10/09/2026 14:50,33.8,14,1.27
10/09/2026 14:50,33.8,14,1.27
10/09/2026 14:50,33.8,14,1.27
10/09/2026 14:50,33.8,14,1.27
10/09/2026 14:50,33.8,14,1.27
10/09/2026 14:50,33.8,14,1.27
10/09/2026 14:50,33.8,14,1.27
10/09/2026 14:50,33.8,14,1.27
10/09/2026 14:50,33.8,14,1.27
10/09/2026 14:50,33.8,14,1.27
10/09/2026 14:50,33.8,14,1.26
10/09/2026 14:51,33.8,14,1.27
10/09/2026 14:51,33.8,14,1.27
10/09/2026 14:51,33.8,14,1.27
10/09/2026 14:51,33.8,14,1.27
10/09/2026 14:51,33.8,14,1.27
10/09/2026 14:51,33.8,14,1.27
10/09/2026 14:51,33.9,14,1.27
10/09/2026 14:51,34.2,14,1.27
10/09/2026 14:51,34.2,14,1.27
10/09/2026 14:51,34.2,14,1.27
10/09/2026 14:51,34.2,14,1.27
10/09/2026 14:51,34.2,14,1.21
10/09/2026 14:51,34.2,14,1.28
10/09/2026 14:51,34.2,14,1.3
10/09/2026 14:51,34.2,14,1.26
10/09/2026 14:51,34.2,14,1.28
10/09/2026 14:51,34.2,14,1.28
10/09/2026 14:51,34.2,14,1.28
10/09/2026 14:51,34.2,14,1.28
10/09/2026 14:51,34.2,14,1.27
10/09/2026 14:51,34.2,14,1.27
10/09/2026 14:51,34.2,14,1.28
10/09/2026 14:51,34.3,14,1.27
10/09/2026 14:51,34.5,14,1.28
10/09/2026 14:51,34.6,14,1.28
10/09/2026 14:51,34.6,14,1.28
10/09/2026 14:51,34.6,14,1.28
10/09/2026 14:51,34.6,14,1.28
10/09/2026 14:51,34.7,14,1.28
10/09/2026 14:51,34.7,14,1.28
10/09/2026 14:52,34.7,14,1.28
10/09/2026 14:52,34.7,14,1.28
10/09/2026 14:52,34.7,14,1.28
10/09/2026 14:52,34.7,14,1.28
10/09/2026 14:52,34.7,14,1.28
10/09/2026 14:52,34.7,14,1.28
10/09/2026 14:52,34.7,14,1.28
10/09/2026 14:52,34.6,14,1.28
10/09/2026 14:52,34.5,14,1.28
10/09/2026 14:52,34.6,14,1.29
10/09/2026 14:52,34.6,14,1.28
10/09/2026 14:52,34.6,14,1.28
10/09/2026 14:52,34.6,14,1.28
10/09/2026 14:52,34.5,14,1.28
10/09/2026 14:52,34.6,14,1.28
10/09/2026 14:52,34.5,14,1.28
10/09/2026 14:52,34.2,14,1.28
10/09/2026 14:52,34.2,14,1.28
10/09/2026 14:52,34.2,14,1.28
10/09/2026 14:52,34.2,14,1.28
10/09/2026 14:52,34.2,14,1.28
10/09/2026 14:52,34.2,14,1.29
10/09/2026 14:52,34.2,14,1.28
10/09/2026 14:52,34.2,14,1.28
10/09/2026 14:52,34.3,14,1.28
10/09/2026 14:52,34.4,14,1.28
10/09/2026 14:52,34.5,14,1.28
10/09/2026 14:52,34.6,14,1.28
10/09/2026 14:52,34.7,14,1.28
10/09/2026 14:53,34.7,14,1.28
10/09/2026 14:53,34.7,14,1.28
10/09/2026 14:53,34.7,14,1.28
10/09/2026 14:53,34.7,14,1.28
10/09/2026 14:53,34.7,14,1.28
10/09/2026 14:53,34.7,14,1.28
10/09/2026 14:53,34.7,14,1.28
10/09/2026 14:53,34.7,14,1.28
10/09/2026 14:53,34.7,14,1.28
10/09/2026 14:53,34.7,14,1.28
10/09/2026 14:53,34.7,14,1.28
10/09/2026 14:53,34.7,14,1.28
10/09/2026 14:53,34.7,14,1.27
10/09/2026 14:53,34.7,14,1.28
10/09/2026 14:53,34.7,14,1.28
10/09/2026 14:53,34.7,14,1.27
10/09/2026 14:53,34.7,14,1.27
10/09/2026 14:53,34.7,14,1.27
10/09/2026 14:53,34.7,14,1.27
10/09/2026 14:53,34.7,14,1.27
10/09/2026 14:53,34.7,14,1.27
10/09/2026 14:53,34.7,14,1.27
10/09/2026 14:53,34.7,14,1.27
10/09/2026 14:53,34.7,14,1.27
10/09/2026 14:55,34.7,14,4.18
10/09/2026 14:55,34.7,14,1.48
10/09/2026 14:55,34.7,14,1.64
10/09/2026 14:55,34.7,14,0.73
10/09/2026 14:55,34.7,14,1.45
10/09/2026 14:55,34.7,14,0.41
10/09/2026 14:55,34.7,14,1.21
10/09/2026 14:55,34.6,14,4.29
10/09/2026 14:55,34.2,14,0.88
10/09/2026 14:55,34.2,14,3.02
10/09/2026 14:55,34.2,14,5
10/09/2026 14:55,34.2,14,0.22
10/09/2026 14:55,34.2,14,0.5
10/09/2026 14:55,34.2,14,2.64
10/09/2026 14:55,34.1,14,1.09
10/09/2026 14:55,33.8,14,5
10/09/2026 14:55,33.8,14,0.51
10/09/2026 14:55,33.8,14,0.89
10/09/2026 14:55,33.8,14,1.42
10/09/2026 14:56,33.8,14,1.26
10/09/2026 14:56,33.8,14,1.78
10/09/2026 14:56,33.8,14,0.25
10/09/2026 14:56,33.8,14,0
10/09/2026 14:56,33.8,14,0
10/09/2026 14:56,33.8,14,0
10/09/2026 14:56,33.8,14,0
10/09/2026 14:56,33.8,14,0
10/09/2026 14:56,33.8,14,0
10/09/2026 14:56,33.8,14,0
10/09/2026 14:56,33.8,14,0
10/09/2026 14:56,33.8,14,0
10/09/2026 14:56,33.8,14,0
10/09/2026 14:56,33.8,14,0
10/09/2026 14:56,33.8,14,0
10/09/2026 14:56,33.8,14,0
10/09/2026 14:56,33.8,14,0
10/09/2026 14:56,33.8,14,0
10/09/2026 14:56,33.8,14,0
10/09/2026 14:56,33.8,14,0
10/09/2026 14:56,34.1,14,0
10/09/2026 14:56,34.2,14,0
10/09/2026 14:56,34.2,14,0
10/09/2026 14:56,34.2,14,0
10/09/2026 14:56,34.2,14,0
10/09/2026 14:56,34.2,14,0
10/09/2026 14:56,34.1,14,0
10/09/2026 14:56,34,14,0
10/09/2026 14:56,33.8,14,0
10/09/2026 14:56,33.8,14,0
10/09/2026 14:57,33.8,14,0
10/09/2026 14:57,33.8,14,0
10/09/2026 14:57,33.8,14,0
10/09/2026 14:57,33.8,14,0
10/09/2026 14:57,33.8,14,0
10/09/2026 14:57,33.8,14,0
10/09/2026 14:57,33.8,14,0
10/09/2026 14:57,33.8,14,0
10/09/2026 14:57,33.8,14,0
10/09/2026 14:57,33.7,14,0
10/09/2026 14:57,33.5,14,0
10/09/2026 14:57,33.5,14,0
10/09/2026 14:57,33.5,14,0
10/09/2026 14:57,33.5,14,0
10/09/2026 14:57,33.7,14,0
10/09/2026 14:57,33.8,15,0
10/09/2026 14:57,33.6,15,0
10/09/2026 14:57,33.8,14,0
10/09/2026 14:57,33.8,15,0.07
10/09/2026 14:57,33.8,15,0
10/09/2026 14:57,33.8,14,0
10/09/2026 14:57,33.8,14,0
10/09/2026 14:57,33.8,15,0
10/09/2026 14:57,33.8,14,0
10/09/2026 14:57,33.8,14,0
10/09/2026 14:57,33.8,14,0
10/09/2026 14:57,33.8,14,0
10/09/2026 14:57,33.8,14,0
10/09/2026 14:57,34.2,14,0
10/09/2026 14:58,34.2,14,0
10/09/2026 14:58,34.2,14,0
10/09/2026 14:58,34.2,14,0
10/09/2026 14:58,34.2,14,0
10/09/2026 14:58,34.2,14,0
10/09/2026 14:58,34.2,14,0.04
10/09/2026 14:58,34.2,14,0.01
10/09/2026 14:58,34.2,14,0.01
10/09/2026 14:58,34.2,14,0
10/09/2026 14:58,34.2,14,0
10/09/2026 14:58,34.2,14,0
10/09/2026 14:58,34.3,14,0
10/09/2026 14:58,34.6,14,0
10/09/2026 14:58,34.6,14,0
10/09/2026 14:58,34.7,14,0
10/09/2026 14:58,34.7,14,0
10/09/2026 14:58,34.7,14,0
10/09/2026 14:58,34.7,14,0
10/09/2026 14:58,34.7,14,0
10/09/2026 14:58,34.7,14,0
10/09/2026 14:58,34.7,14,0
10/09/2026 14:58,34.7,14,0
10/09/2026 14:58,34.7,14,0.01
10/09/2026 14:58,34.7,14,0
10/09/2026 14:58,34.7,14,0.01
10/09/2026 14:58,34.7,14,0
10/09/2026 14:58,34.7,14,0
10/09/2026 14:58,34.7,14,0
10/09/2026 14:58,34.7,14,0
10/09/2026 14:58,34.7,14,0
10/09/2026 14:59,34.7,14,0
10/09/2026 14:59,34.7,14,0
10/09/2026 14:59,34.7,14,0
10/09/2026 14:59,34.7,14,0
10/09/2026 14:59,34.7,14,0
10/09/2026 14:59,34.7,14,0
10/09/2026 14:59,34.7,14,0
10/09/2026 14:59,34.7,14,0
10/09/2026 14:59,34.2,14,0
10/09/2026 14:59,34.2,14,0
10/09/2026 14:59,34.2,14,0
10/09/2026 14:59,34.2,14,0
10/09/2026 14:59,34.2,14,0
10/09/2026 14:59,34.2,14,0
10/09/2026 14:59,34.2,14,0
10/09/2026 14:59,34.2,14,0
10/09/2026 14:59,34.2,14,0
10/09/2026 14:59,34.2,14,0
10/09/2026 14:59,33.8,14,0
10/09/2026 14:59,33.8,14,0
10/09/2026 14:59,33.8,14,0
10/09/2026 14:59,33.8,14,0
10/09/2026 14:59,33.8,14,0
10/09/2026 14:59,33.8,14,0
10/09/2026 14:59,33.8,14,0
10/09/2026 14:59,33.8,14,0
10/09/2026 14:59,33.8,14,0
10/09/2026 14:59,33.8,14,0
10/09/2026 14:59,33.8,14,0
10/09/2026 14:59,33.8,14,0
10/09/2026 15:00,33.8,14,0
10/09/2026 15:00,33.8,14,0
10/09/2026 15:00,33.8,14,0
10/09/2026 15:00,33.8,14,0
10/09/2026 15:00,33.8,14,0
10/09/2026 15:00,33.8,14,0
10/09/2026 15:00,33.8,14,0
10/09/2026 15:00,33.8,14,0
10/09/2026 15:00,33.8,14,0
10/09/2026 15:00,33.8,14,0
10/09/2026 15:00,33.8,14,0
10/09/2026 15:00,33.8,14,0
10/09/2026 15:00,33.8,14,0
10/09/2026 15:00,33.8,14,0
10/09/2026 15:00,33.8,14,0
10/09/2026 15:00,34,14,0
10/09/2026 15:00,34.2,14,0
10/09/2026 15:00,34.2,14,0
10/09/2026 15:00,34.2,14,0
10/09/2026 15:00,34.2,14,0
10/09/2026 15:00,34.2,14,0
10/09/2026 15:00,34.2,14,0
10/09/2026 15:00,34.2,14,0
10/09/2026 15:00,34.2,14,0
10/09/2026 15:00,34.2,14,0
10/09/2026 15:00,34.2,14,0
10/09/2026 15:00,34.2,14,0
10/09/2026 15:00,34.2,14,0
10/09/2026 15:00,34.2,14,0
10/09/2026 15:01,34.2,14,0
10/09/2026 15:01,34.2,14,0
10/09/2026 15:01,34.2,14,0
10/09/2026 15:01,34.2,14,0
10/09/2026 15:01,34.2,14,0
10/09/2026 15:01,34.2,14,0
10/09/2026 15:01,34.2,14,0
10/09/2026 15:01,34.2,14,0
10/09/2026 15:01,34.2,14,0
10/09/2026 15:01,34.2,14,0
10/09/2026 15:01,34.2,14,0
10/09/2026 15:01,34.2,14,0
10/09/2026 15:01,34.2,14,0
10/09/2026 15:01,34.2,14,0
10/09/2026 15:01,34.2,14,0
10/09/2026 15:01,34.2,14,0
10/09/2026 15:01,34.3,14,0
10/09/2026 15:01,34.4,14,0
10/09/2026 15:01,34.4,14,0
10/09/2026 15:01,34.5,14,0
10/09/2026 15:01,34.6,14,0
10/09/2026 15:01,34.6,14,0
10/09/2026 15:01,34.5,14,0
10/09/2026 15:01,34.3,14,0
10/09/2026 15:01,34.2,14,0
10/09/2026 15:01,34.2,14,0
10/09/2026 15:01,34.2,14,0
10/09/2026 15:01,34.2,14,0
10/09/2026 15:01,34.2,14,0
10/09/2026 15:01,34.2,14,0
10/09/2026 15:02,34.2,14,0
10/09/2026 15:02,34.2,14,0
10/09/2026 15:02,34.2,14,0
10/09/2026 15:02,34.2,14,0
10/09/2026 15:02,34.2,14,0
10/09/2026 15:02,34.2,14,0
10/09/2026 15:02,34.2,14,0
10/09/2026 15:02,34.2,14,0
10/09/2026 15:02,34.2,14,0
10/09/2026 15:02,33.8,14,0
10/09/2026 15:02,33.8,14,0
10/09/2026 15:02,33.8,14,0
10/09/2026 15:02,33.8,14,0
10/09/2026 15:02,33.8,14,0
10/09/2026 15:02,33.8,14,0
10/09/2026 15:02,33.8,14,0
10/09/2026 15:02,33.8,14,0
10/09/2026 15:02,33.8,14,0
10/09/2026 15:02,33.8,14,0
10/09/2026 15:02,33.8,14,0
10/09/2026 15:02,33.8,14,0
10/09/2026 15:02,33.8,14,0
10/09/2026 15:02,33.8,14,0
10/09/2026 15:02,33.8,14,0
10/09/2026 15:02,33.8,14,0
10/09/2026 15:02,33.8,14,0
10/09/2026 15:02,33.8,14,0
10/09/2026 15:02,33.8,14,0
10/09/2026 15:02,33.8,14,0
10/09/2026 15:02,33.8,14,0
10/09/2026 15:03,33.8,14,0
10/09/2026 15:03,33.8,14,0
10/09/2026 15:03,33.8,14,0
10/09/2026 15:03,33.8,14,0
10/09/2026 15:03,33.8,14,0
10/09/2026 15:03,33.8,14,0
10/09/2026 15:03,33.8,15,0
10/09/2026 15:03,33.8,14,0
10/09/2026 15:03,33.8,14,0
10/09/2026 15:03,33.8,14,0
10/09/2026 15:03,33.8,14,0
10/09/2026 15:03,33.8,14,0
10/09/2026 15:03,33.8,14,0
10/09/2026 15:03,33.8,14,0
10/09/2026 15:03,33.8,14,0
10/09/2026 15:03,33.8,14,0
10/09/2026 15:03,33.8,14,0
10/09/2026 15:03,33.8,14,0
10/09/2026 15:03,33.8,14,0
10/09/2026 15:03,33.8,14,0
10/09/2026 15:03,33.8,14,0
10/09/2026 15:03,33.8,14,0
10/09/2026 15:03,33.8,14,0
10/09/2026 15:03,33.8,14,0
10/09/2026 15:03,33.7,14,0
10/09/2026 15:03,33.6,14,0
10/09/2026 15:03,33.4,14,0
10/09/2026 15:03,33.3,14,0
10/09/2026 15:03,33.3,14,0
10/09/2026 15:04,33.3,14,0
10/09/2026 15:04,33.3,14,0
10/09/2026 15:04,33.3,15,0
10/09/2026 15:04,33.3,14,0
10/09/2026 15:04,33.3,14,0
10/09/2026 15:04,33.3,14,0
10/09/2026 15:04,33.3,14,0
10/09/2026 15:04,33.3,15,0
10/09/2026 15:04,33.3,14,0
10/09/2026 15:04,33.3,14,0
10/09/2026 15:04,33.3,14,0
10/09/2026 15:04,33.3,14,0
10/09/2026 15:04,33.3,14,0
10/09/2026 15:04,33.3,14,0
10/09/2026 15:04,33.3,14,0
10/09/2026 15:04,33.3,14,0
10/09/2026 15:04,33.3,14,0
10/09/2026 15:04,33.3,14,0
10/09/2026 15:04,33.3,14,0
10/09/2026 15:04,33.3,14,0
10/09/2026 15:04,33.3,15,0
10/09/2026 15:04,33.3,15,0
10/09/2026 15:04,33.3,15,0
10/09/2026 15:04,33.3,15,0
10/09/2026 15:04,33.3,15,0
10/09/2026 15:04,33.3,15,0
10/09/2026 15:04,33.3,15,0
10/09/2026 15:04,33.3,15,0
10/09/2026 15:04,33.4,15,0
10/09/2026 15:04,33.6,15,0
10/09/2026 15:05,33.6,15,0
10/09/2026 15:05,33.7,14,0
10/09/2026 15:05,33.7,14,0
10/09/2026 15:05,33.7,14,0
10/09/2026 15:05,33.8,14,0
10/09/2026 15:05,33.7,14,0
10/09/2026 15:05,33.7,14,0
10/09/2026 15:05,33.7,14,0
10/09/2026 15:05,33.8,14,0
10/09/2026 15:05,33.8,14,0
10/09/2026 15:05,33.8,14,0
10/09/2026 15:05,33.8,14,0
10/09/2026 15:05,33.8,14,0
10/09/2026 15:05,33.8,14,0
10/09/2026 15:05,33.8,14,0
10/09/2026 15:05,33.8,14,0
10/09/2026 15:05,33.8,14,0
10/09/2026 15:05,33.8,14,0
10/09/2026 15:05,33.8,14,0
10/09/2026 15:05,33.8,14,0
10/09/2026 15:05,33.8,14,0
10/09/2026 15:05,33.8,14,0
10/09/2026 15:05,33.8,14,0
10/09/2026 15:05,33.8,14,0
10/09/2026 15:05,33.8,14,0
10/09/2026 15:05,33.8,14,0
10/09/2026 15:05,33.8,14,0
10/09/2026 15:05,33.8,14,0
10/09/2026 15:05,33.8,14,0
10/09/2026 15:06,33.8,14,0
10/09/2026 15:06,33.8,14,0
10/09/2026 15:06,33.8,14,0
10/09/2026 15:06,33.8,14,0
10/09/2026 15:06,33.8,14,0
10/09/2026 15:06,33.8,14,0
10/09/2026 15:06,33.8,14,0
10/09/2026 15:06,33.8,14,0
10/09/2026 15:06,33.8,14,0
10/09/2026 15:06,33.6,14,0
10/09/2026 15:06,33.6,14,0
10/09/2026 15:06,33.3,14,0
10/09/2026 15:06,33.3,14,0
10/09/2026 15:06,33.3,14,0
10/09/2026 15:06,33.3,14,0
10/09/2026 15:06,33.3,14,0
10/09/2026 15:06,33.3,15,0
10/09/2026 15:06,33.3,15,0
10/09/2026 15:06,33.5,15,0
10/09/2026 15:06,33.6,15,0
10/09/2026 15:06,33.7,15,0
10/09/2026 15:06,33.8,15,0
10/09/2026 15:06,33.8,16,0
10/09/2026 15:06,33.8,15,0
10/09/2026 15:06,33.8,14,0
10/09/2026 15:06,33.8,14,0
10/09/2026 15:06,33.8,14,0
10/09/2026 15:06,33.8,14,0
10/09/2026 15:06,33.8,14,0
10/09/2026 15:06,33.8,14,0
10/09/2026 15:07,33.8,14,0
10/09/2026 15:07,34.2,14,0
10/09/2026 15:07,34.2,14,0
10/09/2026 15:07,34.2,14,0
10/09/2026 15:07,34.2,14,0
10/09/2026 15:07,34.2,14,0
10/09/2026 15:07,34.2,14,0
10/09/2026 15:07,34.2,14,0
10/09/2026 15:07,34.2,14,0
10/09/2026 15:07,34.2,14,0
10/09/2026 15:07,34.2,14,0
10/09/2026 15:07,34.2,14,0
10/09/2026 15:07,34.6,14,0
10/09/2026 15:07,34.7,14,0
10/09/2026 15:07,34.7,14,0
10/09/2026 15:07,34.7,14,0
10/09/2026 15:07,34.7,14,0
10/09/2026 15:07,34.7,14,0
10/09/2026 15:07,34.7,14,0
10/09/2026 15:07,34.7,14,0
10/09/2026 15:07,34.7,14,0
10/09/2026 15:07,34.7,14,0
10/09/2026 15:07,34.7,14,0
10/09/2026 15:07,34.7,14,0
10/09/2026 15:07,34.7,14,0
10/09/2026 15:07,34.7,14,0
10/09/2026 15:07,34.7,14,0
10/09/2026 15:07,34.7,14,0
10/09/2026 15:07,34.7,14,0
10/09/2026 15:07,34.6,14,0
10/09/2026 15:08,34.4,14,0
10/09/2026 15:08,34.2,14,0
10/09/2026 15:08,34.2,14,0
10/09/2026 15:08,34.2,14,0
10/09/2026 15:08,34.2,14,0
10/09/2026 15:08,34.2,14,0
10/09/2026 15:08,34.2,14,0
10/09/2026 15:08,34.2,14,0
10/09/2026 15:08,34.2,14,0
10/09/2026 15:08,34.2,14,0
10/09/2026 15:08,34.2,14,0
10/09/2026 15:08,34.2,14,0
10/09/2026 15:08,34.2,14,0
10/09/2026 15:08,34.2,14,0
10/09/2026 15:08,34.2,14,0
10/09/2026 15:08,34.2,14,0
10/09/2026 15:08,34.1,14,0
10/09/2026 15:08,33.9,14,0
10/09/2026 15:08,33.9,14,0
10/09/2026 15:08,33.8,14,0
10/09/2026 15:08,33.8,14,0
10/09/2026 15:08,33.8,14,0
10/09/2026 15:08,33.8,14,0
10/09/2026 15:08,33.8,14,0
10/09/2026 15:08,33.8,14,0
10/09/2026 15:08,33.8,14,0
10/09/2026 15:08,33.8,14,0
10/09/2026 15:08,33.8,14,0
10/09/2026 15:08,33.8,14,0
10/09/2026 15:09,33.8,14,0
10/09/2026 15:09,33.8,14,0
10/09/2026 15:09,33.8,14,0
10/09/2026 15:09,33.8,14,0
10/09/2026 15:09,33.8,14,0
10/09/2026 15:09,33.8,14,0
10/09/2026 15:09,33.8,14,0
10/09/2026 15:09,33.8,14,0
10/09/2026 15:09,33.8,14,0
10/09/2026 15:09,33.8,14,0
10/09/2026 15:09,33.8,14,0
10/09/2026 15:09,33.8,14,0
10/09/2026 15:09,33.8,14,0
10/09/2026 15:09,33.8,14,0
10/09/2026 15:09,33.8,14,0
10/09/2026 15:09,33.8,14,0
10/09/2026 15:09,33.8,14,0
10/09/2026 15:09,33.8,14,0
10/09/2026 15:09,33.8,14,0
10/09/2026 15:09,33.8,14,0
10/09/2026 15:09,33.8,14,0
10/09/2026 15:09,33.8,14,0
10/09/2026 15:09,33.8,14,0
10/09/2026 15:09,33.8,14,0
10/09/2026 15:09,33.8,14,0
10/09/2026 15:09,33.8,14,0
10/09/2026 15:09,33.8,14,0
10/09/2026 15:09,33.6,14,0
10/09/2026 15:09,33.3,14,0
10/09/2026 15:09,33.3,14,0
10/09/2026 15:10,33.3,14,0
10/09/2026 15:10,33.3,14,0
10/09/2026 15:10,33.3,14,0
10/09/2026 15:10,33.3,14,0
10/09/2026 15:10,33.3,14,0
10/09/2026 15:10,33.3,14,0
10/09/2026 15:10,33.3,14,0
10/09/2026 15:10,33.3,14,0
10/09/2026 15:10,33.3,14,0
10/09/2026 15:10,33.3,14,0
10/09/2026 15:10,33.3,14,0
10/09/2026 15:10,33.3,14,0
10/09/2026 15:10,33.3,14,0
10/09/2026 15:10,33.3,14,0
10/09/2026 15:10,33.3,14,0
10/09/2026 15:10,33.3,14,0
10/09/2026 15:10,33.3,14,0
10/09/2026 15:10,33.3,14,0
10/09/2026 15:10,33.3,14,0
10/09/2026 15:10,33.3,14,0
10/09/2026 15:10,33.2,14,0
10/09/2026 15:10,32.8,15,0
10/09/2026 15:10,32.8,15,0
10/09/2026 15:10,32.8,16,0
10/09/2026 15:10,32.8,16,0
10/09/2026 15:10,32.8,15,0
10/09/2026 15:10,33,14,0
10/09/2026 15:10,33.2,14,0
10/09/2026 15:10,33.3,14,0
10/09/2026 15:11,33.3,14,0
10/09/2026 15:11,33.3,14,0
10/09/2026 15:11,33.3,14,0
10/09/2026 15:11,33.3,14,0
10/09/2026 15:11,33.3,14,0
10/09/2026 15:11,33.3,14,0
10/09/2026 15:11,33.3,14,0
10/09/2026 15:11,33.3,14,0
10/09/2026 15:11,33.3,14,0
10/09/2026 15:11,33.3,14,0
10/09/2026 15:11,33.3,14,0
10/09/2026 15:11,33.3,14,0
10/09/2026 15:11,33.3,14,0
10/09/2026 15:11,33.3,14,0
10/09/2026 15:11,33.3,14,0
10/09/2026 15:11,33.3,14,0
10/09/2026 15:11,33.3,14,0
10/09/2026 15:11,33.3,14,0
10/09/2026 15:11,33.3,14,0
10/09/2026 15:11,33.3,14,0
10/09/2026 15:11,33.3,14,0
10/09/2026 15:11,33.3,14,0
10/09/2026 15:11,33.3,14,0
10/09/2026 15:11,33.3,14,0
10/09/2026 15:11,33.3,14,0
10/09/2026 15:11,33.3,14,0
10/09/2026 15:11,33.3,14,0
10/09/2026 15:11,33.3,14,0
10/09/2026 15:11,33.3,14,0
10/09/2026 15:11,33.3,14,0
10/09/2026 15:12,33.3,14,0
10/09/2026 15:12,33.3,14,0
10/09/2026 15:12,33.3,14,0
10/09/2026 15:12,33.3,14,0
10/09/2026 15:12,33.3,14,0
10/09/2026 15:12,33.3,14,0
10/09/2026 15:12,33.3,14,0
10/09/2026 15:12,33.3,15,0
10/09/2026 15:12,33.3,15,0
10/09/2026 15:12,33.3,15,0
10/09/2026 15:12,33.3,15,0
10/09/2026 15:12,33.3,15,0
10/09/2026 15:12,33.3,15,0
10/09/2026 15:12,33.3,15,0
10/09/2026 15:12,33.3,15,0
10/09/2026 15:12,33.3,15,0
10/09/2026 15:12,33.3,15,0
10/09/2026 15:12,33.3,15,0
10/09/2026 15:12,33.3,15,0
10/09/2026 15:12,33.3,15,0
10/09/2026 15:12,33.3,15,0
10/09/2026 15:12,33.3,15,0
10/09/2026 15:12,33.3,15,0
10/09/2026 15:12,33.3,15,0
10/09/2026 15:12,33.3,15,0
10/09/2026 15:12,33.3,15,0
10/09/2026 15:12,33.3,15,0
10/09/2026 15:12,33.3,14,0
10/09/2026 15:12,33.3,15,0
10/09/2026 15:12,33.3,15,0
10/09/2026 15:13,33.3,15,0
10/09/2026 15:13,33.3,15,0
10/09/2026 15:13,33.3,15,0
10/09/2026 15:13,33.3,15,0
10/09/2026 15:13,33.3,15,0
10/09/2026 15:13,33.3,15,0
10/09/2026 15:13,33.3,15,0
10/09/2026 15:13,33.3,15,0
10/09/2026 15:13,33.3,15,0
10/09/2026 15:13,33.3,15,0
10/09/2026 15:13,33.3,15,0
10/09/2026 15:13,33.3,15,0
10/09/2026 15:13,33.3,15,0
10/09/2026 15:13,33.3,15,0
10/09/2026 15:13,33.3,15,0
10/09/2026 15:13,33.3,15,0
10/09/2026 15:13,33.3,15,0
10/09/2026 15:13,33.3,15,0
10/09/2026 15:13,33.3,15,0
10/09/2026 15:13,33.3,14,0
10/09/2026 15:13,33.3,14,0
10/09/2026 15:13,33.3,14,0
10/09/2026 15:13,33.3,14,0
10/09/2026 15:13,33.3,14,0
10/09/2026 15:13,33.3,15,0
10/09/2026 15:13,33.3,15,0
10/09/2026 15:13,33.3,14,0
10/09/2026 15:13,33.3,14,0
10/09/2026 15:13,33.3,14,0
10/09/2026 15:14,33.3,15,0
10/09/2026 15:14,33.3,15,0
10/09/2026 15:14,33.3,15,0
10/09/2026 15:14,33.3,14,0
10/09/2026 15:14,33.3,14,0
10/09/2026 15:14,33.3,14,0
10/09/2026 15:14,33.3,14,0
10/09/2026 15:14,33.3,14,0
10/09/2026 15:14,33.3,14,0
10/09/2026 15:14,33.3,15,0
10/09/2026 15:14,33.3,15,0
10/09/2026 15:14,33.3,14,0
10/09/2026 15:14,33.3,14,0
10/09/2026 15:14,33.3,15,0
10/09/2026 15:14,33.3,15,0
10/09/2026 15:14,33.3,15,0
10/09/2026 15:14,33.3,15,0
10/09/2026 15:14,33.3,14,0
10/09/2026 15:14,33.3,14,0
10/09/2026 15:14,33.3,14,0
10/09/2026 15:14,33.3,14,0
10/09/2026 15:14,33.3,14,0
10/09/2026 15:14,33.3,14,0
10/09/2026 15:14,33.3,14,0
10/09/2026 15:14,33.3,14,0
10/09/2026 15:14,33.3,15,0
10/09/2026 15:14,33.2,15,0
10/09/2026 15:14,32.8,15,0
10/09/2026 15:14,32.8,15,0
10/09/2026 15:14,32.8,16,0
10/09/2026 15:15,32.8,15,0
10/09/2026 15:15,32.8,16,0
10/09/2026 15:15,32.8,15,0
10/09/2026 15:15,32.8,16,0
10/09/2026 15:15,32.8,16,0
10/09/2026 15:15,32.8,16,0
10/09/2026 15:15,32.8,16,0
10/09/2026 15:15,32.8,16,0
10/09/2026 15:15,32.8,16,0
10/09/2026 15:15,32.8,16,0
10/09/2026 15:15,32.8,16,0
10/09/2026 15:15,32.8,16,0
10/09/2026 15:15,32.8,16,0
10/09/2026 15:15,32.8,16,0
10/09/2026 15:15,32.8,16,0
10/09/2026 15:15,32.8,16,0
10/09/2026 15:15,32.8,16,0
10/09/2026 15:15,32.8,17,0
10/09/2026 15:15,32.8,17,0
10/09/2026 15:15,32.8,16,0
10/09/2026 15:15,32.8,16,0
10/09/2026 15:15,32.8,17,0
10/09/2026 15:15,32.8,17,0
10/09/2026 15:15,32.8,17,0
10/09/2026 15:15,32.8,16,0
10/09/2026 15:15,32.8,16,0
10/09/2026 15:15,32.8,17,0
10/09/2026 15:15,32.8,16,0
10/09/2026 15:15,32.8,16,0
10/09/2026 15:15,32.8,16,0
10/09/2026 15:16,32.8,16,0
10/09/2026 15:16,32.8,16,0
10/09/2026 15:16,32.8,16,0
10/09/2026 15:16,32.8,16,0
10/09/2026 15:16,32.8,16,0
10/09/2026 15:16,32.8,16,0
10/09/2026 15:16,32.8,16,0
10/09/2026 15:16,32.8,16,0
10/09/2026 15:16,32.8,16,0
10/09/2026 15:16,32.9,16,0
10/09/2026 15:16,32.9,16,0
10/09/2026 15:16,33,15,0
10/09/2026 15:16,33,15,0
10/09/2026 15:16,32.9,16,0
10/09/2026 15:16,32.8,16,0
10/09/2026 15:16,32.8,16,0
10/09/2026 15:16,32.8,16,0
10/09/2026 15:16,32.8,16,0
10/09/2026 15:16,32.8,16,0
10/09/2026 15:16,33,15,0
10/09/2026 15:16,33,15,0
10/09/2026 15:16,33,15,0
10/09/2026 15:16,33.2,15,0
10/09/2026 15:16,33.2,15,0
10/09/2026 15:16,33.1,15,0
10/09/2026 15:16,32.9,16,0
10/09/2026 15:16,33,15,0
10/09/2026 15:16,33.2,15,0
10/09/2026 15:16,33.3,15,0
10/09/2026 15:17,33.3,15,0
10/09/2026 15:17,33.3,15,0
10/09/2026 15:17,33.3,15,0
10/09/2026 15:17,33.3,15,0
10/09/2026 15:17,33.3,15,0
10/09/2026 15:17,33.3,15,0
10/09/2026 15:17,33.3,15,0
10/09/2026 15:17,33.3,15,0
10/09/2026 15:17,33.3,15,0
10/09/2026 15:17,33.3,15,0
10/09/2026 15:17,33.3,15,0
10/09/2026 15:17,33.3,15,0
10/09/2026 15:17,33.3,15,0
10/09/2026 15:17,33.6,15,0
10/09/2026 15:17,33.8,15,0
10/09/2026 15:17,33.8,15,0
10/09/2026 15:17,33.8,15,0
10/09/2026 15:17,33.8,15,0
10/09/2026 15:17,33.8,15,0
10/09/2026 15:17,33.8,15,0
10/09/2026 15:17,33.8,15,0
10/09/2026 15:17,33.8,15,0
10/09/2026 15:17,33.8,15,0
10/09/2026 15:17,33.8,15,0
10/09/2026 15:17,33.8,15,0
10/09/2026 15:17,33.8,15,0
10/09/2026 15:17,34.2,15,0
10/09/2026 15:17,34.2,15,0
10/09/2026 15:17,34.2,15,0
10/09/2026 15:17,34.2,15,0
10/09/2026 15:18,34.2,15,0
10/09/2026 15:18,34.2,15,0
10/09/2026 15:18,34.2,15,0
10/09/2026 15:18,34.2,15,0
10/09/2026 15:18,34.2,15,0
10/09/2026 15:18,34.2,15,0
10/09/2026 15:18,34.2,14,0
10/09/2026 15:18,34.2,14,0
10/09/2026 15:18,34.2,14,0
10/09/2026 15:18,34.5,14,0
10/09/2026 15:18,34.7,14,0
10/09/2026 15:18,34.7,15,0
10/09/2026 15:18,34.7,14,0
10/09/2026 15:18,34.7,15,0
10/09/2026 15:18,34.7,14,0
10/09/2026 15:18,34.7,14,0
10/09/2026 15:18,34.7,15,0
10/09/2026 15:18,34.7,15,0
10/09/2026 15:18,34.7,14,0
10/09/2026 15:18,34.7,14,0
10/09/2026 15:18,34.7,14,0
10/09/2026 15:18,34.7,14,0
10/09/2026 15:18,34.7,14,0
10/09/2026 15:18,34.7,14,0
10/09/2026 15:18,34.7,14,0
10/09/2026 15:18,34.7,14,0
10/09/2026 15:18,34.7,14,0
10/09/2026 15:18,34.7,14,0
10/09/2026 15:18,34.7,14,0
10/09/2026 15:19,34.7,14,0
10/09/2026 15:19,34.6,14,0
10/09/2026 15:19,34.2,14,0
10/09/2026 15:19,34.2,14,0
10/09/2026 15:19,34.2,14,0
10/09/2026 15:19,34.2,14,0
10/09/2026 15:19,34.2,14,0
10/09/2026 15:19,34.2,14,0
10/09/2026 15:19,34.2,14,0
10/09/2026 15:19,34.2,14,0
10/09/2026 15:19,34.2,14,0
10/09/2026 15:19,34.2,14,0
10/09/2026 15:19,34.2,14,0
10/09/2026 15:19,34.2,14,0
10/09/2026 15:19,34,14,0
10/09/2026 15:19,33.8,14,0
10/09/2026 15:19,33.8,14,0
10/09/2026 15:19,33.8,14,0
10/09/2026 15:19,33.8,14,0
10/09/2026 15:19,34,14,0
10/09/2026 15:19,34.2,14,0
10/09/2026 15:19,34.2,14,0
10/09/2026 15:19,34.2,14,0
10/09/2026 15:19,34.2,14,0
10/09/2026 15:19,34.2,14,0
10/09/2026 15:19,34.2,14,0
10/09/2026 15:19,34.2,15,0
10/09/2026 15:19,34.2,15,0
10/09/2026 15:19,34.2,15,0
10/09/2026 15:19,34.2,15,0
10/09/2026 15:20,34.2,15,0
10/09/2026 15:20,34.2,15,0
10/09/2026 15:20,34.2,15,0
10/09/2026 15:20,34.2,15,0
10/09/2026 15:20,34.2,15,0
10/09/2026 15:20,34.2,14,0
10/09/2026 15:20,34.2,14,0
10/09/2026 15:20,34.2,14,0
10/09/2026 15:20,34.2,14,0
10/09/2026 15:20,34.2,14,0
10/09/2026 15:20,34.2,14,0
10/09/2026 15:20,34.2,14,0
10/09/2026 15:20,34.2,14,0
10/09/2026 15:20,34.2,14,0
10/09/2026 15:20,34.2,14,0
10/09/2026 15:20,34.2,14,0
10/09/2026 15:20,34.2,14,0
10/09/2026 15:20,34.2,14,0
10/09/2026 15:20,34.2,14,0
10/09/2026 15:20,34.2,14,0
10/09/2026 15:20,34.2,14,0
10/09/2026 15:20,34.2,14,0
10/09/2026 15:20,34.2,14,0
10/09/2026 15:20,34.2,14,0
10/09/2026 15:20,34.2,14,0
10/09/2026 15:20,34.2,14,0
10/09/2026 15:20,34.2,14,0
10/09/2026 15:20,34.2,14,0
10/09/2026 15:20,34.2,14,0
10/09/2026 15:20,34.2,14,0
10/09/2026 15:21,34.2,14,0
10/09/2026 15:21,34.2,14,0
10/09/2026 15:21,34.2,14,0
10/09/2026 15:21,34.2,14,0
10/09/2026 15:21,34.2,14,0
10/09/2026 15:21,34.2,14,0
10/09/2026 15:21,34.2,14,0
10/09/2026 15:21,34.2,14,0
10/09/2026 15:21,34.2,14,0
10/09/2026 15:21,34.2,14,0
10/09/2026 15:21,34.2,14,0
10/09/2026 15:21,34.2,14,0
10/09/2026 15:21,34.2,14,0
10/09/2026 15:21,34.2,14,0
10/09/2026 15:21,34.2,14,0
10/09/2026 15:21,34.2,14,0
10/09/2026 15:21,34.2,14,0
10/09/2026 15:21,34.2,14,0
10/09/2026 15:21,34.2,14,0
10/09/2026 15:21,34.2,14,0
10/09/2026 15:21,34.2,14,0
10/09/2026 15:21,34.2,14,0
10/09/2026 15:21,34.2,14,0
10/09/2026 15:21,34.2,14,0
10/09/2026 15:21,34.2,14,0
10/09/2026 15:21,34.2,14,0
10/09/2026 15:21,34.2,14,0
10/09/2026 15:21,34.2,14,0
10/09/2026 15:21,34.2,14,0
10/09/2026 15:22,34.2,14,0
10/09/2026 15:22,34.2,14,0
10/09/2026 15:22,34.2,14,0
10/09/2026 15:22,34.2,14,0
10/09/2026 15:22,34.2,14,0
10/09/2026 15:22,34.2,14,0
10/09/2026 15:22,34.1,14,0
10/09/2026 15:22,34.1,14,0
10/09/2026 15:22,34.2,14,0
10/09/2026 15:22,34.1,14,0
10/09/2026 15:22,34.1,14,0
10/09/2026 15:22,34.1,14,0
10/09/2026 15:22,34,14,0
10/09/2026 15:22,33.9,14,0
10/09/2026 15:22,34,14,0
10/09/2026 15:22,34,14,0
10/09/2026 15:22,34,14,0
10/09/2026 15:22,34,14,0
10/09/2026 15:22,34,14,0
10/09/2026 15:22,34.1,14,0
10/09/2026 15:22,34.1,14,0
10/09/2026 15:22,34.2,14,0
10/09/2026 15:22,34.2,14,0
10/09/2026 15:22,34.2,14,0
10/09/2026 15:22,34.2,14,0
10/09/2026 15:22,34.2,14,0
10/09/2026 15:22,34.1,14,0
10/09/2026 15:22,34,14,0
10/09/2026 15:22,34,14,0
10/09/2026 15:22,33.8,14,0
10/09/2026 15:23,33.8,14,0
10/09/2026 15:23,33.8,14,0
10/09/2026 15:23,33.8,14,0
10/09/2026 15:23,33.8,14,0
10/09/2026 15:23,33.8,14,0
10/09/2026 15:23,33.8,14,0
10/09/2026 15:23,33.8,14,0
10/09/2026 15:23,33.8,14,0
10/09/2026 15:23,33.8,14,0
10/09/2026 15:23,33.8,14,0
10/09/2026 15:23,33.8,14,0
10/09/2026 15:23,33.8,14,0
10/09/2026 15:23,33.8,14,0
10/09/2026 15:23,33.8,14,0
10/09/2026 15:23,33.8,14,0
10/09/2026 15:23,33.8,14,0
10/09/2026 15:23,33.8,14,0
10/09/2026 15:23,33.8,14,0
10/09/2026 15:23,33.8,14,0
10/09/2026 15:23,33.8,14,0
10/09/2026 15:23,33.8,14,0
10/09/2026 15:23,33.8,14,0
10/09/2026 15:23,33.8,14,0
10/09/2026 15:23,33.8,14,0
10/09/2026 15:23,33.8,14,0
10/09/2026 15:23,33.8,14,0
10/09/2026 15:23,33.8,14,0
10/09/2026 15:23,33.8,14,0
10/09/2026 15:23,33.8,14,0
10/09/2026 15:24,33.8,14,0
10/09/2026 15:24,33.8,14,0
10/09/2026 15:24,33.8,14,0
10/09/2026 15:24,33.8,14,0
10/09/2026 15:24,33.8,14,0
10/09/2026 15:24,33.8,14,0
10/09/2026 15:24,33.8,14,0
10/09/2026 15:24,34,14,0
10/09/2026 15:24,34.2,14,0
10/09/2026 15:24,34.2,14,0
10/09/2026 15:24,34.2,14,0
10/09/2026 15:24,34.2,14,0
10/09/2026 15:24,34.2,14,0
10/09/2026 15:24,34.2,14,0
10/09/2026 15:24,34.2,14,0
10/09/2026 15:24,34.2,14,0
10/09/2026 15:24,34.2,14,0
10/09/2026 15:24,34.2,14,0
10/09/2026 15:24,34.2,14,0
10/09/2026 15:24,34.2,14,0
10/09/2026 15:24,34.2,14,0
10/09/2026 15:24,34.2,14,0
10/09/2026 15:24,34.2,14,0
10/09/2026 15:24,34.2,14,0
10/09/2026 15:24,34.2,14,0
10/09/2026 15:24,34.2,14,0
10/09/2026 15:24,34.2,14,0
10/09/2026 15:24,34.2,14,0
10/09/2026 15:24,34.2,14,0
10/09/2026 15:24,34.2,14,0
10/09/2026 15:25,34.2,14,0
10/09/2026 15:25,34.2,14,0
10/09/2026 15:25,34.2,14,0
10/09/2026 15:25,34.2,14,0
10/09/2026 15:25,34.2,14,0
10/09/2026 15:25,34.2,14,0
10/09/2026 15:25,34.2,14,0
10/09/2026 15:25,34.2,14,0
10/09/2026 15:25,34.2,14,0
10/09/2026 15:25,34.2,14,0
10/09/2026 15:25,34.2,14,0
10/09/2026 15:25,34.2,14,0
10/09/2026 15:25,34.2,14,0
10/09/2026 15:25,34.2,14,0
10/09/2026 15:25,34.2,14,0
10/09/2026 15:25,34.2,14,0
10/09/2026 15:25,34.2,14,0
10/09/2026 15:25,34.2,14,0
10/09/2026 15:25,34.2,14,0
10/09/2026 15:25,34.2,14,0
10/09/2026 15:25,34.2,14,0
10/09/2026 15:25,34.2,14,0
10/09/2026 15:25,34.2,14,0
10/09/2026 15:25,34.2,14,0
10/09/2026 15:25,34.2,14,0
10/09/2026 15:25,34.2,14,0
10/09/2026 15:25,34.2,14,0
10/09/2026 15:25,34.2,14,0
10/09/2026 15:25,34.2,14,0
10/09/2026 15:25,34.2,14,0
10/09/2026 15:26,34.1,14,0
10/09/2026 15:26,34,14,0
10/09/2026 15:26,33.9,14,0
10/09/2026 15:26,33.8,14,0
10/09/2026 15:26,33.8,14,0
10/09/2026 15:26,33.8,14,0
10/09/2026 15:26,33.8,14,0
10/09/2026 15:26,33.8,14,0
10/09/2026 15:26,33.8,14,0
10/09/2026 15:26,33.8,14,0
10/09/2026 15:26,33.8,14,0
10/09/2026 15:26,33.8,14,0
10/09/2026 15:26,33.8,14,0
10/09/2026 15:26,33.8,14,0
10/09/2026 15:26,33.8,14,0
10/09/2026 15:26,33.8,14,0
10/09/2026 15:26,33.8,14,0
10/09/2026 15:26,33.8,14,0
10/09/2026 15:26,33.8,14,0
10/09/2026 15:26,33.8,14,0
10/09/2026 15:26,33.8,14,0
10/09/2026 15:26,33.8,14,0
10/09/2026 15:26,33.8,14,0
10/09/2026 15:26,33.8,14,0
10/09/2026 15:26,33.8,14,0
10/09/2026 15:26,33.8,14,0
10/09/2026 15:26,33.8,14,0
10/09/2026 15:26,33.8,14,0
10/09/2026 15:26,33.8,14,0
10/09/2026 15:27,33.8,14,0
10/09/2026 15:27,33.6,14,0
10/09/2026 15:27,33.3,14,0
10/09/2026 15:27,33.3,14,0
10/09/2026 15:27,33.3,14,0
10/09/2026 15:27,33.3,14,0
10/09/2026 15:27,33.3,14,0
10/09/2026 15:27,33.3,14,0
10/09/2026 15:27,33.3,15,0
10/09/2026 15:27,33.3,14,0
10/09/2026 15:27,33.3,14,0
10/09/2026 15:27,33.3,14,0
10/09/2026 15:27,33.3,14,0
10/09/2026 15:27,33.3,14,0
10/09/2026 15:27,33.3,14,0
10/09/2026 15:27,33.3,15,0
10/09/2026 15:27,33.3,14,0
10/09/2026 15:27,33.3,14,0
10/09/2026 15:27,33.3,14,0
10/09/2026 15:27,33.3,14,0
10/09/2026 15:27,33.3,14,0
10/09/2026 15:27,33.3,14,0
10/09/2026 15:27,33.3,14,0
10/09/2026 15:27,33.3,14,0
10/09/2026 15:27,33.3,14,0
10/09/2026 15:27,33.3,14,0
10/09/2026 15:27,33.3,14,0
10/09/2026 15:27,33.3,15,0
10/09/2026 15:27,33.3,14,0
10/09/2026 15:27,33.3,14,0
10/09/2026 15:28,33.3,14,0
10/09/2026 15:28,33.5,14,0
10/09/2026 15:28,33.6,14,0
10/09/2026 15:28,33.7,14,0
10/09/2026 15:28,33.7,14,0
10/09/2026 15:28,33.8,14,0
10/09/2026 15:28,33.8,14,0
10/09/2026 15:28,33.8,14,0
10/09/2026 15:28,33.8,14,0
10/09/2026 15:28,33.8,14,0
10/09/2026 15:28,33.8,14,0
10/09/2026 15:28,33.8,14,0
10/09/2026 15:28,33.8,14,0
10/09/2026 15:28,33.8,14,0
10/09/2026 15:28,33.8,14,0
10/09/2026 15:28,33.8,14,0
10/09/2026 15:28,33.8,14,0
10/09/2026 15:28,33.8,14,0
10/09/2026 15:28,33.8,14,0
10/09/2026 15:28,33.8,14,0
10/09/2026 15:28,33.8,14,0
10/09/2026 15:28,33.8,14,0
10/09/2026 15:28,33.8,14,0
10/09/2026 15:28,33.8,14,0
10/09/2026 15:28,33.8,14,0
10/09/2026 15:28,33.8,14,0
10/09/2026 15:28,33.8,14,0
10/09/2026 15:28,33.8,14,0
10/09/2026 15:28,33.8,14,0
10/09/2026 15:29,33.8,14,0
10/09/2026 15:29,33.8,14,0
10/09/2026 15:29,33.8,14,0
10/09/2026 15:29,33.8,14,0
10/09/2026 15:29,33.8,14,0
10/09/2026 15:29,33.8,14,0
10/09/2026 15:29,33.8,14,0
10/09/2026 15:29,33.8,14,0
10/09/2026 15:29,33.8,14,0
10/09/2026 15:29,33.8,14,0
10/09/2026 15:29,33.8,14,0
10/09/2026 15:29,33.8,14,0
10/09/2026 15:29,33.8,14,0
10/09/2026 15:29,33.8,14,0
10/09/2026 15:29,33.8,14,0
10/09/2026 15:29,33.8,14,0
10/09/2026 15:29,33.8,14,0
10/09/2026 15:29,33.8,14,0
10/09/2026 15:29,33.8,14,0
10/09/2026 15:29,33.8,14,0
10/09/2026 15:29,33.8,14,0
10/09/2026 15:29,33.8,14,0
10/09/2026 15:29,33.8,14,0
10/09/2026 15:29,33.8,14,0
10/09/2026 15:29,33.8,14,0
10/09/2026 15:29,33.8,14,0
10/09/2026 15:29,33.8,14,0
10/09/2026 15:29,33.8,14,0
10/09/2026 15:29,33.8,14,0
10/09/2026 15:29,33.8,14,0
10/09/2026 15:30,33.8,14,0
10/09/2026 15:30,33.8,14,0
10/09/2026 15:30,33.8,14,0
10/09/2026 15:30,33.8,14,0
10/09/2026 15:30,33.8,14,0
10/09/2026 15:30,33.8,14,0
10/09/2026 15:30,33.8,14,0
10/09/2026 15:30,33.8,14,0
10/09/2026 15:30,33.8,14,0
10/09/2026 15:30,33.8,14,0
10/09/2026 15:30,33.8,14,0
10/09/2026 15:30,33.8,14,0
10/09/2026 15:30,33.8,14,0
10/09/2026 15:30,33.8,14,0
10/09/2026 15:30,33.8,14,0
10/09/2026 15:30,33.8,14,0
10/09/2026 15:30,33.8,14,0
10/09/2026 15:30,33.8,14,0
10/09/2026 15:30,33.8,14,0
10/09/2026 15:30,33.8,14,0
10/09/2026 15:30,33.8,14,0
10/09/2026 15:30,33.8,14,0
10/09/2026 15:30,33.8,14,0
10/09/2026 15:30,33.8,14,0
10/09/2026 15:30,33.8,14,0
10/09/2026 15:30,33.8,14,0
10/09/2026 15:30,33.7,14,0
10/09/2026 15:30,33.5,14,0
10/09/2026 15:30,33.3,14,0
10/09/2026 15:30,33.3,14,0
10/09/2026 15:31,33.3,14,0
10/09/2026 15:31,33.3,14,0
10/09/2026 15:31,33.3,14,0
10/09/2026 15:31,33.3,14,0
10/09/2026 15:31,33.3,14,0
10/09/2026 15:31,33.3,14,0
10/09/2026 15:31,33.3,14,0
10/09/2026 15:31,33.3,14,0
10/09/2026 15:31,33.3,14,0
10/09/2026 15:31,33.3,14,0
10/09/2026 15:31,33.3,14,0
10/09/2026 15:31,33.3,14,0
10/09/2026 15:31,32.8,15,0
10/09/2026 15:31,32.8,15,0
10/09/2026 15:31,32.8,15,0
10/09/2026 15:31,32.8,15,0
10/09/2026 15:31,32.8,15,0
10/09/2026 15:31,32.8,15,0
10/09/2026 15:31,32.8,15,0
10/09/2026 15:31,32.8,16,0
10/09/2026 15:31,32.8,16,0
10/09/2026 15:31,32.8,16,0
10/09/2026 15:31,32.8,16,0
10/09/2026 15:31,32.8,16,0
10/09/2026 15:31,32.8,16,0
10/09/2026 15:31,32.8,16,0
10/09/2026 15:31,33,15,0
10/09/2026 15:31,33.2,14,0
10/09/2026 15:31,33.3,15,0
10/09/2026 15:32,33.3,14,0
10/09/2026 15:32,33.3,14,0
10/09/2026 15:32,33.3,14,0
10/09/2026 15:32,33.3,15,0
10/09/2026 15:32,33.3,14,0
10/09/2026 15:32,33.3,15,0
10/09/2026 15:32,33.3,15,0
10/09/2026 15:32,33.3,15,0
10/09/2026 15:32,33.3,14,0
10/09/2026 15:32,33.3,14,0
10/09/2026 15:32,33.3,15,0
10/09/2026 15:32,33.3,15,0
10/09/2026 15:32,33.3,15,0
10/09/2026 15:32,33.3,15,0
10/09/2026 15:32,33.3,15,0
10/09/2026 15:32,33.3,15,0
10/09/2026 15:32,33.3,15,0
10/09/2026 15:32,33.3,15,0
10/09/2026 15:32,33.3,15,0
10/09/2026 15:32,33.6,16,0
10/09/2026 15:32,33.8,16,0
10/09/2026 15:32,33.8,15,0
10/09/2026 15:32,33.8,15,0
10/09/2026 15:32,33.8,15,0
10/09/2026 15:32,33.8,15,0
10/09/2026 15:32,33.8,15,0
10/09/2026 15:32,33.8,15,0
10/09/2026 15:32,33.8,15,0
10/09/2026 15:32,33.8,15,0
10/09/2026 15:32,33.8,15,0
10/09/2026 15:33,33.8,15,0
10/09/2026 15:33,34,15,0
10/09/2026 15:33,34.2,14,0
10/09/2026 15:33,34.2,14,0
10/09/2026 15:33,34.2,14,0
10/09/2026 15:33,34.2,14,0
10/09/2026 15:33,34.2,14,0
10/09/2026 15:33,34.2,14,0
10/09/2026 15:33,34.2,14,0
10/09/2026 15:33,34.2,14,0
10/09/2026 15:33,34.2,14,0
10/09/2026 15:33,34.2,14,0
10/09/2026 15:33,34.2,14,0
10/09/2026 15:33,34.2,14,0
10/09/2026 15:33,34.2,14,0
10/09/2026 15:33,34.2,14,0
10/09/2026 15:33,34.2,14,0
10/09/2026 15:33,34.2,14,0
10/09/2026 15:33,34.2,14,0
10/09/2026 15:33,34.2,14,0
10/09/2026 15:33,34.2,14,0
10/09/2026 15:33,34.2,14,0
10/09/2026 15:33,34.2,14,0
10/09/2026 15:33,34.2,14,0
10/09/2026 15:33,34.2,14,0
10/09/2026 15:33,34.2,14,0
10/09/2026 15:33,34.2,14,0
10/09/2026 15:33,34.2,14,0
10/09/2026 15:33,34.2,14,0
10/09/2026 15:33,34.2,14,0
10/09/2026 15:34,34.2,14,0
10/09/2026 15:34,34.2,14,0
10/09/2026 15:34,34.2,14,0
10/09/2026 15:34,34.2,14,0
10/09/2026 15:34,34.2,14,0
10/09/2026 15:34,34.2,14,0
10/09/2026 15:34,34.2,14,0
10/09/2026 15:34,34.2,14,0
10/09/2026 15:34,34.2,14,0
10/09/2026 15:34,34.2,14,0
10/09/2026 15:34,34.2,14,0
10/09/2026 15:34,34.2,14,0
10/09/2026 15:34,34.2,14,0
10/09/2026 15:34,34.2,14,0
10/09/2026 15:34,34.2,14,0
10/09/2026 15:34,34.2,14,0
10/09/2026 15:34,34.2,14,0
10/09/2026 15:34,34.2,14,0
10/09/2026 15:34,34.2,14,0
10/09/2026 15:34,34.2,14,0
10/09/2026 15:34,34.2,14,0
10/09/2026 15:34,34.2,14,0
10/09/2026 15:34,34.2,14,0
10/09/2026 15:34,34.2,14,0
10/09/2026 15:34,34.2,14,0
10/09/2026 15:34,34.2,14,0
10/09/2026 15:34,34.2,14,0
10/09/2026 15:34,34.2,14,0
10/09/2026 15:34,34.2,14,0
10/09/2026 15:35,34.2,14,0
10/09/2026 15:35,34.2,14,0
10/09/2026 15:35,34.2,14,0
10/09/2026 15:35,34.2,14,0
10/09/2026 15:35,34.1,14,0
10/09/2026 15:35,33.9,14,0
10/09/2026 15:35,33.8,14,0
10/09/2026 15:35,33.8,14,0
10/09/2026 15:35,33.8,14,0
10/09/2026 15:35,33.8,14,0
10/09/2026 15:35,33.8,14,0
10/09/2026 15:35,33.8,14,0
10/09/2026 15:35,33.8,14,0
10/09/2026 15:35,33.8,14,0
10/09/2026 15:35,33.8,14,0
10/09/2026 15:35,33.8,14,0
10/09/2026 15:35,33.8,14,0
10/09/2026 15:35,33.8,14,0
10/09/2026 15:35,33.8,14,0
10/09/2026 15:35,33.8,14,0
10/09/2026 15:35,33.8,14,0
10/09/2026 15:35,33.8,14,0
10/09/2026 15:35,33.8,14,0
10/09/2026 15:35,33.8,14,0
10/09/2026 15:35,33.7,14,0
10/09/2026 15:35,33.6,14,0
10/09/2026 15:35,33.5,14,0
10/09/2026 15:35,33.4,14,0
10/09/2026 15:35,33.3,14,0
10/09/2026 15:35,33.3,14,0
10/09/2026 15:36,33.3,14,0
10/09/2026 15:36,33.3,14,0
10/09/2026 15:36,33.3,14,0
10/09/2026 15:36,33.3,14,0
10/09/2026 15:36,33.3,14,0
10/09/2026 15:36,33.3,14,0
10/09/2026 15:36,33.3,14,0
10/09/2026 15:36,33.3,14,0
10/09/2026 15:36,33.3,14,0
10/09/2026 15:36,33.3,14,0
10/09/2026 15:36,33.3,14,0
10/09/2026 15:36,33.3,14,0
10/09/2026 15:36,33.3,14,0
10/09/2026 15:36,33.3,14,0
10/09/2026 15:36,33.3,14,0
10/09/2026 15:36,33.3,14,0
10/09/2026 15:36,33.3,14,0
10/09/2026 15:36,33.3,14,0
10/09/2026 15:36,33.3,14,0
10/09/2026 15:36,33.3,14,0
10/09/2026 15:36,33.3,14,0
10/09/2026 15:36,33.3,14,0
10/09/2026 15:36,33.3,14,0
10/09/2026 15:36,33.3,15,0
10/09/2026 15:36,33.3,15,0
10/09/2026 15:36,33.3,14,0
10/09/2026 15:36,33.3,15,0
10/09/2026 15:36,33.3,14,0
10/09/2026 15:36,33.3,15,0
10/09/2026 15:37,33.3,14,0
10/09/2026 15:37,33.3,14,0
10/09/2026 15:37,33.3,14,0
10/09/2026 15:37,33.4,14,0
10/09/2026 15:37,33.7,14,0
10/09/2026 15:37,33.8,14,0
10/09/2026 15:37,33.8,14,0
10/09/2026 15:37,33.8,14,0
10/09/2026 15:37,33.8,14,0
10/09/2026 15:37,33.8,14,0
10/09/2026 15:37,33.8,14,0
10/09/2026 15:37,33.8,14,0
10/09/2026 15:37,33.8,14,0
10/09/2026 15:37,33.8,14,0
10/09/2026 15:37,33.8,14,0
10/09/2026 15:37,33.8,14,0
10/09/2026 15:37,33.8,14,0
10/09/2026 15:37,33.8,14,0
10/09/2026 15:37,33.8,14,0
10/09/2026 15:37,33.8,14,0
10/09/2026 15:37,33.8,14,0
10/09/2026 15:37,33.8,14,0
10/09/2026 15:37,33.8,14,0
10/09/2026 15:37,33.8,14,0
10/09/2026 15:37,33.8,14,0
11/09/2026 11:15,31.3,17,0
11/09/2026 11:15,31.3,17,0
11/09/2026 11:15,31.3,17,0
11/09/2026 11:15,31.3,17,0
11/09/2026 11:15,31.3,17,0
11/09/2026 11:15,31.3,17,0
11/09/2026 11:15,31.3,17,0
11/09/2026 11:15,31.3,17,0
11/09/2026 11:15,31.3,17,0
11/09/2026 11:15,31.3,17,0
11/09/2026 11:16,31.3,17,0
11/09/2026 11:16,31.3,17,0
11/09/2026 11:16,31.3,17,0
11/09/2026 11:16,31.3,18,0
11/09/2026 11:16,31.3,18,0
11/09/2026 11:16,31.3,18,0
11/09/2026 11:16,31.3,18,0
11/09/2026 11:16,31.3,18,0
11/09/2026 11:16,31.3,17,0
11/09/2026 11:16,31.3,17,0
11/09/2026 11:16,31.3,17,0
11/09/2026 11:16,31.4,17,0
11/09/2026 11:16,31.5,17,0
11/09/2026 11:16,31.6,17,0
11/09/2026 11:16,31.8,17,0
11/09/2026 11:16,31.8,17,0
11/09/2026 11:16,31.8,17,0
11/09/2026 11:16,31.8,17,0
11/09/2026 11:16,31.8,17,0
11/09/2026 11:16,31.8,17,0
11/09/2026 11:16,31.8,17,0
11/09/2026 11:16,31.8,17,0
11/09/2026 11:16,31.8,17,0
11/09/2026 11:16,31.8,17,0
11/09/2026 11:16,31.8,17,0
11/09/2026 11:16,31.8,17,0
11/09/2026 11:16,31.8,17,0
11/09/2026 11:16,31.8,17,0
11/09/2026 11:16,31.8,17,0
11/09/2026 11:16,31.8,17,0
11/09/2026 11:17,31.8,17,0
11/09/2026 11:17,31.8,17,0
11/09/2026 11:17,31.8,17,0
11/09/2026 11:17,31.8,17,0
11/09/2026 11:17,31.8,17,0
11/09/2026 11:17,31.8,17,0
11/09/2026 11:17,31.8,17,0
11/09/2026 11:17,31.8,17,0
11/09/2026 11:17,31.8,17,0
11/09/2026 11:17,31.8,17,0
11/09/2026 11:17,31.8,17,0
11/09/2026 11:17,31.8,17,0
11/09/2026 11:17,31.8,17,0
11/09/2026 11:17,31.8,17,0
11/09/2026 11:17,31.8,17,0
11/09/2026 11:17,31.8,17,0
11/09/2026 11:17,31.8,17,0
11/09/2026 11:17,31.8,17,0
11/09/2026 11:17,31.8,17,0
11/09/2026 11:17,31.8,17,0
11/09/2026 11:17,31.8,17,0
11/09/2026 11:17,31.8,17,0
11/09/2026 11:17,31.8,17,0
11/09/2026 11:17,31.8,17,0
11/09/2026 11:17,31.8,17,0
11/09/2026 11:17,31.8,17,0
11/09/2026 11:17,31.8,17,0
11/09/2026 11:17,31.8,17,0
11/09/2026 11:17,31.8,17,0
11/09/2026 11:17,31.8,17,0
11/09/2026 11:18,31.8,17,0
11/09/2026 11:18,31.8,17,0
11/09/2026 11:18,31.8,17,0
11/09/2026 11:18,31.8,17,0
11/09/2026 11:18,31.8,17,0
11/09/2026 11:18,31.8,17,0
11/09/2026 11:18,31.8,17,0
11/09/2026 11:18,31.8,17,0
11/09/2026 11:18,31.8,17,0
11/09/2026 11:18,31.8,17,0
11/09/2026 11:18,31.8,17,0
11/09/2026 11:18,31.8,17,0
11/09/2026 11:18,31.8,17,0
11/09/2026 11:18,31.8,17,0
11/09/2026 11:18,31.8,17,0
11/09/2026 11:18,31.8,17,0
11/09/2026 11:18,31.8,17,0
11/09/2026 11:18,31.8,17,0
11/09/2026 11:18,31.8,17,0
11/09/2026 11:18,31.8,17,0
11/09/2026 11:18,31.8,17,0
11/09/2026 11:18,31.8,17,0
11/09/2026 11:18,31.8,17,0
11/09/2026 11:18,31.8,17,0
11/09/2026 11:18,31.9,17,0
11/09/2026 11:18,31.9,17,0
11/09/2026 11:18,32,17,0
11/09/2026 11:18,32.1,17,0
11/09/2026 11:18,32.2,17,0
11/09/2026 11:19,32.2,17,0
11/09/2026 11:19,32.3,17,0
11/09/2026 11:19,32.3,17,0
11/09/2026 11:19,32.3,17,0
11/09/2026 11:19,32.3,17,0
11/09/2026 11:19,32.3,17,0
11/09/2026 11:19,32.3,17,0
11/09/2026 11:19,32.3,17,0
11/09/2026 11:19,32.3,17,0
11/09/2026 11:19,32.3,17,0
11/09/2026 11:19,32.3,17,0
11/09/2026 11:19,32.3,17,0
11/09/2026 11:19,32.3,17,0
11/09/2026 11:19,32.3,17,0
11/09/2026 11:19,32.3,17,0
11/09/2026 11:19,32.3,17,0
11/09/2026 11:19,32.3,17,0
11/09/2026 11:19,32.3,17,0
11/09/2026 11:19,32.3,17,0
11/09/2026 11:19,32.3,17,0
11/09/2026 11:19,32.3,17,0
11/09/2026 11:19,32.3,17,0
11/09/2026 11:19,32.3,17,0
11/09/2026 11:19,32.3,17,0
11/09/2026 11:19,32.3,17,0
11/09/2026 11:19,32.3,17,0
11/09/2026 11:19,32.3,17,0
11/09/2026 11:19,32.3,17,0
11/09/2026 11:19,32.3,17,0
11/09/2026 11:19,32.3,17,0
11/09/2026 11:20,32.3,17,0
11/09/2026 11:20,32.3,17,0
11/09/2026 11:20,32.3,17,0
11/09/2026 11:20,32.3,17,0
11/09/2026 11:20,32.3,17,0
11/09/2026 11:20,32.3,17,0
11/09/2026 11:20,32.3,17,0
11/09/2026 11:20,32.3,17,0
11/09/2026 11:20,32.3,17,0
11/09/2026 11:20,32.3,17,0
11/09/2026 11:20,32.3,17,0
11/09/2026 11:20,32.3,17,0
11/09/2026 11:20,32.3,17,0
11/09/2026 11:20,32.3,17,0
11/09/2026 11:20,32.3,17,0
11/09/2026 11:20,32.3,17,0
11/09/2026 11:20,32.3,17,0
11/09/2026 11:20,32.3,17,0
11/09/2026 11:20,32.3,17,0
11/09/2026 11:20,32.3,17,0
11/09/2026 11:20,32.3,17,0
11/09/2026 11:20,32.3,17,0
11/09/2026 11:20,32.3,17,0
11/09/2026 11:20,32.3,17,0
11/09/2026 11:20,32.3,17,0
11/09/2026 11:20,32.3,17,0
11/09/2026 11:20,32.3,17,0
11/09/2026 11:20,32.3,17,0
11/09/2026 11:20,32.3,17,0
11/09/2026 11:21,32.3,17,0
11/09/2026 11:21,32.3,17,0
11/09/2026 11:21,32.3,17,0
11/09/2026 11:21,32.3,17,0
11/09/2026 11:21,32.3,17,0
11/09/2026 11:21,32.3,17,0
11/09/2026 11:21,32.3,17,0
11/09/2026 11:21,32.3,17,0
11/09/2026 11:21,32.3,17,0
11/09/2026 11:21,32.3,17,0
11/09/2026 11:21,32.3,17,0
11/09/2026 11:21,32.3,17,0
11/09/2026 11:21,32.3,17,0
11/09/2026 11:21,32.3,17,0
11/09/2026 11:21,32.3,17,0
11/09/2026 11:21,32.3,17,0
11/09/2026 11:21,32.3,17,0
11/09/2026 11:21,32.3,17,0
11/09/2026 11:21,32.3,17,0
11/09/2026 11:21,32.3,17,0
11/09/2026 11:21,32.3,17,0
11/09/2026 11:21,32.3,17,0
11/09/2026 11:21,32.3,17,0
11/09/2026 11:21,32.3,17,0
11/09/2026 11:21,32.3,17,0
11/09/2026 11:21,32.3,17,0
11/09/2026 11:21,32.3,17,0
11/09/2026 11:21,32.3,17,0
11/09/2026 11:21,32.3,17,0
11/09/2026 11:21,32.3,17,0
11/09/2026 11:22,32.3,17,0
11/09/2026 11:22,32.3,17,0
11/09/2026 11:22,32.3,17,0
11/09/2026 11:22,32.3,17,0
11/09/2026 11:22,32.3,17,0
11/09/2026 11:22,32.3,17,0
11/09/2026 11:22,32.3,17,0
11/09/2026 11:22,32.3,16,0
11/09/2026 11:22,32.3,16,0
11/09/2026 11:22,32.3,17,0
11/09/2026 11:22,32.3,16,0
11/09/2026 11:22,32.3,16,0
11/09/2026 11:22,32.3,17,0
11/09/2026 11:22,32.3,17,0
11/09/2026 11:22,32.3,17,0
11/09/2026 11:22,32.3,17,0
11/09/2026 11:22,32.3,17,0
11/09/2026 11:22,32.3,16,0
11/09/2026 11:22,32.3,16,0
11/09/2026 11:22,32.3,17,0
11/09/2026 11:22,32.3,17,0
11/09/2026 11:22,32.3,17,0
11/09/2026 11:22,32.3,17,0
11/09/2026 11:22,32.3,17,0
11/09/2026 11:22,32.3,17,0
11/09/2026 11:22,32.3,17,0
11/09/2026 11:22,32.3,17,0
11/09/2026 11:22,32.3,17,0
11/09/2026 11:22,32.3,16,0
11/09/2026 11:22,32.3,16,0
11/09/2026 11:23,32.3,17,0
11/09/2026 11:23,32.3,17,0
11/09/2026 11:23,32.3,16,0
11/09/2026 11:23,32.3,17,0
11/09/2026 11:23,32.3,16,0
11/09/2026 11:23,32.3,17,0
11/09/2026 11:23,32.3,16,0
11/09/2026 11:23,32.3,16,0
11/09/2026 11:23,32.3,16,0
11/09/2026 11:23,32.3,16,0
11/09/2026 11:23,32.3,16,0
11/09/2026 11:23,32.3,16,0
11/09/2026 11:23,32.3,16,0
11/09/2026 11:23,32.3,16,0
11/09/2026 11:23,32.3,16,0
11/09/2026 11:23,32.3,16,0
11/09/2026 11:23,32.3,16,0
11/09/2026 11:23,32.3,16,0
11/09/2026 11:23,32.3,16,0
11/09/2026 11:23,32.3,16,0
11/09/2026 11:23,32.3,16,0
11/09/2026 11:23,32.3,16,0
11/09/2026 11:23,32.3,16,0
11/09/2026 11:23,32.3,16,0
11/09/2026 11:23,32.3,16,0
11/09/2026 11:23,32.3,16,0
11/09/2026 11:23,32.3,16,0
11/09/2026 11:23,32.3,16,0
11/09/2026 11:23,32.3,16,0
11/09/2026 11:24,32.3,16,0
11/09/2026 11:24,32.3,16,0
11/09/2026 11:24,32.3,17,0
11/09/2026 11:24,32.3,16,0
11/09/2026 11:24,32.3,16,0
11/09/2026 11:24,32.3,16,0
11/09/2026 11:24,32.3,16,0
11/09/2026 11:24,32.3,17,0
11/09/2026 11:24,32.3,17,0
11/09/2026 11:24,32.3,17,0
11/09/2026 11:24,32.3,17,0
11/09/2026 11:24,32.3,17,0
11/09/2026 11:24,32.3,16,0
11/09/2026 11:24,32.3,16,0
11/09/2026 11:24,32.3,16,0
11/09/2026 11:24,32.3,16,0
11/09/2026 11:24,32.3,16,0
11/09/2026 11:24,32.3,16,0
11/09/2026 11:24,32.4,16,0
11/09/2026 11:24,32.8,16,0
11/09/2026 11:24,32.8,16,0
11/09/2026 11:24,32.8,15,0
11/09/2026 11:24,32.8,15,0
11/09/2026 11:24,32.8,15,0
11/09/2026 11:24,32.8,15,0
11/09/2026 11:24,32.8,15,0
11/09/2026 11:24,32.8,15,0
11/09/2026 11:24,32.8,15,0
11/09/2026 11:24,32.8,15,0
11/09/2026 11:24,32.8,15,0
11/09/2026 11:25,32.8,15,0
11/09/2026 11:25,32.8,15,0
11/09/2026 11:25,32.8,15,0
11/09/2026 11:25,32.9,15,0
11/09/2026 11:25,33.3,14,0
11/09/2026 11:25,33.3,14,0
11/09/2026 11:25,33.3,14,0
11/09/2026 11:25,33.3,14,0
11/09/2026 11:25,33.3,14,0
11/09/2026 11:25,33.3,14,0
11/09/2026 11:25,33.3,14,0
11/09/2026 11:25,33.3,14,0
11/09/2026 11:25,33.3,14,0
11/09/2026 11:25,33.3,14,0
11/09/2026 11:25,33.7,14,0
11/09/2026 11:25,33.8,14,0
11/09/2026 11:25,33.8,14,0
11/09/2026 11:25,33.8,14,0
11/09/2026 11:25,34.2,14,0
11/09/2026 11:25,34.2,14,0
11/09/2026 11:25,34.3,14,0
11/09/2026 11:25,34.7,14,0
11/09/2026 11:25,34.7,14,0
11/09/2026 11:25,35.2,13,0
11/09/2026 11:25,35.2,13,0
11/09/2026 11:25,35.6,13,0
11/09/2026 11:25,35.6,13,0
11/09/2026 11:25,36.3,13,0
11/09/2026 11:25,36.3,13,0
11/09/2026 11:25,36.9,13,0
11/09/2026 11:26,36.9,13,0
11/09/2026 11:26,37.4,13,0
11/09/2026 11:26,37.4,13,0
11/09/2026 11:26,38,12,0
11/09/2026 11:26,38,12,0
11/09/2026 11:26,38.5,12,0
11/09/2026 11:26,38.5,12,0
11/09/2026 11:26,39,12,0
11/09/2026 11:26,39,12,0
11/09/2026 11:26,39.2,12,0
11/09/2026 11:26,39.5,12,0
11/09/2026 11:26,39.5,12,0
11/09/2026 11:26,40.1,11,0
11/09/2026 11:26,40.1,11,0
11/09/2026 11:26,40.1,11,0
11/09/2026 11:26,40.6,11,0
11/09/2026 11:26,40.6,11,0
11/09/2026 11:26,40.6,11,0
11/09/2026 11:26,41.1,11,0
11/09/2026 11:26,41.1,11,0
11/09/2026 11:26,41.1,11,0
11/09/2026 11:26,41.6,11,0
11/09/2026 11:26,41.6,11,0
11/09/2026 11:26,41.7,11,0
11/09/2026 11:26,42,11,0
11/09/2026 11:26,42,11,0
11/09/2026 11:26,42,11,0
11/09/2026 11:26,42.5,11,0
11/09/2026 11:26,42.5,11,0
11/09/2026 11:27,42.5,11,0
11/09/2026 11:27,42.9,11,0
11/09/2026 11:27,43,10,0
11/09/2026 11:27,43,10,0
11/09/2026 11:27,43,10,0
11/09/2026 11:27,43.5,10,0
11/09/2026 11:27,43.5,10,0
11/09/2026 11:27,43.5,10,0
11/09/2026 11:27,43.9,10,0
11/09/2026 11:27,43.9,10,0
11/09/2026 11:27,43.9,10,0
11/09/2026 11:27,43.9,10,0
11/09/2026 11:27,44,10,0
11/09/2026 11:27,44.4,10,0
11/09/2026 11:27,44.4,10,0
11/09/2026 11:27,44.4,10,0
11/09/2026 11:27,44.4,10,0
11/09/2026 11:27,44.8,10,0
11/09/2026 11:27,44.8,10,0
11/09/2026 11:27,44.8,10,0
11/09/2026 11:27,44.8,10,0
11/09/2026 11:27,45,9,0
11/09/2026 11:27,45.3,9,0
11/09/2026 11:27,45.3,9,0
11/09/2026 11:27,45.3,9,0
11/09/2026 11:27,45.3,9,0
11/09/2026 11:27,45.3,9,0
11/09/2026 11:27,45.3,9,0
11/09/2026 11:27,45.3,9,0
11/09/2026 11:27,45.4,9,0
11/09/2026 11:28,45.7,9,0
11/09/2026 11:28,45.7,9,0
11/09/2026 11:28,45.7,9,0
11/09/2026 11:28,45.7,9,0
11/09/2026 11:28,45.7,9,0
11/09/2026 11:28,45.7,9,0
11/09/2026 11:28,45.7,9,0
11/09/2026 11:28,45.7,9,0
11/09/2026 11:28,45.7,9,0
11/09/2026 11:28,45.7,9,0
11/09/2026 11:28,45.8,9,0
11/09/2026 11:28,45.8,9,0
11/09/2026 11:28,46,9,0
11/09/2026 11:28,46.1,9,0
11/09/2026 11:28,46.2,9,0
11/09/2026 11:28,46.2,9,0
11/09/2026 11:28,46.2,9,0
11/09/2026 11:28,46.2,9,0
11/09/2026 11:28,46.2,9,0
11/09/2026 11:28,46.2,9,0
11/09/2026 11:28,46.2,9,0
11/09/2026 11:28,46.2,9,0
11/09/2026 11:28,46.2,9,0
11/09/2026 11:28,46.2,9,0
11/09/2026 11:28,46.2,9,0
11/09/2026 11:28,46.2,9,0
11/09/2026 11:28,46.2,9,0
11/09/2026 11:28,46.2,9,0
11/09/2026 11:28,46.2,9,0
11/09/2026 11:29,46.2,9,0
11/09/2026 11:29,46.2,9,0
11/09/2026 11:29,46.2,9,0
11/09/2026 11:29,46.2,9,0
11/09/2026 11:29,46.2,9,0
11/09/2026 11:29,46.2,9,0
11/09/2026 11:29,46.2,9,0
11/09/2026 11:29,46.2,9,0
11/09/2026 11:29,46.2,9,0
11/09/2026 11:29,46.2,9,0
11/09/2026 11:29,46.2,9,0
11/09/2026 11:29,46.2,9,0
11/09/2026 11:29,46.2,9,0
11/09/2026 11:29,46.2,9,0
11/09/2026 11:29,46.2,9,0
11/09/2026 11:29,46.2,9,0
11/09/2026 11:29,46.2,9,0
11/09/2026 11:29,46.2,9,0
11/09/2026 11:29,46.3,9,0
11/09/2026 11:29,47.1,9,0
11/09/2026 11:29,47.1,9,0
11/09/2026 11:29,47.1,9,0
11/09/2026 11:29,47.1,9,0
11/09/2026 11:29,47.1,9,0
11/09/2026 11:29,47.1,9,0
11/09/2026 11:29,47.1,9,0
11/09/2026 11:29,47.1,9,0
11/09/2026 11:29,47.1,9,0
11/09/2026 11:29,47.1,9,0
11/09/2026 11:29,47.1,9,0
11/09/2026 11:30,47.1,9,0
11/09/2026 11:30,47.1,9,0
11/09/2026 11:30,47.1,9,0
11/09/2026 11:30,47.1,9,0
11/09/2026 11:30,47.1,9,0
11/09/2026 11:30,47.1,9,0
11/09/2026 11:30,47.1,9,0
11/09/2026 11:30,47.1,9,0
11/09/2026 11:30,47,9,0
11/09/2026 11:30,46.4,9,0
11/09/2026 11:30,46.3,9,0
11/09/2026 11:30,46.2,9,0
11/09/2026 11:30,46.2,9,0
11/09/2026 11:30,46.2,9,0
11/09/2026 11:30,46.2,9,0
11/09/2026 11:30,46.2,9,0
11/09/2026 11:30,46.2,9,0
11/09/2026 11:30,46,9,0
11/09/2026 11:30,45.7,9,0
11/09/2026 11:30,45.7,9,0
11/09/2026 11:30,45.7,9,0
11/09/2026 11:30,45.3,9,0
11/09/2026 11:30,45.3,9,0
11/09/2026 11:30,45.3,9,0
11/09/2026 11:30,45.2,9,0
11/09/2026 11:30,44.8,10,0
11/09/2026 11:30,44.8,10,0
11/09/2026 11:30,44.8,10,0
11/09/2026 11:30,44.7,10,0
11/09/2026 11:30,44.4,10,0
11/09/2026 11:31,44.4,10,0
11/09/2026 11:31,44.4,10,0
11/09/2026 11:31,44.4,10,0
11/09/2026 11:31,43.9,10,0
11/09/2026 11:31,43.9,10,0
11/09/2026 11:31,43.9,10,0
11/09/2026 11:31,43.9,10,0
11/09/2026 11:31,43.6,10,0
11/09/2026 11:31,43.5,10,0
11/09/2026 11:31,43.5,10,0
11/09/2026 11:31,43.5,10,0
11/09/2026 11:31,43.3,10,0
11/09/2026 11:31,43,10,0
11/09/2026 11:31,43,10,0
11/09/2026 11:31,43,10,0
11/09/2026 11:31,43,10,0
11/09/2026 11:31,42.7,11,0
11/09/2026 11:31,42.5,11,0
11/09/2026 11:31,42.5,11,0
11/09/2026 11:31,42.5,11,0
11/09/2026 11:31,42.5,11,0
11/09/2026 11:31,42.5,11,0
11/09/2026 11:31,42,11,0
11/09/2026 11:31,42,11,0
11/09/2026 11:31,42,11,0
11/09/2026 11:31,42,11,0
11/09/2026 11:31,42,11,0
11/09/2026 11:31,42,11,0
11/09/2026 11:31,42,11,0
11/09/2026 11:32,41.9,11,0
11/09/2026 11:32,41.6,11,0
11/09/2026 11:32,41.6,11,0
11/09/2026 11:32,41.6,11,0
11/09/2026 11:32,41.6,11,0
11/09/2026 11:32,41.6,11,0
11/09/2026 11:32,41.6,11,0
11/09/2026 11:32,41.4,11,0
11/09/2026 11:32,41.1,11,0
11/09/2026 11:32,41.1,11,0
11/09/2026 11:32,41.1,11,0
11/09/2026 11:32,41.1,11,0
11/09/2026 11:32,41.1,11,0
11/09/2026 11:32,41.1,11,0
11/09/2026 11:32,41.1,11,0
11/09/2026 11:32,40.6,11,0
11/09/2026 11:32,40.6,11,0
11/09/2026 11:32,40.6,11,0
11/09/2026 11:32,40.6,11,0
11/09/2026 11:32,40.6,11,0
11/09/2026 11:32,40.6,11,0
11/09/2026 11:32,40.6,11,0
11/09/2026 11:32,40.6,11,0
11/09/2026 11:32,40.6,11,0
11/09/2026 11:32,40.3,11,0
11/09/2026 11:32,40.1,11,0
11/09/2026 11:32,40.1,11,0
11/09/2026 11:32,40.1,11,0
11/09/2026 11:32,40.1,11,0
11/09/2026 11:32,40.1,11,0
11/09/2026 11:33,40.1,11,0
11/09/2026 11:33,40.1,11,0
11/09/2026 11:33,40.1,11,0
11/09/2026 11:33,40.1,11,0
11/09/2026 11:33,40.1,11,0
11/09/2026 11:33,40.1,11,0
11/09/2026 11:33,40.1,11,0
11/09/2026 11:33,40.1,11,0
11/09/2026 11:33,40.1,11,0
11/09/2026 11:33,40,11,0
11/09/2026 11:33,39.8,12,0
11/09/2026 11:33,39.6,12,0
11/09/2026 11:33,39.5,12,0
11/09/2026 11:33,39.5,12,0
11/09/2026 11:33,39.5,12,0
11/09/2026 11:33,39.5,12,0
11/09/2026 11:33,39.5,12,0
11/09/2026 11:33,39.5,12,0
11/09/2026 11:33,39.3,12,0
11/09/2026 11:33,39,12,0
11/09/2026 11:33,39,12,0
11/09/2026 11:33,39,12,0
11/09/2026 11:33,39,12,0
11/09/2026 11:33,39,12,0
11/09/2026 11:33,39,12,0
11/09/2026 11:33,39,12,0
11/09/2026 11:33,39,12,0
11/09/2026 11:33,39,12,0
11/09/2026 11:33,39,12,0
11/09/2026 11:34,38.9,12,0
11/09/2026 11:34,38.6,12,0
11/09/2026 11:34,38.5,12,0
11/09/2026 11:34,38.5,12,0
11/09/2026 11:34,38.5,12,0
11/09/2026 11:34,38.5,12,0
11/09/2026 11:34,38.5,12,0
11/09/2026 11:34,38.5,12,0
11/09/2026 11:34,38,12,0
11/09/2026 11:34,38,12,0
11/09/2026 11:34,38,12,0
11/09/2026 11:34,38,12,0
11/09/2026 11:34,38,12,0
11/09/2026 11:34,38,12,0
11/09/2026 11:34,38,12,0
11/09/2026 11:34,38,12,0
11/09/2026 11:34,37.8,13,0
11/09/2026 11:34,37.4,13,0
11/09/2026 11:34,37.4,13,0
11/09/2026 11:34,37.4,13,0
11/09/2026 11:34,37.4,13,0
11/09/2026 11:34,37.4,13,0
11/09/2026 11:34,37.4,13,0
11/09/2026 11:34,37.4,13,0
11/09/2026 11:34,37.4,13,0
11/09/2026 11:34,37.4,13,0
11/09/2026 11:34,37.4,13,0
11/09/2026 11:34,37.4,13,0
11/09/2026 11:34,37.4,13,0
11/09/2026 11:34,37.4,13,0
11/09/2026 11:35,37.4,13,0
11/09/2026 11:35,37.3,13,0
11/09/2026 11:35,37.2,13,0
11/09/2026 11:35,37,13,0
11/09/2026 11:35,36.9,13,0
11/09/2026 11:35,36.9,13,0
11/09/2026 11:35,36.9,13,0
11/09/2026 11:35,36.9,13,0
11/09/2026 11:35,36.9,13,0
11/09/2026 11:35,36.9,13,0
11/09/2026 11:35,36.9,13,0
11/09/2026 11:35,36.9,13,0
11/09/2026 11:35,36.9,13,0
11/09/2026 11:35,36.9,13,0
11/09/2026 11:35,36.9,13,0
11/09/2026 11:35,36.9,13,0
11/09/2026 11:35,36.9,13,0
11/09/2026 11:35,36.9,13,0
11/09/2026 11:35,36.9,13,0
11/09/2026 11:35,36.9,13,0
11/09/2026 11:35,36.9,13,0
11/09/2026 11:35,36.9,13,0
11/09/2026 11:35,36.9,13,0
11/09/2026 11:35,36.9,13,0
11/09/2026 11:35,36.8,13,0
11/09/2026 11:35,36.7,13,0
11/09/2026 11:35,36.5,13,0
11/09/2026 11:35,36.4,13,0
11/09/2026 11:35,36.4,13,0
11/09/2026 11:35,36.4,13,0
11/09/2026 11:36,36.4,13,0
11/09/2026 11:36,36.4,13,0
11/09/2026 11:36,36.4,13,0
11/09/2026 11:36,36.4,13,0
11/09/2026 11:36,36.4,13,0
11/09/2026 11:36,36.4,13,0
11/09/2026 11:36,36.5,13,0
11/09/2026 11:36,36.7,13,0
11/09/2026 11:36,36.8,13,0
11/09/2026 11:36,36.9,13,0
11/09/2026 11:36,36.9,13,0
11/09/2026 11:36,36.9,13,0
11/09/2026 11:36,36.9,13,0
11/09/2026 11:36,36.9,13,0
11/09/2026 11:36,36.9,13,0
11/09/2026 11:36,36.9,13,0
11/09/2026 11:36,36.9,13,0
11/09/2026 11:36,36.9,13,0
11/09/2026 11:36,36.9,13,0
11/09/2026 11:36,36.9,13,0
11/09/2026 11:36,36.9,13,0
11/09/2026 11:36,36.9,13,0
11/09/2026 11:36,36.9,13,0
11/09/2026 11:36,36.9,13,0
11/09/2026 11:36,36.9,13,0
11/09/2026 11:36,36.9,13,0
11/09/2026 11:36,36.9,13,0
11/09/2026 11:36,36.9,13,0
11/09/2026 11:36,36.9,13,0
11/09/2026 11:37,36.9,13,0
11/09/2026 11:37,36.9,13,0
11/09/2026 11:37,36.9,13,0
11/09/2026 11:37,36.9,13,0
11/09/2026 11:37,36.9,13,0
11/09/2026 11:37,36.9,13,0
11/09/2026 11:37,36.9,13,0
11/09/2026 11:37,36.9,13,0
11/09/2026 11:37,36.9,13,0
11/09/2026 11:37,36.9,13,0
11/09/2026 11:37,36.9,13,0
11/09/2026 11:37,36.9,13,0
11/09/2026 11:37,36.9,13,0
11/09/2026 11:37,36.9,13,0
11/09/2026 11:37,36.9,13,0
11/09/2026 11:37,36.9,13,0
11/09/2026 11:37,36.9,13,0
11/09/2026 11:37,36.9,13,0
11/09/2026 11:37,36.9,13,0
11/09/2026 11:37,36.9,13,0
11/09/2026 11:37,36.9,13,0
11/09/2026 11:37,36.9,13,0
11/09/2026 11:37,36.9,13,0
11/09/2026 11:37,36.9,13,0
11/09/2026 11:37,36.9,13,0
11/09/2026 11:37,36.9,13,0
11/09/2026 11:37,36.9,13,0
11/09/2026 11:37,36.9,13,0
11/09/2026 11:37,36.9,13,0
11/09/2026 11:37,36.9,13,0
11/09/2026 11:38,36.9,13,0
11/09/2026 11:38,36.9,13,0
11/09/2026 11:38,36.9,13,0
11/09/2026 11:38,36.9,13,0
11/09/2026 11:38,36.9,13,0
11/09/2026 11:38,36.9,13,0
11/09/2026 11:38,36.9,13,0
11/09/2026 11:38,36.9,13,0
11/09/2026 11:38,36.9,13,0
11/09/2026 11:38,36.9,13,0
11/09/2026 11:38,36.9,13,0
11/09/2026 11:38,36.9,13,0
11/09/2026 11:38,36.9,13,0
11/09/2026 11:38,36.9,13,0
11/09/2026 11:38,36.9,13,0
11/09/2026 11:38,36.9,13,0
11/09/2026 11:38,36.9,13,0
11/09/2026 11:38,36.9,13,0
11/09/2026 11:38,36.9,13,0
11/09/2026 11:38,36.9,13,0
11/09/2026 11:38,36.9,13,0
11/09/2026 11:38,36.9,13,0
11/09/2026 11:38,36.9,13,0
11/09/2026 11:38,36.9,13,0
11/09/2026 11:38,36.9,13,0
11/09/2026 11:38,36.9,13,0
11/09/2026 11:38,36.9,13,0
11/09/2026 11:38,36.9,13,0
11/09/2026 11:38,36.9,13,0
11/09/2026 11:38,36.9,13,0
11/09/2026 11:39,36.9,13,0
11/09/2026 11:39,36.9,13,0
11/09/2026 11:39,36.9,13,0
11/09/2026 11:39,37,13,0
11/09/2026 11:39,36.9,13,0
11/09/2026 11:39,37,13,0
11/09/2026 11:39,37,13,0
11/09/2026 11:39,36.9,13,0
11/09/2026 11:39,37,13,0
11/09/2026 11:39,36.9,13,0
11/09/2026 11:39,36.9,13,0
11/09/2026 11:39,36.9,13,0
11/09/2026 11:39,36.9,13,0
11/09/2026 11:39,36.9,13,0
11/09/2026 11:39,36.9,13,0
11/09/2026 11:39,36.9,13,0
11/09/2026 11:39,36.9,13,0
11/09/2026 11:39,36.9,13,0
11/09/2026 11:39,36.9,13,0
11/09/2026 11:39,36.9,13,0
11/09/2026 11:39,36.9,13,0
11/09/2026 11:39,36.9,13,0
11/09/2026 11:39,36.9,13,0
11/09/2026 11:39,36.9,13,0
11/09/2026 11:39,36.9,13,0
11/09/2026 11:39,36.9,13,0
11/09/2026 11:39,36.9,13,0
11/09/2026 11:39,36.9,13,0
11/09/2026 11:39,36.9,13,0
11/09/2026 11:40,36.9,13,0
11/09/2026 11:40,36.9,13,0
11/09/2026 11:40,36.9,13,0
11/09/2026 11:40,36.9,13,0
11/09/2026 11:40,36.9,13,0
11/09/2026 11:40,36.9,13,0
11/09/2026 11:40,36.9,13,0
11/09/2026 11:40,36.9,13,0
11/09/2026 11:40,36.9,13,0
11/09/2026 11:40,36.9,13,0
11/09/2026 11:40,36.9,13,0
11/09/2026 11:40,36.9,13,0
11/09/2026 11:40,36.9,13,0
11/09/2026 11:40,36.9,13,0
11/09/2026 11:40,36.9,13,0
11/09/2026 11:40,36.9,13,0
11/09/2026 11:40,36.9,13,0
11/09/2026 11:40,36.9,13,0
11/09/2026 11:40,36.9,13,0
11/09/2026 11:40,36.9,13,0
11/09/2026 11:40,36.9,13,0
11/09/2026 11:40,36.9,13,0
11/09/2026 11:40,36.9,13,0
11/09/2026 11:40,36.9,13,0
11/09/2026 11:40,36.9,13,0
11/09/2026 11:40,36.9,13,0
11/09/2026 11:40,36.9,13,0
11/09/2026 11:40,36.9,13,0
11/09/2026 11:40,36.9,13,0
11/09/2026 11:40,36.9,13,0
11/09/2026 11:41,36.9,13,0
11/09/2026 11:41,36.9,13,0
11/09/2026 11:41,36.9,13,0
11/09/2026 11:41,36.9,13,0
11/09/2026 11:41,36.9,13,0
11/09/2026 11:41,36.9,13,0
11/09/2026 11:41,36.9,13,0
11/09/2026 11:41,36.9,13,0
11/09/2026 11:41,36.9,13,0
11/09/2026 11:41,36.9,13,0
11/09/2026 11:41,36.9,13,0
11/09/2026 11:41,36.9,13,0
11/09/2026 11:41,36.9,13,0
11/09/2026 11:41,36.9,13,0
11/09/2026 11:41,36.9,13,0
11/09/2026 11:41,36.9,13,0
11/09/2026 11:41,36.9,13,0
11/09/2026 11:41,36.9,13,0
11/09/2026 11:41,36.9,13,0
11/09/2026 11:41,36.9,13,0
11/09/2026 11:41,36.9,13,0
11/09/2026 11:41,36.9,13,0
11/09/2026 11:41,36.9,13,0
11/09/2026 11:41,36.9,13,0
11/09/2026 11:41,36.9,13,0
11/09/2026 11:41,36.9,13,0
11/09/2026 11:41,36.9,13,0
11/09/2026 11:41,36.9,13,0
11/09/2026 11:41,36.9,13,0
11/09/2026 11:42,36.9,13,0
11/09/2026 11:42,36.9,13,0
11/09/2026 11:42,36.9,13,0
11/09/2026 11:42,37,13,0
11/09/2026 11:42,37,13,0
11/09/2026 11:42,37.1,13,0
11/09/2026 11:42,37.2,13,0
11/09/2026 11:42,37.4,13,0
11/09/2026 11:42,37.4,13,0
11/09/2026 11:42,37.4,13,0
11/09/2026 11:42,37.4,13,0
11/09/2026 11:42,37.4,13,0
11/09/2026 11:42,37.4,13,0
11/09/2026 11:42,37.4,13,0
11/09/2026 11:42,37.4,13,0
11/09/2026 11:42,37.4,13,0
11/09/2026 11:42,37.4,13,0
11/09/2026 11:42,37.4,13,0
11/09/2026 11:42,37.4,13,0
11/09/2026 11:42,37.4,13,0
11/09/2026 11:42,37.4,13,0
11/09/2026 11:42,37.4,13,0
11/09/2026 11:42,37.4,13,0
11/09/2026 11:42,37.4,13,0
11/09/2026 11:42,37.4,13,0
11/09/2026 11:42,37.4,13,0
11/09/2026 11:42,37.4,13,0
11/09/2026 11:42,37.4,13,0
11/09/2026 11:42,37.4,13,0
11/09/2026 11:42,37.4,13,0
11/09/2026 11:43,37.4,13,0
11/09/2026 11:43,37.4,13,0
11/09/2026 11:43,37.4,13,0
11/09/2026 11:43,37.4,13,0
11/09/2026 11:43,37.4,13,0
11/09/2026 11:43,37.4,13,0
11/09/2026 11:43,37.4,13,0
11/09/2026 11:43,37.4,13,0
11/09/2026 11:43,37.4,13,0
11/09/2026 11:43,37.4,13,0
11/09/2026 11:43,37.4,13,0
11/09/2026 11:43,37.4,13,0
11/09/2026 11:43,37.4,13,0
11/09/2026 11:43,37.4,13,0
11/09/2026 11:43,37.4,13,0
11/09/2026 11:43,37.4,13,0
11/09/2026 11:43,37.3,13,0
11/09/2026 11:43,37,13,0
11/09/2026 11:43,37,13,0
11/09/2026 11:43,37,13,0
11/09/2026 11:43,37,13,0
11/09/2026 11:43,36.9,13,0
11/09/2026 11:43,36.9,13,0
11/09/2026 11:43,37,13,0
11/09/2026 11:43,36.9,13,0
11/09/2026 11:43,36.9,13,0
11/09/2026 11:43,36.9,13,0
11/09/2026 11:43,36.9,13,0
11/09/2026 11:43,36.9,13,0
11/09/2026 11:43,36.9,13,0
11/09/2026 11:44,36.9,13,0
11/09/2026 11:44,36.9,13,0
11/09/2026 11:44,36.9,13,0
11/09/2026 11:44,36.9,13,0
11/09/2026 11:44,36.9,13,0
11/09/2026 11:44,36.9,13,0
11/09/2026 11:44,36.9,13,0
11/09/2026 11:44,36.9,13,0
11/09/2026 11:44,36.9,13,0
11/09/2026 11:44,36.9,13,0
11/09/2026 11:44,36.9,13,0
11/09/2026 11:44,36.9,13,0
11/09/2026 11:44,36.9,13,0
11/09/2026 11:44,36.9,13,0
11/09/2026 11:44,36.9,13,0
11/09/2026 11:44,36.9,13,0
11/09/2026 11:44,36.9,13,0
11/09/2026 11:44,36.9,13,0
11/09/2026 11:44,36.9,13,0
11/09/2026 11:44,36.9,13,0
11/09/2026 11:44,36.9,13,0
11/09/2026 11:44,36.9,13,0
11/09/2026 11:44,36.9,13,0
11/09/2026 11:44,36.9,13,0
11/09/2026 11:44,36.9,13,0
11/09/2026 11:44,36.9,13,0
11/09/2026 11:44,36.9,13,0
11/09/2026 11:44,36.9,13,0
11/09/2026 11:44,36.9,13,0
11/09/2026 11:45,36.9,13,0
11/09/2026 11:45,36.9,13,0
11/09/2026 11:45,36.9,13,0
11/09/2026 11:45,36.9,13,0
11/09/2026 11:45,36.9,13,0
11/09/2026 11:45,36.9,13,0
11/09/2026 11:45,36.9,13,0
11/09/2026 11:45,36.9,13,0
11/09/2026 11:45,36.9,13,0
11/09/2026 11:45,36.9,13,0
11/09/2026 11:45,36.9,13,0
11/09/2026 11:45,36.9,13,0
11/09/2026 11:45,36.9,13,0
11/09/2026 11:45,36.9,13,0
11/09/2026 11:45,36.9,13,0
11/09/2026 11:45,36.9,13,0
11/09/2026 11:45,36.9,13,0
11/09/2026 11:45,36.9,13,0
11/09/2026 11:45,36.9,13,0
11/09/2026 11:45,36.9,13,0
11/09/2026 11:45,36.9,13,0
11/09/2026 11:45,36.9,13,0
11/09/2026 11:45,36.9,13,0
11/09/2026 11:45,36.9,13,0
11/09/2026 11:45,36.9,13,0
11/09/2026 11:45,36.9,13,0
11/09/2026 11:45,36.9,13,0
11/09/2026 11:45,36.9,13,0
11/09/2026 11:45,36.9,13,0
11/09/2026 11:45,36.8,13,0
11/09/2026 11:46,36.6,13,0
11/09/2026 11:46,36.4,13,0
11/09/2026 11:46,36.4,13,0
11/09/2026 11:46,36.4,13,0
11/09/2026 11:46,36.3,13,0
11/09/2026 11:46,36.3,13,0
11/09/2026 11:46,36.3,13,0
11/09/2026 11:46,36.3,13,0
11/09/2026 11:46,36.3,13,0
11/09/2026 11:46,36.3,13,0
11/09/2026 11:46,36.3,13,0
11/09/2026 11:46,36.3,13,0
11/09/2026 11:46,36.3,13,0
11/09/2026 11:46,36.3,13,0
11/09/2026 11:46,36.3,13,0
11/09/2026 11:46,36.3,13,0
11/09/2026 11:46,36.3,13,0
11/09/2026 11:46,36.3,13,0
11/09/2026 11:46,36.3,13,0
11/09/2026 11:46,36.3,13,0
11/09/2026 11:46,36.3,13,0
11/09/2026 11:46,36.3,13,0
11/09/2026 11:46,35.9,13,0
11/09/2026 11:46,35.7,13,0
11/09/2026 11:46,35.6,13,0
11/09/2026 11:46,35.6,13,0
11/09/2026 11:46,35.6,13,0
11/09/2026 11:46,35.6,13,0
11/09/2026 11:46,35.6,13,0
11/09/2026 11:47,35.6,13,0
11/09/2026 11:47,35.6,13,0
11/09/2026 11:47,35.6,13,0
11/09/2026 11:47,35.6,13,0
11/09/2026 11:47,35.6,13,0
11/09/2026 11:47,35.6,13,0
11/09/2026 11:47,35.6,13,0
11/09/2026 11:47,35.6,13,0
11/09/2026 11:47,35.6,13,0
11/09/2026 11:47,35.6,13,0
11/09/2026 11:47,35.6,13,0
11/09/2026 11:47,35.6,13,0
11/09/2026 11:47,35.6,13,0
11/09/2026 11:47,35.3,13,0
11/09/2026 11:47,35.2,13,0
11/09/2026 11:47,35.2,13,0
11/09/2026 11:47,35.2,13,0
11/09/2026 11:47,35.2,13,0
11/09/2026 11:47,35.2,13,0
11/09/2026 11:47,35.2,13,0
11/09/2026 11:47,35.2,13,0
11/09/2026 11:47,35.2,13,0
11/09/2026 11:47,35.2,13,0
11/09/2026 11:47,35.2,13,0
11/09/2026 11:47,35.2,13,0
11/09/2026 11:47,35.2,13,0
11/09/2026 11:47,35.2,13,0
11/09/2026 11:47,35.2,13,0
11/09/2026 11:47,35.2,13,0
11/09/2026 11:47,35.2,13,0
11/09/2026 11:48,35.2,13,0
11/09/2026 11:48,35.2,13,0
11/09/2026 11:48,35.2,13,0
11/09/2026 11:48,35.2,13,0
11/09/2026 11:48,35.2,13,0
11/09/2026 11:48,35.2,13,0
11/09/2026 11:48,35.2,13,0
11/09/2026 11:48,35.2,13,0
11/09/2026 11:48,35.2,13,0
11/09/2026 11:48,35.2,13,0
11/09/2026 11:48,35.2,13,0
11/09/2026 11:48,35.2,13,0
11/09/2026 11:48,35.2,13,0
11/09/2026 11:48,35.2,13,0
11/09/2026 11:48,35.2,13,0
11/09/2026 11:48,35.2,13,0
11/09/2026 11:48,35.2,13,0
11/09/2026 11:48,35.2,13,0
11/09/2026 11:48,35.1,13,0
11/09/2026 11:48,35,13,0
11/09/2026 11:48,34.8,14,0
11/09/2026 11:48,34.7,14,0
11/09/2026 11:48,34.7,14,0
11/09/2026 11:48,34.7,14,0
11/09/2026 11:48,34.7,14,0
11/09/2026 11:48,34.7,14,0
11/09/2026 11:48,34.7,14,0
11/09/2026 11:48,34.7,14,0
11/09/2026 11:48,34.7,14,0
11/09/2026 11:48,34.7,14,0
11/09/2026 11:49,34.7,14,0
11/09/2026 11:49,34.7,14,0
11/09/2026 11:49,34.7,14,0
11/09/2026 11:49,34.7,14,0
11/09/2026 11:49,34.7,14,0
11/09/2026 11:49,34.7,14,0
11/09/2026 11:49,34.8,14,0
11/09/2026 11:49,34.8,14,0
11/09/2026 11:49,34.9,14,0
11/09/2026 11:49,34.9,14,0
11/09/2026 11:49,35,13,0
11/09/2026 11:49,35,13,0
11/09/2026 11:49,35,13,0
11/09/2026 11:49,35,13,0
11/09/2026 11:49,35.1,13,0
11/09/2026 11:49,35.1,13,0
11/09/2026 11:49,35.1,13,0
11/09/2026 11:49,35.1,13,0
11/09/2026 11:49,35.2,13,0
11/09/2026 11:49,35.2,13,0
11/09/2026 11:49,35.2,13,0
11/09/2026 11:49,35.2,13,0
11/09/2026 11:49,35.2,13,0
11/09/2026 11:49,35.2,13,0
11/09/2026 11:49,35.2,13,0
11/09/2026 11:49,35.2,13,0
11/09/2026 11:49,35.1,13,0
11/09/2026 11:49,35,13,0
11/09/2026 11:49,35,13,0
11/09/2026 11:50,34.9,14,0
11/09/2026 11:50,34.8,14,0
11/09/2026 11:50,34.7,14,0
11/09/2026 11:50,34.7,14,0
11/09/2026 11:50,34.7,14,0
11/09/2026 11:50,34.7,14,0
11/09/2026 11:50,34.7,14,0
11/09/2026 11:50,34.7,14,0
11/09/2026 11:50,34.7,14,0
11/09/2026 11:50,34.7,14,0
11/09/2026 11:50,34.7,14,0
11/09/2026 11:50,34.7,14,0
11/09/2026 11:50,34.7,14,0
11/09/2026 11:50,34.7,14,0
11/09/2026 11:50,34.7,14,0
11/09/2026 11:50,34.7,14,0
11/09/2026 11:50,34.7,14,0
11/09/2026 11:50,34.7,14,0
11/09/2026 11:50,34.7,14,0
11/09/2026 11:50,34.7,14,0
11/09/2026 11:50,34.7,14,0
11/09/2026 11:50,34.7,14,0
11/09/2026 11:50,34.7,14,0
11/09/2026 11:50,34.8,14,0
11/09/2026 11:50,34.8,14,0
11/09/2026 11:50,34.9,14,0
11/09/2026 11:50,35,13,0
11/09/2026 11:50,35.1,13,0
11/09/2026 11:50,35.2,13,0
11/09/2026 11:50,35.2,13,0
11/09/2026 11:51,35.2,13,0
11/09/2026 11:51,35.2,13,0
11/09/2026 11:51,35.2,13,0
11/09/2026 11:51,35.2,13,0
11/09/2026 11:51,35.2,13,0
11/09/2026 11:51,35.2,13,0
11/09/2026 11:51,35.2,13,0
11/09/2026 11:51,35.2,13,0
11/09/2026 11:51,35.2,13,0
11/09/2026 11:51,35.2,13,0
11/09/2026 11:51,35.2,13,0
11/09/2026 11:51,35.2,13,0
11/09/2026 11:51,35.2,13,0
11/09/2026 11:51,35.2,13,0
11/09/2026 11:51,35.2,13,0
11/09/2026 11:51,35.2,13,0
11/09/2026 11:51,35.2,13,0
11/09/2026 11:51,35.2,13,0
11/09/2026 11:51,35.2,13,0
11/09/2026 11:51,35.2,13,0
11/09/2026 11:51,35.2,13,0
11/09/2026 11:51,35.2,13,0
11/09/2026 11:51,35.2,13,0
11/09/2026 11:51,35.2,13,0
11/09/2026 11:51,35.2,13,0
11/09/2026 11:51,35.2,13,0
11/09/2026 11:51,35.2,13,0
11/09/2026 11:51,35.2,13,0
11/09/2026 11:51,35.2,13,0
11/09/2026 11:52,35.2,13,0
11/09/2026 11:52,35.2,13,0
11/09/2026 11:52,35.2,13,0
11/09/2026 11:52,35.2,13,0
11/09/2026 11:52,35.2,13,0
11/09/2026 11:52,35.2,13,0
11/09/2026 11:52,35.2,13,0
11/09/2026 11:52,35.2,13,0
11/09/2026 11:52,35.2,13,0
11/09/2026 11:52,35.2,13,0
11/09/2026 11:52,35.2,13,0
11/09/2026 11:52,35.2,13,0
11/09/2026 11:52,35.2,13,0
11/09/2026 11:52,35.2,13,0
11/09/2026 11:52,35.2,13,0
11/09/2026 11:52,35.2,13,0
11/09/2026 11:52,35.2,13,0
11/09/2026 11:52,35.2,13,0
11/09/2026 11:52,35.2,13,0
11/09/2026 11:52,35.2,13,0
11/09/2026 11:52,35.2,13,0
11/09/2026 11:52,35.2,13,0
11/09/2026 11:52,35.2,13,0
11/09/2026 11:52,35.2,13,0
11/09/2026 11:52,35.2,13,0
11/09/2026 11:52,35.2,13,0
11/09/2026 11:52,35.2,13,0
11/09/2026 11:52,35.2,13,0
11/09/2026 11:52,35.2,13,0
11/09/2026 11:52,35.2,13,0
11/09/2026 11:53,35.2,13,0
11/09/2026 11:53,35.2,13,0
11/09/2026 11:53,35.2,13,0
11/09/2026 11:53,35.2,13,0
11/09/2026 11:53,35.2,13,0
11/09/2026 11:53,35.1,13,0
11/09/2026 11:53,35,13,0
11/09/2026 11:53,35.1,13,0
11/09/2026 11:53,35,13,0
11/09/2026 11:53,35,13,0
11/09/2026 11:53,35,13,0
11/09/2026 11:53,35,13,0
11/09/2026 11:53,35.1,13,0
11/09/2026 11:53,35.1,13,0
11/09/2026 11:53,35.1,13,0
11/09/2026 11:53,35.2,13,0
11/09/2026 11:53,35.2,13,0
11/09/2026 11:53,35.2,13,0
11/09/2026 11:53,35.2,13,0
11/09/2026 11:53,35.2,13,0
11/09/2026 11:53,35.2,13,0
11/09/2026 11:53,35.2,13,0
11/09/2026 11:53,35.2,13,0
11/09/2026 11:53,35.2,13,0
11/09/2026 11:53,35.1,13,0
11/09/2026 11:53,35.1,13,0
11/09/2026 11:53,35,13,0
11/09/2026 11:53,35,13,0
11/09/2026 11:53,34.9,14,0
11/09/2026 11:53,34.8,14,0
11/09/2026 11:54,34.7,14,0
11/09/2026 11:54,34.7,14,0
11/09/2026 11:54,34.7,14,0
11/09/2026 11:54,34.7,14,0
11/09/2026 11:54,34.7,14,0
11/09/2026 11:54,34.7,14,0
11/09/2026 11:54,34.7,14,0
11/09/2026 11:54,34.7,14,0
11/09/2026 11:54,34.7,14,0
11/09/2026 11:54,34.7,14,0
11/09/2026 11:54,34.7,14,0
11/09/2026 11:54,34.7,14,0
11/09/2026 11:54,34.7,14,0
11/09/2026 11:54,34.7,14,0
11/09/2026 11:54,34.7,14,0
11/09/2026 11:54,34.7,14,0
11/09/2026 11:54,34.7,14,0
11/09/2026 11:54,34.7,14,0
11/09/2026 11:54,34.7,14,0
11/09/2026 11:54,34.7,14,0
11/09/2026 11:54,34.7,14,0
11/09/2026 11:54,34.7,14,0
11/09/2026 11:54,34.7,14,0
11/09/2026 11:54,34.7,14,0
11/09/2026 11:54,34.7,14,0
11/09/2026 11:54,34.7,14,0
11/09/2026 11:54,34.7,14,0
11/09/2026 11:54,34.7,14,0
11/09/2026 11:54,34.7,14,0
11/09/2026 11:55,34.7,14,0
11/09/2026 11:55,34.7,14,0
11/09/2026 11:55,34.7,14,0
11/09/2026 11:55,34.7,14,0
11/09/2026 11:55,34.7,14,0
11/09/2026 11:55,34.7,14,0
11/09/2026 11:55,34.7,14,0
11/09/2026 11:55,34.7,14,0
11/09/2026 11:55,34.7,14,0
11/09/2026 11:55,34.7,14,0
11/09/2026 11:55,34.7,14,0
11/09/2026 11:55,34.7,14,0
11/09/2026 11:55,34.7,14,0
11/09/2026 11:55,34.7,14,0
11/09/2026 11:55,34.7,14,0
11/09/2026 11:55,34.7,14,0
11/09/2026 11:55,34.7,14,0
11/09/2026 11:55,34.7,14,0
11/09/2026 11:55,34.7,14,0
11/09/2026 11:55,34.7,14,0
11/09/2026 11:55,34.7,14,0
11/09/2026 11:55,34.7,14,0
11/09/2026 11:55,34.7,14,0
11/09/2026 11:55,34.7,14,0
11/09/2026 11:55,34.7,14,0
11/09/2026 11:55,34.7,14,0
11/09/2026 11:55,34.7,14,0
11/09/2026 11:55,34.7,14,0
11/09/2026 11:55,34.7,14,0
11/09/2026 11:55,34.7,14,0
11/09/2026 11:56,34.7,14,0
11/09/2026 11:56,34.7,14,0
11/09/2026 11:56,34.7,14,0
11/09/2026 11:56,34.7,14,0
11/09/2026 11:56,34.7,14,0
11/09/2026 11:56,34.7,14,0
11/09/2026 11:56,34.7,14,0
11/09/2026 11:56,34.7,14,0
11/09/2026 11:56,34.7,14,0
11/09/2026 11:56,34.7,14,0
11/09/2026 11:56,34.7,14,0
11/09/2026 11:56,34.7,14,0
11/09/2026 11:56,34.7,14,0
11/09/2026 11:56,34.7,14,0
11/09/2026 11:56,34.7,14,0
11/09/2026 11:56,34.7,14,0
11/09/2026 11:56,34.7,14,0
11/09/2026 11:56,34.7,14,0
11/09/2026 11:56,34.7,14,0
11/09/2026 11:56,34.7,14,0
11/09/2026 11:56,34.7,14,0
11/09/2026 11:56,34.7,14,0
11/09/2026 11:56,34.7,14,0
11/09/2026 11:56,34.7,14,0
11/09/2026 11:56,34.7,14,0
11/09/2026 11:56,34.7,14,0
11/09/2026 11:56,34.7,14,0
11/09/2026 11:56,34.7,14,0
11/09/2026 11:56,34.7,14,0
11/09/2026 11:56,34.7,14,0
11/09/2026 11:57,34.7,14,0
11/09/2026 11:57,34.7,14,0
11/09/2026 11:57,34.7,14,0
11/09/2026 11:57,34.7,14,0
11/09/2026 11:57,34.6,14,0
11/09/2026 11:57,34.4,14,0
11/09/2026 11:57,34.2,14,0
11/09/2026 11:57,34.2,14,0
11/09/2026 11:57,34.2,14,0
11/09/2026 11:57,34.2,14,0
11/09/2026 11:57,34.2,14,0
11/09/2026 11:57,34.2,14,0
11/09/2026 11:57,34.2,14,0
11/09/2026 11:57,34.2,14,0
11/09/2026 11:57,34.2,14,0
11/09/2026 11:57,34.2,14,0
11/09/2026 11:57,34.2,14,0
11/09/2026 11:57,34.2,14,0
11/09/2026 11:57,34.2,14,0
11/09/2026 11:57,34.2,14,0
11/09/2026 11:57,34.2,14,0
11/09/2026 11:57,34.2,14,0
11/09/2026 11:57,34.2,14,0
11/09/2026 11:57,34.2,14,0
11/09/2026 11:57,34.2,14,0
11/09/2026 11:57,34.2,14,0
11/09/2026 11:57,34.2,14,0
11/09/2026 11:57,34.2,14,0
11/09/2026 11:57,34.2,14,0
11/09/2026 11:58,34.2,14,0
11/09/2026 11:58,34.2,14,0
11/09/2026 11:58,34.2,14,0
11/09/2026 11:58,34.2,14,0
11/09/2026 11:58,34.2,14,0
11/09/2026 11:58,34.2,14,0
11/09/2026 11:58,34.2,14,0
11/09/2026 11:58,34.2,14,0
11/09/2026 11:58,34.2,14,0
11/09/2026 11:58,34.2,14,0
11/09/2026 11:58,34.2,14,0
11/09/2026 11:58,34.2,14,0
11/09/2026 11:58,34.2,14,0
11/09/2026 11:58,34.2,14,0
11/09/2026 11:58,34.2,14,0
11/09/2026 11:58,34.2,14,0
11/09/2026 11:58,34.2,14,0
11/09/2026 11:58,34.2,14,0
11/09/2026 11:58,34.2,14,0
11/09/2026 11:58,34.2,14,0
11/09/2026 11:58,34.2,14,0
11/09/2026 11:58,34.2,14,0
11/09/2026 11:58,34.2,14,0
11/09/2026 11:58,34.2,14,0
11/09/2026 11:58,34.2,14,0
11/09/2026 11:58,34.2,14,0
11/09/2026 11:58,34.2,14,0
11/09/2026 11:58,34.2,14,0
11/09/2026 11:58,34.2,14,0
11/09/2026 11:58,34.2,14,0
11/09/2026 11:59,34.2,14,0
11/09/2026 11:59,34.2,14,0
11/09/2026 11:59,34.2,14,0
11/09/2026 11:59,34.2,14,0
11/09/2026 11:59,34.2,14,0
11/09/2026 11:59,34.2,14,0
11/09/2026 11:59,34.2,14,0
11/09/2026 11:59,34.2,14,0
11/09/2026 11:59,34.2,14,0
11/09/2026 11:59,34.2,14,0
11/09/2026 11:59,34.2,14,0
11/09/2026 11:59,34.2,14,0
11/09/2026 11:59,34.2,14,0
11/09/2026 11:59,34.2,14,0
11/09/2026 11:59,34.2,14,0
11/09/2026 11:59,34.2,14,0
11/09/2026 11:59,34.2,14,0
11/09/2026 11:59,34.2,14,0
11/09/2026 11:59,34.2,14,0
11/09/2026 11:59,34.2,14,0
11/09/2026 11:59,34.2,14,0
11/09/2026 11:59,34.2,14,0
11/09/2026 11:59,34.2,14,0
11/09/2026 11:59,34.2,14,0
11/09/2026 11:59,34.2,14,0
11/09/2026 11:59,34.2,14,0
11/09/2026 11:59,34.2,14,0
11/09/2026 11:59,34.2,14,0
11/09/2026 11:59,34.2,14,0
11/09/2026 12:00,34.2,14,0
11/09/2026 12:00,34.2,14,0
11/09/2026 12:00,34.2,14,0
11/09/2026 12:00,34.2,14,0
11/09/2026 12:00,34.2,14,0
11/09/2026 12:00,34.2,14,0
11/09/2026 12:00,34.2,14,0
11/09/2026 12:00,34.2,14,0
11/09/2026 12:00,34.2,14,0
11/09/2026 12:00,34.2,14,0
11/09/2026 12:00,34.2,14,0
11/09/2026 12:00,34.2,14,0
11/09/2026 12:00,34.2,14,0
11/09/2026 12:00,34.2,14,0
11/09/2026 12:00,34.2,14,0
11/09/2026 12:00,34.2,14,0
11/09/2026 12:00,34.2,14,0
11/09/2026 12:00,34.2,14,0
11/09/2026 12:00,34.2,14,0
11/09/2026 12:00,34.2,14,0
11/09/2026 12:00,34.2,14,0
11/09/2026 12:00,34.2,14,0
11/09/2026 12:00,34.2,14,0
11/09/2026 12:00,34.2,14,0
11/09/2026 12:00,34.2,14,0
11/09/2026 12:00,34.2,14,0
11/09/2026 12:00,34.2,14,0
11/09/2026 12:00,34.2,14,0
11/09/2026 12:00,34.2,14,0
11/09/2026 12:00,34.2,14,0
11/09/2026 12:01,34.2,14,0
11/09/2026 12:01,34.2,14,0
11/09/2026 12:01,34.2,14,0
11/09/2026 12:01,34.2,14,0
11/09/2026 12:01,34.2,14,0
11/09/2026 12:01,34.2,14,0
11/09/2026 12:01,34.2,14,0
11/09/2026 12:01,34.2,14,0
11/09/2026 12:01,34.2,14,0
11/09/2026 12:01,34.2,14,0
11/09/2026 12:01,34.2,14,0
11/09/2026 12:01,34.2,14,0
11/09/2026 12:01,34.2,14,0
11/09/2026 12:01,34.2,14,0
11/09/2026 12:01,34.2,14,0
11/09/2026 12:01,34.2,14,0
11/09/2026 12:01,34.2,14,0
11/09/2026 12:01,34.2,14,0
11/09/2026 12:01,34.2,14,0
11/09/2026 12:01,34.2,14,0
11/09/2026 12:01,34.2,14,0
11/09/2026 12:01,34.2,14,0
11/09/2026 12:01,34.2,14,0
11/09/2026 12:01,34.2,14,0
11/09/2026 12:01,34.2,14,0
11/09/2026 12:01,34.2,14,0
11/09/2026 12:01,34.2,14,0
11/09/2026 12:01,34.2,14,0
11/09/2026 12:01,34.2,14,0
11/09/2026 12:01,34.2,14,0
11/09/2026 12:02,34.2,14,0
11/09/2026 12:02,34.2,14,0
11/09/2026 12:02,34.2,14,0
11/09/2026 12:02,34.2,14,0
11/09/2026 12:02,34.2,14,0
11/09/2026 12:02,34.2,14,0
11/09/2026 12:02,34.2,14,0
11/09/2026 12:02,34.2,14,0
11/09/2026 12:02,34.2,14,0
11/09/2026 12:02,34.2,14,0
11/09/2026 12:02,34.2,14,0
11/09/2026 12:02,34.2,14,0
11/09/2026 12:02,34.2,14,0
11/09/2026 12:02,34.2,14,0
11/09/2026 12:02,34.2,14,0
11/09/2026 12:02,34.2,14,0
11/09/2026 12:02,34.2,14,0
11/09/2026 12:02,34.2,14,0
11/09/2026 12:02,34.2,14,0
11/09/2026 12:02,34.2,14,0
11/09/2026 12:02,34.2,14,0
11/09/2026 12:02,34.2,14,0
11/09/2026 12:02,34.2,14,0
11/09/2026 12:02,34.2,14,0
11/09/2026 12:02,34.2,14,0
11/09/2026 12:02,34.2,14,0
11/09/2026 12:02,34.2,14,0
11/09/2026 12:02,34.2,14,0
11/09/2026 12:02,34.2,14,0
11/09/2026 12:03,34.2,14,0
11/09/2026 12:03,34.2,14,0
11/09/2026 12:03,34.2,14,0
11/09/2026 12:03,34.2,14,0
11/09/2026 12:03,34.2,14,0
11/09/2026 12:03,34.2,14,0
11/09/2026 12:03,34.3,14,0
11/09/2026 12:03,34.4,14,0
11/09/2026 12:03,34.4,14,0
11/09/2026 12:03,34.6,14,0
11/09/2026 12:03,34.6,14,0
11/09/2026 12:03,34.7,14,0
11/09/2026 12:03,34.7,14,0
11/09/2026 12:03,34.7,14,0
11/09/2026 12:03,34.7,14,0
11/09/2026 12:03,34.7,14,0
11/09/2026 12:03,34.7,14,0
11/09/2026 12:03,34.7,14,0
11/09/2026 12:03,34.7,14,0
11/09/2026 12:03,34.7,14,0
11/09/2026 12:03,34.7,14,0
11/09/2026 12:03,34.7,14,0
11/09/2026 12:03,34.7,14,0
11/09/2026 12:03,34.7,14,0
11/09/2026 12:03,34.7,14,0
11/09/2026 12:03,34.7,14,0
11/09/2026 12:03,34.7,14,0
11/09/2026 12:03,34.7,14,0
11/09/2026 12:03,34.7,14,0
11/09/2026 12:03,34.7,14,0
11/09/2026 12:04,34.7,14,0
11/09/2026 12:04,34.7,14,0
11/09/2026 12:04,34.7,14,0
11/09/2026 12:04,34.7,14,0
11/09/2026 12:04,34.7,14,0
11/09/2026 12:04,34.7,14,0
11/09/2026 12:04,34.7,14,0
11/09/2026 12:04,34.7,14,0
11/09/2026 12:04,34.7,14,0
11/09/2026 12:04,34.7,14,0
11/09/2026 12:04,34.7,14,0
11/09/2026 12:04,34.7,14,0
11/09/2026 12:04,34.7,14,0
11/09/2026 12:04,34.7,14,0
11/09/2026 12:04,34.7,14,0
11/09/2026 12:04,34.7,14,0
11/09/2026 12:04,34.7,14,0
11/09/2026 12:04,34.7,14,0
11/09/2026 12:04,34.7,14,0
11/09/2026 12:12,34.2,14,0
11/09/2026 12:12,34.2,14,0
11/09/2026 12:12,34.2,14,0
11/09/2026 12:13,34.2,14,0
11/09/2026 12:13,34.2,14,0
11/09/2026 12:13,34.1,14,0
11/09/2026 12:13,34,14,0
11/09/2026 12:13,34,14,0
11/09/2026 12:13,34,14,0
11/09/2026 12:13,33.9,14,0
11/09/2026 12:13,33.8,14,0
11/09/2026 12:13,33.8,14,0
11/09/2026 12:13,33.8,14,0
11/09/2026 12:13,33.8,14,0
11/09/2026 12:13,33.8,14,0
11/09/2026 12:13,33.8,14,0
11/09/2026 12:13,33.8,14,0
11/09/2026 12:13,33.8,14,0
11/09/2026 12:13,33.8,14,0
11/09/2026 12:13,33.8,14,0
11/09/2026 12:13,33.8,14,0
11/09/2026 12:13,33.8,14,0
11/09/2026 12:13,33.8,14,0
11/09/2026 12:13,33.8,14,0
11/09/2026 12:13,33.8,14,0
11/09/2026 12:13,33.8,14,0
11/09/2026 12:13,33.8,14,0
11/09/2026 12:13,33.8,14,0
11/09/2026 12:13,33.8,14,0
11/09/2026 12:13,33.8,14,0
11/09/2026 12:13,33.8,14,0
11/09/2026 12:13,33.8,14,0
11/09/2026 12:14,33.8,14,0
11/09/2026 12:14,33.8,14,0
11/09/2026 12:14,33.8,14,0
11/09/2026 12:14,33.8,14,0
11/09/2026 12:14,33.8,14,0
11/09/2026 12:14,33.8,14,0
11/09/2026 12:14,33.8,14,0
11/09/2026 12:14,33.8,14,0
11/09/2026 12:14,33.8,14,0
11/09/2026 12:14,33.8,14,0
11/09/2026 12:14,33.8,14,0
11/09/2026 12:14,33.8,14,0
11/09/2026 12:14,33.8,14,0
11/09/2026 12:14,33.8,14,0
11/09/2026 12:14,33.8,14,0
11/09/2026 12:14,33.8,14,0
11/09/2026 12:14,33.8,14,0
11/09/2026 12:14,33.8,14,0
11/09/2026 12:14,33.8,14,0
11/09/2026 12:14,33.8,14,0
11/09/2026 12:14,33.8,14,0
11/09/2026 12:14,33.8,14,0
11/09/2026 12:14,33.8,14,0
11/09/2026 12:14,33.8,14,0
11/09/2026 12:14,33.8,14,0
11/09/2026 12:14,33.8,14,0
11/09/2026 12:14,33.8,14,0
11/09/2026 12:14,33.8,14,0
11/09/2026 12:14,33.8,14,0
11/09/2026 12:14,33.8,14,0
11/09/2026 12:15,33.8,14,0
11/09/2026 12:15,33.8,14,0
11/09/2026 12:15,33.8,14,0
11/09/2026 12:15,33.8,14,0
11/09/2026 12:15,33.8,14,0
11/09/2026 12:15,33.8,14,0
11/09/2026 12:15,33.8,14,0
11/09/2026 12:15,33.8,14,0
11/09/2026 12:15,33.8,14,0
11/09/2026 12:15,33.8,14,0
11/09/2026 12:15,33.8,14,0
11/09/2026 12:15,33.8,14,0
11/09/2026 12:15,33.8,14,0
11/09/2026 12:15,33.8,14,0
11/09/2026 12:15,33.8,14,0
11/09/2026 12:15,33.8,14,0
11/09/2026 12:15,33.8,14,0
11/09/2026 12:15,33.8,14,0
11/09/2026 12:15,33.8,14,0
11/09/2026 12:15,33.8,14,0
11/09/2026 12:15,33.8,14,0
11/09/2026 12:15,33.8,14,0
11/09/2026 12:15,33.8,14,0
11/09/2026 12:15,33.8,14,0
11/09/2026 12:15,33.8,14,0
11/09/2026 12:15,33.8,14,0
11/09/2026 12:15,33.8,14,0
11/09/2026 12:15,33.8,14,0
11/09/2026 12:15,33.8,14,0
11/09/2026 12:16,33.8,14,0
11/09/2026 12:16,33.8,14,0
11/09/2026 12:16,33.8,14,0
11/09/2026 12:16,33.8,14,0
11/09/2026 12:16,33.8,14,0
11/09/2026 12:16,33.8,14,0
11/09/2026 12:16,33.8,14,0
11/09/2026 12:16,33.8,14,0
11/09/2026 12:16,33.8,14,0
11/09/2026 12:16,33.8,14,0
11/09/2026 12:16,33.8,14,0
11/09/2026 12:16,33.8,14,0
11/09/2026 12:16,33.8,14,0
11/09/2026 12:16,33.8,14,0
11/09/2026 12:16,33.8,14,0
11/09/2026 12:16,33.8,14,0
11/09/2026 12:16,33.8,14,0
11/09/2026 12:16,33.8,14,0
11/09/2026 12:16,33.8,14,0
11/09/2026 12:16,33.8,14,0
11/09/2026 12:16,33.8,14,0
11/09/2026 12:16,33.8,14,0
11/09/2026 12:16,33.8,14,0
11/09/2026 12:16,33.8,14,0
11/09/2026 12:16,33.8,14,0
11/09/2026 12:16,33.8,14,0
11/09/2026 12:16,33.8,14,0
11/09/2026 12:16,33.8,14,0
11/09/2026 12:16,33.8,14,0
11/09/2026 12:16,33.8,14,0
11/09/2026 12:17,33.8,14,0
11/09/2026 12:17,33.7,14,0
11/09/2026 12:17,33.6,14,0
11/09/2026 12:17,33.4,14,0
11/09/2026 12:17,33.4,14,0
11/09/2026 12:17,33.3,14,0
11/09/2026 12:17,33.3,14,0
11/09/2026 12:17,33.3,14,0
11/09/2026 12:17,33.3,14,0
11/09/2026 12:17,33.3,14,0
11/09/2026 12:17,33.3,14,0
11/09/2026 12:17,33.3,14,0
11/09/2026 12:17,33.3,14,0
11/09/2026 12:17,33.3,14,0
11/09/2026 12:17,33.3,14,0
11/09/2026 12:17,33.3,14,0
11/09/2026 12:17,33.3,14,0
11/09/2026 12:17,33.3,14,0
11/09/2026 12:17,33.3,14,0
11/09/2026 12:17,33.4,14,0
11/09/2026 12:17,33.4,14,0
11/09/2026 12:17,33.4,14,0
11/09/2026 12:17,33.5,14,0
11/09/2026 12:17,33.6,14,0
11/09/2026 12:17,33.7,14,0
11/09/2026 12:17,33.7,14,0
11/09/2026 12:17,33.7,14,0
11/09/2026 12:17,33.8,14,0
11/09/2026 12:17,33.8,14,0
11/09/2026 12:17,33.7,14,0
11/09/2026 12:18,33.7,14,0
11/09/2026 12:18,33.7,14,0
11/09/2026 12:18,33.6,14,0
11/09/2026 12:18,33.6,14,0
11/09/2026 12:18,33.6,14,0
11/09/2026 12:18,33.6,14,0
11/09/2026 12:18,33.7,14,0
11/09/2026 12:18,33.7,14,0
11/09/2026 12:18,33.6,14,0
11/09/2026 12:18,33.6,14,0
11/09/2026 12:18,33.6,14,0
11/09/2026 12:18,33.6,14,0
11/09/2026 12:18,33.6,14,0
11/09/2026 12:18,33.5,14,0
11/09/2026 12:18,33.5,14,0
11/09/2026 12:18,33.4,14,0
11/09/2026 12:18,33.4,14,0
11/09/2026 12:18,33.3,14,0
11/09/2026 12:18,33.3,14,0
11/09/2026 12:18,33.3,14,0
11/09/2026 12:18,33.3,14,0
11/09/2026 12:18,33.3,14,0
11/09/2026 12:18,33.3,14,0
11/09/2026 12:18,33.3,14,0
11/09/2026 12:18,33.3,14,0
11/09/2026 12:18,33.3,14,0
11/09/2026 12:18,33.3,14,0
11/09/2026 12:18,33.3,14,0
11/09/2026 12:18,33.3,14,0
11/09/2026 12:19,33.3,14,0
11/09/2026 12:19,33.3,14,0
11/09/2026 12:19,33.3,14,0
11/09/2026 12:19,33.3,14,0
11/09/2026 12:19,33.3,14,0
11/09/2026 12:19,33.3,14,0
11/09/2026 12:19,33.3,14,0
11/09/2026 12:19,33.3,14,0
11/09/2026 12:19,33.3,14,0
11/09/2026 12:19,33.3,14,0
11/09/2026 12:19,33.3,14,0
11/09/2026 12:19,33.3,14,0
11/09/2026 12:19,33.3,14,0
11/09/2026 12:19,33.3,14,0
11/09/2026 12:19,33.3,14,0
11/09/2026 12:19,33.3,14,0
11/09/2026 12:19,33.3,14,0
11/09/2026 12:19,33.3,14,0
11/09/2026 12:19,33.3,14,0
11/09/2026 12:19,33.3,14,0
11/09/2026 12:19,33.3,14,0
11/09/2026 12:19,33.3,14,0
11/09/2026 12:19,33.3,14,0
11/09/2026 12:19,33.3,14,0
11/09/2026 12:19,33.3,14,0
11/09/2026 12:19,33.3,14,0
11/09/2026 12:19,33.3,14,0
11/09/2026 12:19,33.3,14,0
11/09/2026 12:19,33.3,14,0
11/09/2026 12:19,33.3,14,0
11/09/2026 12:20,33.3,14,0
11/09/2026 12:20,33.3,14,0
11/09/2026 12:20,33.3,14,0
11/09/2026 12:20,33.3,14,0
11/09/2026 12:20,33.3,14,0
11/09/2026 12:20,33.3,14,0
11/09/2026 12:20,33.3,14,0
11/09/2026 12:20,33.3,14,0
11/09/2026 12:20,33.3,14,0
11/09/2026 12:20,33.3,14,0
11/09/2026 12:20,33.3,14,0
11/09/2026 12:20,33.3,14,0
11/09/2026 12:20,33.3,14,0
11/09/2026 12:20,33.3,14,0
11/09/2026 12:20,33.3,14,0
11/09/2026 12:20,33.3,14,0
11/09/2026 12:20,33.3,14,0
11/09/2026 12:20,33.3,14,0
11/09/2026 12:20,33.3,14,0
11/09/2026 12:20,33.3,14,0
11/09/2026 12:20,33.3,14,0
11/09/2026 12:20,33.3,14,0
11/09/2026 12:20,33.3,14,0
11/09/2026 12:20,33.3,14,0
11/09/2026 12:20,33.3,14,0
11/09/2026 12:20,33.3,14,0
11/09/2026 12:20,33.3,14,0
11/09/2026 12:20,33.3,14,0
11/09/2026 12:20,33.3,14,0
11/09/2026 12:21,33.3,14,0
11/09/2026 12:21,33.3,14,0
11/09/2026 12:21,33.3,14,0
11/09/2026 12:21,33.3,14,0
11/09/2026 12:21,33.3,14,0
11/09/2026 12:21,33.3,14,0
11/09/2026 12:21,33.3,14,0
11/09/2026 12:21,33.3,14,0
11/09/2026 12:21,33.3,14,0
11/09/2026 12:21,33.3,14,0
11/09/2026 12:21,33.3,14,0
11/09/2026 12:21,33.3,14,0
11/09/2026 12:21,33.3,14,0
11/09/2026 12:21,33.3,14,0
11/09/2026 12:21,33.3,14,0
11/09/2026 12:21,33.3,14,0
11/09/2026 12:21,33.3,14,0
11/09/2026 12:21,33.3,14,0
11/09/2026 12:21,33.3,14,0
11/09/2026 12:21,33.3,14,0
11/09/2026 12:21,33.3,14,0
11/09/2026 12:21,33.3,14,0
11/09/2026 12:21,33.3,14,0
11/09/2026 12:21,33.3,14,0
11/09/2026 12:21,33.3,14,0
11/09/2026 12:21,33.3,14,0
11/09/2026 12:21,33.3,14,0
11/09/2026 12:21,33.3,14,0
11/09/2026 12:21,33.3,14,0
11/09/2026 12:21,33.3,14,0
11/09/2026 12:22,33.3,14,0
11/09/2026 12:22,33.3,14,0
11/09/2026 12:22,33.3,14,0
11/09/2026 12:22,33.3,14,0
11/09/2026 12:22,33.3,14,0
11/09/2026 12:22,33.3,14,0
11/09/2026 12:22,33.3,14,0
11/09/2026 12:22,33.3,14,0
11/09/2026 12:22,33.3,14,0
11/09/2026 12:22,33.3,14,0
11/09/2026 12:22,33.3,14,0
11/09/2026 12:22,33.3,14,0
11/09/2026 12:22,33.3,14,0
11/09/2026 12:22,33.3,14,0
11/09/2026 12:22,33.3,14,0
11/09/2026 12:22,33.3,14,0
11/09/2026 12:22,33.3,14,0
11/09/2026 12:22,33.3,14,0
11/09/2026 12:22,33.3,14,0
11/09/2026 12:22,33.3,14,0
11/09/2026 12:22,33.3,14,0
11/09/2026 12:22,33.3,14,0
11/09/2026 12:22,33.3,14,0
11/09/2026 12:22,33.3,14,0
11/09/2026 12:22,33.3,14,0
11/09/2026 12:22,33.3,14,0
11/09/2026 12:22,33.3,14,0
11/09/2026 12:22,33.3,14,0
11/09/2026 12:22,33.3,14,0
11/09/2026 12:22,33.3,14,0
11/09/2026 12:23,33.3,14,0
11/09/2026 12:23,33.3,14,0
11/09/2026 12:23,33.3,14,0
11/09/2026 12:23,33.3,14,0
11/09/2026 12:23,33.3,14,0
11/09/2026 12:23,33.3,14,0
11/09/2026 12:23,33.3,14,0
11/09/2026 12:23,33.3,14,0
11/09/2026 12:23,33.3,14,0
11/09/2026 12:23,33.3,14,0
11/09/2026 12:23,33.3,14,0
11/09/2026 12:23,33.3,14,0
11/09/2026 12:23,33.3,14,0
11/09/2026 12:23,33.3,14,0
11/09/2026 12:23,33.3,14,0
11/09/2026 12:23,33.3,14,0
11/09/2026 12:23,33.3,14,0
11/09/2026 12:23,33.3,14,0
11/09/2026 12:23,33.3,14,0
11/09/2026 12:23,33.3,14,0
11/09/2026 12:23,33.3,14,0
11/09/2026 12:23,33.3,14,0
11/09/2026 12:23,33.3,14,0
11/09/2026 12:23,33.3,14,0
11/09/2026 12:23,33.3,14,0
11/09/2026 12:23,33.3,14,0
11/09/2026 12:23,33.3,14,0
11/09/2026 12:23,33.4,14,0
11/09/2026 12:23,33.4,14,0
11/09/2026 12:24,33.4,14,0
11/09/2026 12:24,33.4,14,0
11/09/2026 12:24,33.4,14,0
11/09/2026 12:24,33.4,14,0
11/09/2026 12:24,33.4,14,0
11/09/2026 12:24,33.4,14,0
11/09/2026 12:24,33.4,14,0
11/09/2026 12:24,33.4,14,0
11/09/2026 12:24,33.4,14,0
11/09/2026 12:24,33.4,14,0
11/09/2026 12:24,33.4,14,0
11/09/2026 12:24,33.4,14,0
11/09/2026 12:24,33.3,14,0
11/09/2026 12:24,33.3,14,0
11/09/2026 12:24,33.3,14,0
11/09/2026 12:24,33.3,14,0
11/09/2026 12:24,33.3,14,0
11/09/2026 12:24,33.3,14,0
11/09/2026 12:24,33.3,14,0
11/09/2026 12:24,33.3,14,0
11/09/2026 12:24,33.3,14,0
11/09/2026 12:24,33.3,14,0
11/09/2026 12:24,33.3,14,0
11/09/2026 12:24,33.3,14,0
11/09/2026 12:24,33.3,14,0
11/09/2026 12:24,33.3,14,0
11/09/2026 12:24,33.3,14,0
11/09/2026 12:24,33.3,14,0
11/09/2026 12:24,33.3,14,0
11/09/2026 12:24,33.3,14,0
11/09/2026 12:25,33.3,14,0
11/09/2026 12:25,33.3,14,0
11/09/2026 12:25,33.3,14,0
11/09/2026 12:25,33.3,14,0
11/09/2026 12:25,33.3,14,0
11/09/2026 12:25,33.3,14,0
11/09/2026 12:25,33.3,14,0
11/09/2026 12:25,33.3,14,0
11/09/2026 12:25,33.3,14,0
11/09/2026 12:25,33.4,14,0
11/09/2026 12:25,33.4,14,0
11/09/2026 12:25,33.5,14,0
11/09/2026 12:25,33.6,14,0
11/09/2026 12:25,33.7,14,0
11/09/2026 12:25,33.7,14,0
11/09/2026 12:25,33.7,14,0
11/09/2026 12:25,33.8,14,0
11/09/2026 12:25,33.8,14,0
11/09/2026 12:25,33.8,14,0
11/09/2026 12:25,33.8,14,0
11/09/2026 12:25,33.8,14,0
11/09/2026 12:25,33.8,14,0
11/09/2026 12:25,33.8,14,0
11/09/2026 12:25,33.8,14,0
11/09/2026 12:25,33.8,14,0
11/09/2026 12:25,33.8,14,0
11/09/2026 12:25,33.8,14,0
11/09/2026 12:25,33.8,14,0
11/09/2026 12:25,33.8,14,0
11/09/2026 12:25,33.8,14,0
11/09/2026 12:26,33.8,14,0
11/09/2026 12:26,33.8,14,0
11/09/2026 12:26,33.8,14,0
11/09/2026 12:26,33.8,14,0
11/09/2026 12:26,33.8,14,0
11/09/2026 12:26,33.8,14,0
11/09/2026 12:26,33.8,14,0
11/09/2026 12:26,33.8,14,0
11/09/2026 12:26,33.8,14,0
11/09/2026 12:26,33.8,14,0
11/09/2026 12:26,33.8,14,0
11/09/2026 12:26,33.8,14,0
11/09/2026 12:26,33.8,14,0
11/09/2026 12:26,33.8,14,0
11/09/2026 12:26,33.8,14,0
11/09/2026 12:26,33.8,14,0
11/09/2026 12:26,33.8,14,0
11/09/2026 12:26,33.8,14,0
11/09/2026 12:26,33.8,14,0
11/09/2026 12:26,33.8,14,0
11/09/2026 12:26,33.8,14,0
11/09/2026 12:26,33.8,14,0
11/09/2026 12:26,33.8,14,0
11/09/2026 12:26,33.8,14,0
11/09/2026 12:26,33.8,14,0
11/09/2026 12:26,33.8,14,0
11/09/2026 12:26,33.8,14,0
11/09/2026 12:26,33.8,14,0
11/09/2026 12:26,33.8,14,0
11/09/2026 12:27,33.8,14,0
11/09/2026 12:27,33.8,14,0
11/09/2026 12:27,33.8,14,0
11/09/2026 12:27,33.8,14,0
11/09/2026 12:27,33.8,14,0
11/09/2026 12:27,33.8,14,0
11/09/2026 12:27,33.8,14,0
11/09/2026 12:27,33.8,14,0
11/09/2026 12:27,33.8,14,0
11/09/2026 12:27,33.8,14,0
11/09/2026 12:27,33.8,14,0
11/09/2026 12:27,33.8,14,0
11/09/2026 12:27,33.8,14,0
11/09/2026 12:27,33.8,14,0
11/09/2026 12:27,33.8,14,0
11/09/2026 12:27,33.8,14,0
11/09/2026 12:27,33.8,14,0
11/09/2026 12:27,33.8,14,0
11/09/2026 12:27,33.8,14,0
11/09/2026 12:27,33.8,14,0
11/09/2026 12:27,33.8,14,0
11/09/2026 12:27,33.7,14,0
11/09/2026 12:27,33.5,14,0
11/09/2026 12:27,33.4,14,0
11/09/2026 12:27,33.3,14,0
11/09/2026 12:27,33.3,14,0
11/09/2026 12:27,33.3,14,0
11/09/2026 12:27,33.3,14,0
11/09/2026 12:27,33.3,14,0
11/09/2026 12:27,33.3,14,0
11/09/2026 12:28,33.3,14,0
11/09/2026 12:28,33.3,14,0
11/09/2026 12:28,33.3,14,0
11/09/2026 12:28,33.3,14,0
11/09/2026 12:28,33.3,14,0
11/09/2026 12:28,33.3,14,0
11/09/2026 12:28,33.3,14,0
11/09/2026 12:28,33.3,14,0
11/09/2026 12:28,33.3,14,0
11/09/2026 12:28,33.3,14,0
11/09/2026 12:28,33.3,14,0
11/09/2026 12:28,33.3,14,0
11/09/2026 12:28,33.3,14,0
11/09/2026 12:28,33.3,14,0
11/09/2026 12:28,33.3,14,0
11/09/2026 12:28,33.3,14,0
11/09/2026 12:28,33.3,14,0
11/09/2026 12:28,33.3,14,0
11/09/2026 12:28,33.3,14,0
11/09/2026 12:28,33.3,14,0
11/09/2026 12:28,33.3,14,0
11/09/2026 12:28,33.3,14,0
11/09/2026 12:28,33.3,14,0
11/09/2026 12:28,33.3,14,0
11/09/2026 12:28,33.3,14,0
11/09/2026 12:28,33.3,14,0
11/09/2026 12:28,33.3,14,0
11/09/2026 12:28,33.3,14,0
11/09/2026 12:28,33.3,14,0
11/09/2026 12:29,33.3,14,0
11/09/2026 12:29,33.3,14,0
11/09/2026 12:29,33.3,14,0
11/09/2026 12:29,33.3,14,0
11/09/2026 12:29,33.3,14,0
11/09/2026 12:29,33.3,14,0
11/09/2026 12:29,33.3,14,0
11/09/2026 12:29,33.3,14,0
11/09/2026 12:29,33.3,14,0
11/09/2026 12:29,33.3,14,0
11/09/2026 12:29,33.3,14,0
11/09/2026 12:29,33.3,14,0
11/09/2026 12:29,33.3,14,0
11/09/2026 12:29,33.3,14,0
11/09/2026 12:29,33.3,14,0
11/09/2026 12:29,33.3,14,0
11/09/2026 12:29,33.3,14,0
11/09/2026 12:29,33.3,14,0
11/09/2026 12:29,33.3,14,0
11/09/2026 12:29,33.3,14,0
11/09/2026 12:29,33.3,14,0
11/09/2026 12:29,33.3,14,0
11/09/2026 12:29,33.3,14,0
11/09/2026 12:29,33.3,14,0
11/09/2026 12:29,33.3,14,0
11/09/2026 12:29,33.3,14,0
11/09/2026 12:29,33.3,14,0
11/09/2026 12:29,33.3,14,0
11/09/2026 12:29,33.3,14,0
11/09/2026 12:29,33.3,14,0
11/09/2026 12:30,33.3,14,0
11/09/2026 12:30,33.3,14,0
11/09/2026 12:30,33.3,14,0
11/09/2026 12:30,33.3,14,0
11/09/2026 12:30,33.3,14,0
11/09/2026 12:30,33.3,14,0
11/09/2026 12:30,33.3,14,0
11/09/2026 12:30,33.3,14,0
11/09/2026 12:30,33.3,14,0
11/09/2026 12:30,33.3,14,0
11/09/2026 12:30,33.3,14,0
11/09/2026 12:30,33.3,14,0
11/09/2026 12:30,33.3,14,0
11/09/2026 12:30,33.3,14,0
11/09/2026 12:30,33.3,14,0
11/09/2026 12:30,33.3,14,0
11/09/2026 12:30,33.3,14,0
11/09/2026 12:30,33.3,14,0
11/09/2026 12:30,33.3,14,0
11/09/2026 12:30,33.3,14,0
11/09/2026 12:30,33.3,14,0
11/09/2026 12:30,33.3,14,0
11/09/2026 12:30,33.3,14,0
11/09/2026 12:30,33.3,14,0
11/09/2026 12:30,33.3,14,0
11/09/2026 12:30,33.3,14,0
11/09/2026 12:30,33.3,14,0
11/09/2026 12:30,33.3,14,0
11/09/2026 12:30,33.3,14,0
11/09/2026 12:30,33.3,14,0
11/09/2026 12:31,33.3,14,0
11/09/2026 12:31,33.3,14,0
11/09/2026 12:31,33.3,14,0
11/09/2026 12:31,33.3,14,0
11/09/2026 12:31,33.3,14,0
11/09/2026 12:31,33.3,14,0
11/09/2026 12:31,33.3,14,0
11/09/2026 12:31,33.3,14,0
11/09/2026 12:31,33.3,14,0
11/09/2026 12:31,33.3,14,0
11/09/2026 12:31,33.3,14,0
11/09/2026 12:31,33.3,14,0
11/09/2026 12:31,33.3,14,0
11/09/2026 12:31,33.3,14,0
11/09/2026 12:31,33.3,14,0
11/09/2026 12:31,33.3,14,0
11/09/2026 12:31,33.3,14,0
11/09/2026 12:31,33.3,14,0
11/09/2026 12:31,33.3,14,0
11/09/2026 12:31,33.3,14,0
11/09/2026 12:31,33.3,14,0
11/09/2026 12:31,33.3,14,0
11/09/2026 12:31,33.3,14,0
11/09/2026 12:31,33.3,14,0
11/09/2026 12:31,33.3,14,0
11/09/2026 12:31,33.3,14,0
11/09/2026 12:31,33.3,14,0
11/09/2026 12:31,33.3,14,0
11/09/2026 12:31,33.3,14,0
11/09/2026 12:32,33.3,14,0
11/09/2026 12:32,33.3,14,0
11/09/2026 12:32,33.3,14,0
11/09/2026 12:32,33.3,14,0
11/09/2026 12:32,33.3,14,0
11/09/2026 12:32,33.3,14,0
11/09/2026 12:32,33.3,14,0
11/09/2026 12:32,33.3,14,0
11/09/2026 12:32,33.3,14,0
11/09/2026 12:32,33.3,14,0
11/09/2026 12:32,33.3,14,0
11/09/2026 12:32,33.3,14,0
11/09/2026 12:32,33.3,14,0
11/09/2026 12:32,33.3,14,0
11/09/2026 12:32,33.3,14,0
11/09/2026 12:32,33.3,14,0
11/09/2026 12:32,33.3,14,0
11/09/2026 12:32,33.3,14,0
11/09/2026 12:32,33.3,14,0
11/09/2026 12:32,33.3,14,0
11/09/2026 12:32,33.3,14,0
11/09/2026 12:32,33.3,14,0
11/09/2026 12:32,33.3,14,0
11/09/2026 12:32,33.3,14,0
11/09/2026 12:32,33.3,14,0
11/09/2026 12:32,33.3,14,0
11/09/2026 12:32,33.3,14,0
11/09/2026 12:32,33.3,14,0
11/09/2026 12:32,33.3,14,0
11/09/2026 12:32,33.3,14,0
11/09/2026 12:33,33.3,14,0
11/09/2026 12:33,33.3,14,0
11/09/2026 12:33,33.3,14,0
11/09/2026 12:33,33.3,14,0
11/09/2026 12:33,33.3,14,0
11/09/2026 12:33,33.3,14,0
11/09/2026 12:33,33.3,14,0
11/09/2026 12:33,33.3,14,0
11/09/2026 12:33,33.3,14,0
11/09/2026 12:33,33.3,14,0
11/09/2026 12:33,33.3,14,0
11/09/2026 12:33,33.3,14,0
11/09/2026 12:33,33.3,14,0
11/09/2026 12:33,33.3,14,0
11/09/2026 12:33,33.3,14,0
11/09/2026 12:33,33.3,14,0
11/09/2026 12:33,33.3,14,0
11/09/2026 12:33,33.3,14,0
11/09/2026 12:33,33.3,14,0
11/09/2026 12:33,33.3,14,0
11/09/2026 12:33,33.3,14,0
11/09/2026 12:33,33.3,14,0
11/09/2026 12:33,33.3,14,0
11/09/2026 12:33,33.3,14,0
11/09/2026 12:33,33.3,14,0
11/09/2026 12:33,33.3,14,0
11/09/2026 12:33,33.3,14,0
11/09/2026 12:33,33.3,14,0
11/09/2026 12:33,33.3,14,0
11/09/2026 12:34,33.3,14,0
11/09/2026 12:34,33.3,14,0
11/09/2026 12:34,33.3,14,0
11/09/2026 12:34,33.3,14,0
11/09/2026 12:34,33.3,14,0
11/09/2026 12:34,33.3,14,0
11/09/2026 12:34,33.3,14,0
11/09/2026 12:34,33.3,14,0
11/09/2026 12:34,33.3,14,0
11/09/2026 12:34,33.3,14,0
11/09/2026 12:34,33.3,14,0
11/09/2026 12:34,33.3,14,0
11/09/2026 12:34,33.3,14,0
11/09/2026 12:34,33.3,14,0
11/09/2026 12:34,33.3,14,0
11/09/2026 12:34,33.3,14,0
11/09/2026 12:34,33.3,14,0
11/09/2026 12:34,33.3,14,0
11/09/2026 12:34,33.3,14,0
11/09/2026 12:34,33.3,14,0
11/09/2026 12:34,33.3,14,0
11/09/2026 12:34,33.3,14,0
11/09/2026 12:34,33.3,14,0
11/09/2026 12:34,33.3,14,0
11/09/2026 12:34,33.3,14,0
11/09/2026 12:34,33.3,14,0
11/09/2026 12:34,33.3,14,0
11/09/2026 12:34,33.3,14,0
11/09/2026 12:34,33.3,14,0
11/09/2026 12:34,33.3,14,0
11/09/2026 12:35,33.3,14,0
11/09/2026 12:35,33.3,14,0
11/09/2026 12:35,33.3,14,0
11/09/2026 12:35,33.3,14,0
11/09/2026 12:35,33.3,14,0
11/09/2026 12:35,33.3,14,0
11/09/2026 12:35,33.3,14,0
11/09/2026 12:35,33.3,14,0
11/09/2026 12:35,33.3,14,0
11/09/2026 12:35,33.3,14,0
11/09/2026 12:35,33.3,14,0
11/09/2026 12:35,33.3,14,0
11/09/2026 12:35,33.3,14,0
11/09/2026 12:35,33.3,14,0
11/09/2026 12:35,33.3,14,0
11/09/2026 12:35,33.3,14,0
11/09/2026 12:35,33.3,14,0
11/09/2026 12:35,33.3,14,0
11/09/2026 12:35,33.3,14,0
11/09/2026 12:35,33.3,14,0
11/09/2026 12:35,33.3,14,0
11/09/2026 12:35,33.3,14,0
11/09/2026 12:35,33.3,14,0
11/09/2026 12:35,33.3,14,0
11/09/2026 12:35,33.3,14,0
11/09/2026 12:35,33.3,14,0
11/09/2026 12:35,33.3,14,0
11/09/2026 12:35,33.3,14,0
11/09/2026 12:35,33.3,14,0
11/09/2026 12:35,33.3,14,0
11/09/2026 12:36,33.3,14,0
11/09/2026 12:36,33.3,14,0
11/09/2026 12:36,33.3,14,0
11/09/2026 12:36,33.3,14,0
11/09/2026 12:36,33.3,14,0
11/09/2026 12:36,33.3,14,0
11/09/2026 12:36,33.3,14,0
11/09/2026 12:36,33.3,14,0
11/09/2026 12:36,33.3,14,0
11/09/2026 12:36,33.3,14,0
11/09/2026 12:36,33.3,14,0
11/09/2026 12:36,33.3,14,0
11/09/2026 12:36,33.3,14,0
11/09/2026 12:36,33.3,14,0
11/09/2026 12:36,33.3,14,0
11/09/2026 12:36,33.3,14,0
11/09/2026 12:36,33.3,14,0
11/09/2026 12:36,33.3,14,0
11/09/2026 12:36,33.3,14,0
11/09/2026 12:36,33.3,14,0
11/09/2026 12:36,33.3,14,0
11/09/2026 12:36,33.3,14,0
11/09/2026 12:36,33.3,14,0
11/09/2026 12:36,33.3,14,0
11/09/2026 12:36,33.3,14,0
11/09/2026 12:36,33.3,14,0
11/09/2026 12:36,33.3,14,0
11/09/2026 12:36,33.3,14,0
11/09/2026 12:36,33.3,14,0
11/09/2026 12:37,33.3,14,0
11/09/2026 12:37,33.3,14,0
11/09/2026 12:37,33.3,14,0
11/09/2026 12:37,33.3,14,0
11/09/2026 12:37,33.3,14,0
11/09/2026 12:37,33.3,14,0
11/09/2026 12:37,33.3,14,0
11/09/2026 12:37,33.3,14,0
11/09/2026 12:37,33.3,14,0
11/09/2026 12:37,33.3,14,0
11/09/2026 12:37,33.3,14,0
11/09/2026 12:37,33.3,14,0
11/09/2026 12:37,33.3,14,0
11/09/2026 12:37,33.3,14,0
11/09/2026 12:37,33.3,14,0
11/09/2026 12:37,33.3,14,0
11/09/2026 12:37,33.3,14,0
11/09/2026 12:37,33.3,14,0
11/09/2026 12:37,33.3,14,0
11/09/2026 12:37,33.3,14,0
11/09/2026 12:37,33.3,14,0
11/09/2026 12:37,33.3,14,0
11/09/2026 12:37,33.3,14,0
11/09/2026 12:37,33.3,14,0
11/09/2026 12:37,33.3,14,0
11/09/2026 12:37,33.3,14,0
11/09/2026 12:37,33.3,14,0
11/09/2026 12:37,33.3,14,0
11/09/2026 12:37,33.3,14,0
11/09/2026 12:37,33.3,14,0
11/09/2026 12:38,33.3,14,0
11/09/2026 12:38,33.3,14,0
11/09/2026 12:38,33.3,14,0
11/09/2026 12:38,33.3,14,0
11/09/2026 12:38,33.3,14,0
11/09/2026 12:38,33.3,14,0
11/09/2026 12:38,33.3,14,0
11/09/2026 12:38,33.3,14,0
11/09/2026 12:38,33.3,14,0
11/09/2026 12:38,33.3,14,0
11/09/2026 12:38,33.3,14,0
11/09/2026 12:38,33.3,14,0
11/09/2026 12:38,33.3,14,0
11/09/2026 12:38,33.3,14,0
11/09/2026 12:38,33.3,14,0
11/09/2026 12:38,33.3,14,0
11/09/2026 12:38,33.3,14,0
11/09/2026 12:38,33.3,14,0
11/09/2026 12:38,33.3,14,0
11/09/2026 12:38,33.3,14,0
11/09/2026 12:38,33.3,14,0
11/09/2026 12:38,33.3,14,0
11/09/2026 12:38,33.3,14,0
11/09/2026 12:38,33.3,14,0
11/09/2026 12:38,33.3,14,0
11/09/2026 12:38,33.3,14,0
11/09/2026 12:38,33.3,14,0
11/09/2026 12:38,33.3,14,0
11/09/2026 12:38,33.3,14,0
11/09/2026 12:39,33.3,14,0
11/09/2026 12:39,33.3,14,0
11/09/2026 12:39,33.3,14,0
11/09/2026 12:39,33.3,14,0
11/09/2026 12:39,33.3,14,0
11/09/2026 12:39,33.3,14,0
11/09/2026 12:39,33.3,14,0
11/09/2026 12:39,33.3,14,0
11/09/2026 12:39,33.3,14,0
11/09/2026 12:39,33.3,14,0
11/09/2026 12:39,33.3,14,0
11/09/2026 12:39,33.3,14,0
11/09/2026 12:39,33.3,14,0
11/09/2026 12:39,33.3,14,0
11/09/2026 12:39,33.3,14,0
11/09/2026 12:39,33.3,14,0
11/09/2026 12:39,33.3,14,0
11/09/2026 12:39,33.3,14,0
11/09/2026 12:39,33.3,14,0
11/09/2026 12:39,33.3,14,0
11/09/2026 12:39,33.3,14,0
11/09/2026 12:39,33.3,14,0
11/09/2026 12:39,33.3,14,0
11/09/2026 12:39,33.3,14,0
11/09/2026 12:39,33.3,14,0
11/09/2026 12:39,33.3,14,0
11/09/2026 12:39,33.3,14,0
11/09/2026 12:39,33.3,14,0
11/09/2026 12:39,33.3,14,0
11/09/2026 12:39,33.3,14,0
11/09/2026 12:40,33.3,14,0
11/09/2026 12:40,33.3,14,0
11/09/2026 12:40,33.3,14,0
11/09/2026 12:40,33.3,14,0
11/09/2026 12:40,33.3,14,0
11/09/2026 12:40,33.3,14,0
11/09/2026 12:40,33.3,14,0
11/09/2026 12:40,33.3,14,0
11/09/2026 12:40,33.3,14,0
11/09/2026 12:40,33.3,14,0
11/09/2026 12:40,33.3,14,0
11/09/2026 12:40,33.3,14,0
11/09/2026 12:40,33.3,14,0
11/09/2026 12:40,33.3,14,0
11/09/2026 12:40,33.3,14,0
11/09/2026 12:40,33.3,14,0
11/09/2026 12:40,33.3,14,0
11/09/2026 12:40,33.3,14,0
11/09/2026 12:40,33.3,14,0
11/09/2026 12:40,33.3,14,0
11/09/2026 12:40,33.3,14,0
11/09/2026 12:40,33.3,14,0
11/09/2026 12:40,33.3,14,0
11/09/2026 12:40,33.3,14,0
11/09/2026 12:40,33.3,14,0
11/09/2026 12:40,33.3,14,0
11/09/2026 12:40,33.3,14,0
11/09/2026 12:40,33.3,14,0
11/09/2026 12:40,33.3,14,0
11/09/2026 12:40,33.3,14,0
11/09/2026 12:41,33.3,14,0
11/09/2026 12:41,33.3,14,0
11/09/2026 12:41,33.3,14,0
11/09/2026 12:41,33.3,14,0
11/09/2026 12:41,33.3,14,0
11/09/2026 12:41,33.3,14,0
11/09/2026 12:41,33.3,14,0
11/09/2026 12:41,33.3,14,0
11/09/2026 12:41,33.3,14,0
11/09/2026 12:41,33.3,14,0
11/09/2026 12:41,33.3,14,0
11/09/2026 12:41,33.3,14,0
11/09/2026 12:41,33.3,14,0
11/09/2026 12:41,33.3,14,0
11/09/2026 12:41,33.3,14,0
11/09/2026 12:41,33.3,14,0
11/09/2026 12:41,33.3,14,0
11/09/2026 12:41,33.3,14,0
11/09/2026 12:41,33.3,14,0
11/09/2026 12:41,33.3,14,0
11/09/2026 12:41,33.3,14,0
11/09/2026 12:41,33.3,14,0
11/09/2026 12:41,33.3,14,0
11/09/2026 12:41,33.3,14,0
11/09/2026 12:41,33.3,14,0
11/09/2026 12:41,33.3,14,0
11/09/2026 12:41,33.3,14,0
11/09/2026 12:41,33.3,14,0
11/09/2026 12:41,33.3,14,0
11/09/2026 12:42,33.3,14,0
11/09/2026 12:42,33.3,14,0
11/09/2026 12:42,33.3,14,0
11/09/2026 12:42,33.3,14,0
11/09/2026 12:42,33.3,14,0
11/09/2026 12:42,33.3,14,0
11/09/2026 12:42,33.3,14,0
11/09/2026 12:42,33.3,14,0
11/09/2026 12:42,33.3,14,0
11/09/2026 12:42,33.3,14,0
11/09/2026 12:42,33.3,14,0
11/09/2026 12:42,33.3,14,0
11/09/2026 12:42,33.3,14,0
11/09/2026 12:42,33.3,14,0
11/09/2026 12:42,33.3,14,0
11/09/2026 12:42,33.3,14,0
11/09/2026 12:42,33.3,14,0
11/09/2026 12:42,33.3,14,0
11/09/2026 12:42,33.3,14,0
11/09/2026 12:42,33.3,14,0
11/09/2026 12:42,33.3,14,0
11/09/2026 12:42,33.3,14,0
11/09/2026 12:42,33.3,14,0
11/09/2026 12:42,33.3,14,0
11/09/2026 12:42,33.3,14,0
11/09/2026 12:42,33.3,14,0
11/09/2026 12:42,33.3,14,0
11/09/2026 12:42,33.3,14,0
11/09/2026 12:42,33.3,14,0
11/09/2026 12:42,33.3,14,0
11/09/2026 12:43,33.3,14,0
11/09/2026 12:43,33.3,14,0
11/09/2026 12:43,33.3,14,0
11/09/2026 12:43,33.3,14,0
11/09/2026 12:43,33.3,14,0
11/09/2026 12:43,33.3,14,0
11/09/2026 12:43,33.3,14,0
11/09/2026 12:43,33.3,14,0
11/09/2026 12:43,33.3,14,0
11/09/2026 12:43,33.3,14,0
11/09/2026 12:43,33.3,14,0
11/09/2026 12:43,33.3,14,0
11/09/2026 12:43,33.3,14,0
11/09/2026 12:43,33.3,14,0
11/09/2026 12:43,33.3,14,0
11/09/2026 12:43,33.3,14,0
11/09/2026 12:43,33.3,15,0
11/09/2026 12:43,33.3,15,0
11/09/2026 12:43,33.3,15,0
11/09/2026 12:43,33.5,14,0
11/09/2026 12:43,33.7,14,0
11/09/2026 12:43,33.8,14,0
11/09/2026 12:43,33.8,14,0
11/09/2026 12:43,33.8,14,0
11/09/2026 12:43,33.8,14,0
11/09/2026 12:43,33.8,14,0
11/09/2026 12:43,33.8,14,0
11/09/2026 12:43,33.8,14,0
11/09/2026 12:43,33.8,14,0
11/09/2026 12:43,33.8,14,0
11/09/2026 12:44,33.8,14,0
11/09/2026 12:44,33.8,14,0
11/09/2026 12:44,33.8,14,0
11/09/2026 12:44,33.8,14,0
11/09/2026 12:44,33.7,14,0
11/09/2026 12:44,33.5,14,0
11/09/2026 12:44,33.4,14,0
11/09/2026 12:44,33.3,14,0
11/09/2026 12:44,33.3,14,0
11/09/2026 12:44,33.3,14,0
11/09/2026 12:44,33.3,14,0
11/09/2026 12:44,33.3,14,0
11/09/2026 12:44,33.3,14,0
11/09/2026 12:44,33.3,14,0
11/09/2026 12:44,33.3,14,0
11/09/2026 12:44,33.3,14,0
11/09/2026 12:44,33.3,14,0
11/09/2026 12:44,33.3,14,0
11/09/2026 12:44,33.3,14,0
11/09/2026 12:44,33.3,14,0
11/09/2026 12:44,33.3,14,0
11/09/2026 12:44,33.3,14,0
11/09/2026 12:44,33.3,14,0
11/09/2026 12:44,33.3,14,0
11/09/2026 12:44,33.3,14,0
11/09/2026 12:44,33.3,14,0
11/09/2026 12:44,33.3,14,0
11/09/2026 12:44,33.3,14,0
11/09/2026 12:44,33.3,14,0
11/09/2026 12:45,33.3,14,0
11/09/2026 12:45,33.3,14,0
11/09/2026 12:45,33.3,14,0
11/09/2026 12:45,33.3,14,0
11/09/2026 12:45,33.3,14,0
11/09/2026 12:45,33.3,14,0
11/09/2026 12:45,33.3,14,0
11/09/2026 12:45,33.3,14,0
11/09/2026 12:45,33.3,14,0
11/09/2026 12:45,33.3,14,0
11/09/2026 12:45,33.3,14,0
11/09/2026 12:45,33.3,14,0
11/09/2026 12:45,33.3,14,0
11/09/2026 12:45,33.3,14,0
11/09/2026 12:45,33.3,14,0
11/09/2026 12:45,33.3,14,0
11/09/2026 12:45,33.3,14,0
11/09/2026 12:45,33.3,14,0
11/09/2026 12:45,33.3,14,0
11/09/2026 12:45,33.3,14,0
11/09/2026 12:45,33.3,14,0
11/09/2026 12:45,33.3,14,0
11/09/2026 12:45,33.3,14,0
11/09/2026 12:45,33.3,14,0
11/09/2026 12:45,33.3,14,0
11/09/2026 12:45,33.3,14,0
11/09/2026 12:45,33.3,14,0
11/09/2026 12:45,33.3,14,0
11/09/2026 12:45,33.3,14,0
11/09/2026 12:45,33.3,14,0
11/09/2026 12:46,33.3,14,0
11/09/2026 12:46,33.3,15,0
11/09/2026 12:46,33.3,15,0
11/09/2026 12:46,33.3,37,0
11/09/2026 12:46,33.3,36,0
11/09/2026 12:46,33.3,37,0
11/09/2026 12:46,33.4,37,0
11/09/2026 12:46,33.5,37,0
11/09/2026 12:46,33.6,38,0
11/09/2026 12:46,33.7,38,0
11/09/2026 12:46,33.8,38,0
11/09/2026 12:46,33.8,38,0
11/09/2026 12:46,33.8,38,0
11/09/2026 12:46,33.8,37,0
11/09/2026 12:46,33.8,37,0
11/09/2026 12:46,33.8,37,0
11/09/2026 12:46,33.7,37,0
11/09/2026 12:46,33.6,37,0
11/09/2026 12:46,33.6,37,0
11/09/2026 12:46,33.6,37,0
11/09/2026 12:46,33.5,37,0
11/09/2026 12:46,33.4,37,0
11/09/2026 12:46,33.3,36,0
11/09/2026 12:46,33.3,36,0
11/09/2026 12:46,33.3,36,0
11/09/2026 12:46,33.3,37,0
11/09/2026 12:46,33.3,37,0
11/09/2026 12:46,33.3,37,0
11/09/2026 12:46,33.3,37,0
11/09/2026 12:47,33.3,37,0
11/09/2026 12:47,33.3,37,0
11/09/2026 12:47,33.3,37,0
11/09/2026 12:47,33.3,36,0
11/09/2026 12:47,33.3,36,0
11/09/2026 12:47,33.3,36,0
11/09/2026 12:47,33.3,36,0
11/09/2026 12:47,33.3,36,0
11/09/2026 12:47,33.3,35,0
11/09/2026 12:47,33.3,35,0
11/09/2026 12:47,33.3,35,0
11/09/2026 12:47,33.3,34,0
11/09/2026 12:47,33.3,34,0
11/09/2026 12:47,33.3,35,0
11/09/2026 12:47,33.3,35,0
11/09/2026 12:47,33.3,34,0
11/09/2026 12:47,33.3,35,0
11/09/2026 12:47,33.3,35,0
11/09/2026 12:47,33.3,35,0
11/09/2026 12:47,33.3,35,0
11/09/2026 12:47,33.3,35,0
11/09/2026 12:47,33.3,35,0
11/09/2026 12:47,33.3,35,0
11/09/2026 12:47,33.3,36,0
11/09/2026 12:47,33.3,36,0
11/09/2026 12:47,33.3,36,0
11/09/2026 12:47,33.2,36,0
11/09/2026 12:47,33.1,36,0
11/09/2026 12:47,32.9,37,0
11/09/2026 12:47,32.9,37,0
11/09/2026 12:48,32.9,37,0
11/09/2026 12:48,32.9,37,0
11/09/2026 12:48,32.9,37,0
11/09/2026 12:48,33,36,0
11/09/2026 12:48,32.9,37,0
11/09/2026 12:48,32.8,36,0
11/09/2026 12:48,32.8,36,0
11/09/2026 12:48,32.8,36,0
11/09/2026 12:48,32.8,36,0
11/09/2026 12:48,32.8,35,0
11/09/2026 12:48,32.8,35,0
11/09/2026 12:48,32.8,35,0
11/09/2026 12:48,32.8,35,0
11/09/2026 12:48,32.8,34,0
11/09/2026 12:48,32.8,34,0
11/09/2026 12:48,32.8,34,0
11/09/2026 12:48,32.8,33,0
11/09/2026 12:48,32.8,33,0
11/09/2026 12:48,32.8,33,0
11/09/2026 12:48,32.8,32,0
11/09/2026 12:48,32.8,32,0
11/09/2026 12:48,32.8,32,0
11/09/2026 12:48,32.8,32,0
11/09/2026 12:48,32.8,32,0
11/09/2026 12:48,32.8,31,0
11/09/2026 12:48,32.8,31,0
11/09/2026 12:48,32.8,30,0
11/09/2026 12:48,32.8,30,0
11/09/2026 12:48,32.8,30,0
11/09/2026 12:48,32.8,29,0
11/09/2026 12:49,32.8,29,0
11/09/2026 12:49,32.8,29,0
11/09/2026 12:49,32.8,29,0
11/09/2026 12:49,32.8,29,0
11/09/2026 12:49,32.8,30,0
11/09/2026 12:49,32.8,30,0
11/09/2026 12:49,32.8,30,0
11/09/2026 12:49,32.8,30,0
11/09/2026 12:49,32.8,29,0
11/09/2026 12:49,32.8,29,0
11/09/2026 12:49,32.8,29,0
11/09/2026 12:49,32.8,29,0
11/09/2026 12:49,32.8,28,0
11/09/2026 12:49,32.8,28,0
11/09/2026 12:49,32.8,28,0
11/09/2026 12:49,32.8,28,0
11/09/2026 12:49,32.8,27,0
11/09/2026 12:49,32.8,27,0
11/09/2026 12:49,32.8,24,0
11/09/2026 12:49,32.8,22,0
11/09/2026 12:49,32.8,22,0
11/09/2026 12:49,32.8,21,0
11/09/2026 12:49,32.8,21,0
11/09/2026 12:49,32.8,21,0
11/09/2026 12:49,32.8,20,0
11/09/2026 12:49,32.8,20,0
11/09/2026 12:49,32.8,20,0
11/09/2026 12:49,32.8,20,0
11/09/2026 12:49,32.8,21,0
11/09/2026 12:50,32.8,21,0
11/09/2026 12:50,32.8,21,0
11/09/2026 12:50,32.8,21,0
11/09/2026 12:50,32.8,20,0
11/09/2026 12:50,32.8,20,0
11/09/2026 12:50,33,19,0
11/09/2026 12:50,33,19,0
11/09/2026 12:50,33,17,0
11/09/2026 12:50,32.9,18,0
11/09/2026 12:50,32.8,18,0
11/09/2026 12:50,32.8,18,0
11/09/2026 12:50,32.8,18,0
11/09/2026 12:50,32.8,18,0
11/09/2026 12:50,32.8,18,0
11/09/2026 12:50,32.8,18,0
11/09/2026 12:50,32.8,18,0
11/09/2026 12:50,32.8,18,0
11/09/2026 12:50,32.8,18,0
11/09/2026 12:50,32.8,18,0
11/09/2026 12:50,32.8,18,0
11/09/2026 12:50,32.8,18,0
11/09/2026 12:50,32.8,18,0
11/09/2026 12:50,32.8,17,0
11/09/2026 12:50,32.8,17,0
11/09/2026 12:50,32.8,17,0
11/09/2026 12:50,32.8,17,0
11/09/2026 12:50,32.8,17,0
11/09/2026 12:50,32.8,17,0
11/09/2026 12:50,32.8,17,0
11/09/2026 12:50,32.8,17,0
11/09/2026 12:51,32.8,17,0
11/09/2026 12:51,32.8,17,0
11/09/2026 12:51,32.8,17,0
11/09/2026 12:51,32.8,17,0
11/09/2026 12:51,32.8,17,0
11/09/2026 12:51,32.8,17,0
11/09/2026 12:51,32.8,17,0
11/09/2026 12:51,32.8,17,0
11/09/2026 12:51,32.8,17,0
11/09/2026 12:51,32.8,17,0
11/09/2026 12:51,32.8,17,0
11/09/2026 12:51,32.8,17,0
11/09/2026 12:51,32.8,17,0
11/09/2026 12:51,32.8,17,0
11/09/2026 12:51,32.8,17,0
11/09/2026 12:51,32.8,17,0
11/09/2026 12:51,32.8,17,0
11/09/2026 12:51,32.8,17,0
11/09/2026 12:51,32.8,17,0
11/09/2026 12:51,32.8,17,0
11/09/2026 12:51,32.8,17,0
11/09/2026 12:51,32.8,17,0
11/09/2026 12:51,32.8,17,0
11/09/2026 12:51,32.8,17,0
11/09/2026 12:51,32.8,17,0
11/09/2026 12:51,32.8,17,0
11/09/2026 12:51,32.8,17,0
11/09/2026 12:51,32.8,17,0
11/09/2026 12:51,32.8,17,0
11/09/2026 12:52,32.8,17,0
11/09/2026 12:52,32.8,17,0
11/09/2026 12:52,32.8,17,0
11/09/2026 12:52,32.8,17,0
11/09/2026 12:52,32.8,17,0
11/09/2026 12:52,32.8,17,0
11/09/2026 12:52,32.8,17,0
11/09/2026 12:52,32.8,17,0
11/09/2026 12:52,32.8,17,0
11/09/2026 12:52,32.8,17,0
11/09/2026 12:52,32.8,17,0
11/09/2026 12:52,32.8,17,0
11/09/2026 12:52,32.8,17,0
11/09/2026 12:52,32.8,17,0
11/09/2026 12:52,32.8,17,0
11/09/2026 12:52,32.8,17,0
11/09/2026 12:52,32.8,17,0
11/09/2026 12:52,32.8,17,0
11/09/2026 12:52,32.8,17,0
11/09/2026 12:52,32.8,17,0
11/09/2026 12:52,32.8,17,0
11/09/2026 12:52,32.8,17,0
11/09/2026 12:52,32.8,16,0
11/09/2026 12:52,32.8,17,0
11/09/2026 12:52,32.8,17,0
11/09/2026 12:52,32.8,17,0
11/09/2026 12:52,32.8,16,0
11/09/2026 12:52,32.8,16,0
11/09/2026 12:52,32.8,16,0
11/09/2026 12:52,32.7,16,0
11/09/2026 12:53,32.5,16,0
11/09/2026 12:53,32.3,16,0
11/09/2026 12:53,32.3,16,0
11/09/2026 12:53,32.3,16,0
11/09/2026 12:53,32.3,16,0
11/09/2026 12:53,32.3,16,0
11/09/2026 12:53,32.3,16,0
11/09/2026 12:53,32.3,17,0
11/09/2026 12:53,32.3,17,0
11/09/2026 12:53,32.3,17,0
11/09/2026 12:53,32.3,17,0
11/09/2026 12:53,32.3,17,0
11/09/2026 12:53,32.3,17,0
11/09/2026 12:53,32.3,17,0
11/09/2026 12:53,32.3,16,0
11/09/2026 12:53,32.3,16,0
11/09/2026 12:53,32.3,15,0
11/09/2026 12:53,32.3,16,0
11/09/2026 12:53,32.3,15,0
11/09/2026 12:53,32.3,15,0
11/09/2026 12:53,32.3,15,0
11/09/2026 12:53,32.3,15,0
11/09/2026 12:53,32.3,15,0
11/09/2026 12:53,32.3,15,0
11/09/2026 12:53,32.3,15,0
11/09/2026 12:53,32.3,16,0
11/09/2026 12:53,32.3,15,0
11/09/2026 12:53,32.3,15,0
11/09/2026 12:53,32.3,15,0
11/09/2026 12:53,32.3,16,0
11/09/2026 12:54,32.3,15,0
11/09/2026 12:54,32.3,15,0
11/09/2026 12:54,32.3,15,0
11/09/2026 12:54,32.3,15,0
11/09/2026 12:54,32.3,15,0
11/09/2026 12:54,32.3,15,0
11/09/2026 12:54,32.3,15,0
11/09/2026 12:54,32.3,16,0
11/09/2026 12:54,32.3,16,0
11/09/2026 12:54,32.3,16,0
11/09/2026 12:54,32.3,16,0
11/09/2026 12:54,32.3,16,0
11/09/2026 12:54,32.3,16,0
11/09/2026 12:54,32.3,16,0
11/09/2026 12:54,32.3,17,0
11/09/2026 12:54,32.3,16,0
11/09/2026 12:54,32.3,16,0
11/09/2026 12:54,32.3,17,0
11/09/2026 12:54,32.3,17,0
11/09/2026 12:54,32.3,17,0
11/09/2026 12:54,32.3,17,0
11/09/2026 12:54,32.3,17,0
11/09/2026 12:54,32.3,17,0
11/09/2026 12:54,32.3,17,0
11/09/2026 12:54,32.3,17,0
11/09/2026 12:54,32.3,17,0
11/09/2026 12:54,32.3,17,0
11/09/2026 12:54,32.3,17,0
11/09/2026 12:54,32.3,16,0
11/09/2026 12:55,32.3,17,0
11/09/2026 12:55,32.3,16,0
11/09/2026 12:55,32.3,16,0
11/09/2026 12:55,32.3,16,0
11/09/2026 12:55,32.3,16,0
11/09/2026 12:55,32.3,16,0
11/09/2026 12:55,32.3,17,0
11/09/2026 12:55,32.3,17,0
11/09/2026 12:55,32.3,17,0
11/09/2026 12:55,32.3,17,0
11/09/2026 12:55,32.3,17,0
11/09/2026 12:55,32.3,17,0
11/09/2026 12:55,32.3,17,0
11/09/2026 12:55,32.3,17,0
11/09/2026 12:55,32.3,17,0
11/09/2026 12:55,32.3,17,0
11/09/2026 12:55,32.3,17,0
11/09/2026 12:55,32.3,17,0
11/09/2026 12:55,32.3,17,0
11/09/2026 12:55,32.3,17,0
11/09/2026 12:55,32.3,17,0
11/09/2026 12:55,32.3,17,0
11/09/2026 12:55,32.3,17,0
11/09/2026 12:55,32.3,17,0
11/09/2026 12:55,32.3,17,0
11/09/2026 12:55,32.3,17,0
11/09/2026 12:55,32.3,17,0
11/09/2026 12:55,32.3,17,0
11/09/2026 12:55,32.3,17,0
11/09/2026 12:55,32.3,17,0
11/09/2026 12:56,32.3,17,0
11/09/2026 12:56,32.3,17,0
11/09/2026 12:56,32.3,17,0
11/09/2026 12:56,32.3,17,0
11/09/2026 12:56,32.3,17,0
11/09/2026 12:56,32.3,17,0
11/09/2026 12:56,32.3,17,0
11/09/2026 12:56,32.3,17,0
11/09/2026 12:56,32.3,17,0
11/09/2026 12:56,32.3,16,0
11/09/2026 12:56,32.3,16,0
11/09/2026 12:56,32.3,16,0
11/09/2026 12:56,32.3,16,0
11/09/2026 12:56,32.3,16,0
11/09/2026 12:56,32.3,16,0
11/09/2026 12:56,32.3,17,0
11/09/2026 12:56,32.3,17,0
11/09/2026 12:56,32.3,17,0
11/09/2026 12:56,32.3,17,0
11/09/2026 12:56,32.3,17,0
11/09/2026 12:56,32.3,17,0
11/09/2026 12:56,32.3,17,0
11/09/2026 12:56,32.3,17,0
11/09/2026 12:56,32.3,17,0
11/09/2026 12:56,32.3,17,0
11/09/2026 12:56,32.3,17,0
11/09/2026 12:56,32.3,17,0
11/09/2026 12:56,32.3,17,0
11/09/2026 12:56,32.3,17,0
11/09/2026 12:56,32.3,17,0
11/09/2026 12:57,32.3,17,0
11/09/2026 12:57,32.3,17,0
11/09/2026 12:57,32.3,17,0
11/09/2026 12:57,32.3,17,0
11/09/2026 12:57,32.3,17,0
11/09/2026 12:57,32.3,17,0
11/09/2026 12:57,32.3,17,0
11/09/2026 12:57,32.3,16,0
11/09/2026 12:57,32.3,15,0
11/09/2026 12:57,32.3,15,0
11/09/2026 12:57,32.3,16,0
11/09/2026 12:57,32.3,15,0
11/09/2026 12:57,32.3,15,0
11/09/2026 12:57,32.3,15,0
11/09/2026 12:57,32.3,15,0
11/09/2026 12:57,32.3,16,0
11/09/2026 12:57,32.3,16,0
11/09/2026 12:57,32.3,16,0
11/09/2026 12:57,32.3,16,0
11/09/2026 12:57,32.3,15,0
11/09/2026 12:57,32.3,16,0
11/09/2026 12:57,32.3,16,0
11/09/2026 12:57,32.3,16,0
11/09/2026 12:57,32.3,16,0
11/09/2026 12:57,32.3,16,0
11/09/2026 12:57,32.3,16,0
11/09/2026 12:57,32.3,16,0
11/09/2026 12:57,32.3,17,0
11/09/2026 12:57,32.3,17,0
11/09/2026 12:58,32.3,16,0
11/09/2026 12:58,32.3,15,0
11/09/2026 12:58,32.3,16,0
11/09/2026 12:58,32.3,17,0
11/09/2026 12:58,32.3,16,0
11/09/2026 12:58,32.3,17,0
11/09/2026 12:58,32.3,17,0
11/09/2026 12:58,32.3,17,0
11/09/2026 12:58,32.3,16,0
11/09/2026 12:58,32.3,16,0
11/09/2026 12:58,32.3,16,0
11/09/2026 12:58,32.3,16,0
11/09/2026 12:58,32.3,17,0
11/09/2026 12:58,32.3,17,0
11/09/2026 12:58,32.3,17,0
11/09/2026 12:58,32.3,17,0
11/09/2026 12:58,32.3,17,0
11/09/2026 12:58,32.3,17,0
11/09/2026 13:10,30.8,35,1.67
11/09/2026 13:10,30.8,35,1.74
11/09/2026 13:10,30.8,36,1.77
11/09/2026 13:10,30.8,36,1.81
11/09/2026 13:10,30.8,36,1.83
11/09/2026 13:10,30.8,37,2.03
11/09/2026 13:10,30.8,37,2.08
11/09/2026 13:10,30.8,37,2.08
11/09/2026 13:11,30.8,38,2.08
11/09/2026 13:11,30.8,38,2.12
11/09/2026 13:11,30.8,38,2.19
11/09/2026 13:11,30.8,39,2.19
11/09/2026 13:11,30.8,40,2.22
11/09/2026 13:11,30.8,40,2.31
11/09/2026 13:11,30.8,41,2.37
11/09/2026 13:11,30.7,41,2.4
11/09/2026 13:11,30.2,41,2.44
11/09/2026 13:11,30.2,42,2.44
11/09/2026 13:11,30.2,42,2.46
11/09/2026 13:11,30.2,43,2.5
11/09/2026 13:11,30.2,44,2.51
11/09/2026 13:11,30.2,45,2.51
11/09/2026 13:11,30.2,45,2.5
11/09/2026 13:11,30.2,46,2.52
11/09/2026 13:11,30.2,46,2.55
11/09/2026 13:11,30.2,47,2.56
11/09/2026 13:11,30.2,47,2.55
11/09/2026 13:11,30.2,47,2.55
11/09/2026 13:11,29.8,48,2.56
11/09/2026 13:11,29.8,69,2.64
11/09/2026 13:11,29.8,71,2.6
11/09/2026 13:11,29.8,72,2.6
11/09/2026 13:11,29.8,72,2.61
11/09/2026 13:11,29.8,73,2.66
11/09/2026 13:11,29.8,74,2.7
11/09/2026 13:11,29.8,75,2.7
11/09/2026 13:11,29.5,74,2.66
11/09/2026 13:12,29.3,75,2.67
11/09/2026 13:12,29.3,76,2.56
11/09/2026 13:12,29.3,76,2.59
11/09/2026 13:12,29.3,76,2.56
11/09/2026 13:12,29.3,76,2.57
11/09/2026 13:12,29.3,88,2.57
11/09/2026 13:12,29.3,87,2.47
11/09/2026 13:12,29.3,86,2.48
11/09/2026 13:12,29.3,85,2.44
11/09/2026 13:12,29.3,84,2.47
11/09/2026 13:12,29.3,85,2.48
11/09/2026 13:12,29.3,86,2.49
11/09/2026 13:12,29.3,86,2.49
11/09/2026 13:12,29,86,2.49
11/09/2026 13:12,29,86,2.49
11/09/2026 13:12,29,87,2.51
11/09/2026 13:12,29.2,87,2.5
11/09/2026 13:12,29.3,87,2.51
11/09/2026 13:12,29.3,84,2.56
11/09/2026 13:12,29.3,84,2.47
11/09/2026 13:12,29.3,84,2.48
11/09/2026 13:12,29.3,84,2.46
11/09/2026 13:12,29.3,84,2.46
11/09/2026 13:12,29.3,84,2.48
11/09/2026 13:12,29.3,84,2.51
11/09/2026 13:12,29.3,84,2.51
11/09/2026 13:12,29.3,84,2.52
11/09/2026 13:12,29.3,84,2.52
11/09/2026 13:12,29.3,84,2.49
11/09/2026 13:12,29.3,84,2.42
11/09/2026 13:13,29.3,84,2.42
11/09/2026 13:13,29.3,84,2.5
11/09/2026 13:13,29.3,84,2.45
11/09/2026 13:13,29.3,84,2.47
11/09/2026 13:13,29.3,84,2.48
11/09/2026 13:13,29.3,87,2.52
11/09/2026 13:13,29.3,87,2.51
11/09/2026 13:13,29.3,88,2.48
11/09/2026 13:13,29.3,83,2.47
11/09/2026 13:13,29.3,80,2.52
11/09/2026 13:13,29.3,80,2.49
11/09/2026 13:13,29.3,80,2.55
11/09/2026 13:13,29.3,79,2.53
11/09/2026 13:13,29.3,79,2.53
11/09/2026 13:13,29.3,78,2.53
11/09/2026 13:13,29.3,77,2.53
11/09/2026 13:13,29.3,77,2.54
11/09/2026 13:13,29.3,76,2.54
11/09/2026 13:13,29.3,76,2.6
11/09/2026 13:13,29.3,76,2.62
11/09/2026 13:13,29.3,75,2.6
11/09/2026 13:13,29.3,75,2.55
11/09/2026 13:13,29.3,75,2.55
11/09/2026 13:13,29.3,75,2.53
11/09/2026 13:13,29.3,74,2.56
11/09/2026 13:13,29.3,73,2.55
11/09/2026 13:13,29.3,72,2.5
11/09/2026 13:13,29.3,72,2.51
11/09/2026 13:13,29.3,72,2.48
11/09/2026 13:14,29.3,72,2.5
11/09/2026 13:14,29.3,72,2.51
11/09/2026 13:14,29.3,72,2.49
11/09/2026 13:14,29.3,72,2.49
11/09/2026 13:14,29.3,71,2.53
11/09/2026 13:14,29.3,72,2.52
11/09/2026 13:14,29.3,72,2.53
11/09/2026 13:14,29.3,72,2.53
11/09/2026 13:14,29.3,72,2.5
11/09/2026 13:14,29.3,72,2.57
11/09/2026 13:14,29.3,72,2.6
11/09/2026 13:14,29.3,72,2.56
11/09/2026 13:14,29.3,71,2.54
11/09/2026 13:14,29.3,71,2.57
11/09/2026 13:14,29.3,72,2.58
11/09/2026 13:14,29.3,71,2.53
11/09/2026 13:14,29.3,76,2.59
11/09/2026 13:14,29.3,76,2.58
11/09/2026 13:14,29.3,76,2.6
11/09/2026 13:14,29.3,77,2.59
11/09/2026 13:14,29.3,78,2.58
11/09/2026 13:14,29.3,78,2.55
11/09/2026 13:14,29.3,79,2.58
11/09/2026 13:14,29.3,79,2.61
11/09/2026 13:14,28.9,81,2.61
11/09/2026 13:14,28.9,81,2.55
11/09/2026 13:14,28.9,82,2.58
11/09/2026 13:14,28.9,81,2.59
11/09/2026 13:14,28.9,80,2.61
11/09/2026 13:14,28.9,79,2.68
11/09/2026 13:15,28.9,75,2.58
11/09/2026 13:15,28.9,75,2.6
11/09/2026 13:15,28.9,74,2.57
11/09/2026 13:15,28.6,79,2.59
11/09/2026 13:15,28.5,80,2.58
11/09/2026 13:15,28.5,81,2.09
11/09/2026 13:15,28.5,80,1.57
11/09/2026 13:15,28.5,80,1.95
11/09/2026 13:15,28.5,80,1.99
11/09/2026 13:15,28.5,80,2.07
11/09/2026 13:15,28.5,80,2.16
11/09/2026 13:15,28.5,79,2.43
11/09/2026 13:15,28.5,79,2.48
11/09/2026 13:15,28.5,79,2.53
11/09/2026 13:15,28.5,81,2.54
11/09/2026 13:15,28.5,81,2.56
11/09/2026 13:15,28.4,82,2.53
11/09/2026 13:15,28.3,80,2.49
11/09/2026 13:15,28.1,80,2.53
11/09/2026 13:15,28,83,2.58
11/09/2026 13:15,28,84,2.58
11/09/2026 13:15,28,83,2.65
11/09/2026 13:15,28,80,2.67
11/09/2026 13:15,28,78,2.63
11/09/2026 13:15,28,78,2.73
11/09/2026 13:15,27.6,79,2.7
11/09/2026 13:15,27.1,78,2.69
11/09/2026 13:15,27,78,2.73
11/09/2026 13:15,26.8,78,2.71
11/09/2026 13:15,26.5,77,2.72
11/09/2026 13:16,26.2,76,2.7
11/09/2026 13:16,26,76,2.69
11/09/2026 13:16,25.7,74,2.7
11/09/2026 13:16,25.5,73,2.71
11/09/2026 13:16,25.2,73,2.71
11/09/2026 13:16,25.3,74,2.69
11/09/2026 13:16,24.5,74,2.71
11/09/2026 13:16,24.2,74,2.73
11/09/2026 13:16,24.5,74,2.73
11/09/2026 13:16,24.7,74,2.74
11/09/2026 13:16,25.3,73,2.7
11/09/2026 13:16,26.9,73,2.68
11/09/2026 13:16,27.1,73,2.66
11/09/2026 13:16,27.1,73,2.67
11/09/2026 13:16,28,72,2.75
11/09/2026 13:16,28.3,72,2.72
11/09/2026 13:16,28.5,71,2.68
11/09/2026 13:16,28.5,71,2.69
11/09/2026 13:16,28.5,71,2.66
11/09/2026 13:16,28.1,71,2.63
11/09/2026 13:16,28,71,2.62
11/09/2026 13:16,28,71,2.61
11/09/2026 13:16,28.1,71,2.65
11/09/2026 13:16,28.1,71,2.61
11/09/2026 13:16,28.1,71,2.62
11/09/2026 13:16,28.1,71,2.63
11/09/2026 13:16,28.1,71,2.63
11/09/2026 13:16,28.1,71,2.65
11/09/2026 13:16,28.1,71,2.64
11/09/2026 13:17,28.1,71,2.65
11/09/2026 13:17,28.1,71,2.65
11/09/2026 13:17,28.1,71,2.65
11/09/2026 13:17,28.1,71,2.65
11/09/2026 13:17,28.1,71,2.73
11/09/2026 13:17,28.1,72,2.72
11/09/2026 13:17,28.1,72,2.7
11/09/2026 13:17,28.2,72,2.7
11/09/2026 13:17,28.3,72,2.7
11/09/2026 13:17,28.5,72,2.71
11/09/2026 13:17,28.5,72,2.68
11/09/2026 13:17,28.5,72,2.69
11/09/2026 13:17,28.5,72,2.67
11/09/2026 13:17,28,72,2.69
11/09/2026 13:17,27.7,73,1.9
11/09/2026 13:17,28.2,66,2.99
11/09/2026 13:17,27.6,68,2.88
11/09/2026 13:17,28.5,68,2.79
11/09/2026 13:17,28.5,68,2.7
11/09/2026 13:17,28.5,68,2.59
11/09/2026 13:17,28.5,68,3.39
11/09/2026 13:17,27.9,69,3.25
11/09/2026 13:17,27.6,69,3.29
11/09/2026 13:17,27.1,69,3.31
11/09/2026 13:17,25.8,69,3.32
11/09/2026 13:17,26.2,69,3.27
11/09/2026 13:17,26,69,3.26
11/09/2026 13:17,25.8,69,3.21
11/09/2026 13:17,25.7,69,3.18
11/09/2026 13:17,25.7,69,3.17
11/09/2026 13:18,25.6,70,3.13
11/09/2026 13:18,25.5,69,3.11
11/09/2026 13:18,25.3,69,3.1
11/09/2026 13:18,25.2,69,3.09
11/09/2026 13:18,25.2,71,3.08
11/09/2026 13:18,25.2,71,3.07
11/09/2026 13:18,25.1,71,3.05
11/09/2026 13:18,25,71,3.04
11/09/2026 13:18,24.9,71,3.04
11/09/2026 13:18,24.8,72,3.04
11/09/2026 13:18,24.8,72,3.01
11/09/2026 13:18,24.8,72,3.01
11/09/2026 13:18,24.9,72,3.04
11/09/2026 13:18,24.8,72,3.01
11/09/2026 13:18,24.8,72,3.03
11/09/2026 13:18,24.8,72,3.03
11/09/2026 13:18,24.8,72,2.99
11/09/2026 13:18,24.8,72,2.96
11/09/2026 13:18,24.8,72,2.95
11/09/2026 13:18,24.8,72,2.95
11/09/2026 13:18,24.9,72,2.95
11/09/2026 13:18,25,72,2.95
11/09/2026 13:18,24.9,72,2.97
11/09/2026 13:18,25,72,2.96
11/09/2026 13:18,25,72,2.95
11/09/2026 13:18,25,72,2.92
11/09/2026 13:18,25,72,2.95
11/09/2026 13:18,25,72,2.93
11/09/2026 13:18,25,73,2.92
11/09/2026 13:18,25,73,2.91
11/09/2026 13:19,25,73,2.91
11/09/2026 13:19,25,73,2.9
11/09/2026 13:19,25,73,2.91
11/09/2026 13:19,25,73,2.88
11/09/2026 13:19,25.1,73,2.89
11/09/2026 13:19,25.1,73,2.89
11/09/2026 13:19,25.1,73,2.88
11/09/2026 13:19,25.1,73,2.86
11/09/2026 13:19,25.1,73,2.91
11/09/2026 13:19,25.1,73,2.89
11/09/2026 13:19,25.1,73,2.89
11/09/2026 13:19,25.2,73,2.89
11/09/2026 13:19,25.2,73,2.88
11/09/2026 13:19,25.2,73,2.87
11/09/2026 13:19,25.2,73,2.86
11/09/2026 13:19,25.2,73,2.86
11/09/2026 13:19,25.2,73,2.86
11/09/2026 13:19,25.3,73,2.85
11/09/2026 13:19,25.3,73,2.86
11/09/2026 13:19,25.3,73,2.85
11/09/2026 13:19,25.3,73,2.85
11/09/2026 13:19,25.4,73,2.85
11/09/2026 13:19,25.5,73,2.83
11/09/2026 13:19,25.5,73,2.85
11/09/2026 13:19,25.5,73,2.84
11/09/2026 13:19,25.5,73,2.84
11/09/2026 13:19,25.5,73,2.86
11/09/2026 13:19,25.5,73,2.85
11/09/2026 13:19,25.5,73,2.84
11/09/2026 13:20,25.5,73,2.83
11/09/2026 13:20,25.5,73,2.86
11/09/2026 13:20,25.5,73,2.86
11/09/2026 13:20,25.5,73,2.89
11/09/2026 13:20,25.6,73,2.93
11/09/2026 13:20,25.6,73,2.93
11/09/2026 13:20,25.6,73,2.98
11/09/2026 13:20,25.6,73,2.91
11/09/2026 13:20,25.6,72,2.91
11/09/2026 13:20,25.6,72,2.95
11/09/2026 13:20,25.6,72,2.9
11/09/2026 13:20,25.6,72,2.89
11/09/2026 13:20,25.6,72,2.87
11/09/2026 13:20,25.6,72,2.88
11/09/2026 13:20,25.7,72,2.87
11/09/2026 13:20,25.6,72,2.86
11/09/2026 13:20,25.6,72,2.84
11/09/2026 13:20,25.7,72,2.89
11/09/2026 13:20,25.7,72,2.88
11/09/2026 13:20,25.7,72,2.86
11/09/2026 13:20,25.7,72,2.84
11/09/2026 13:20,25.7,72,2.85
11/09/2026 13:20,25.7,72,2.85
11/09/2026 13:20,25.7,72,2.84
11/09/2026 13:20,25.7,72,2.84
11/09/2026 13:20,25.7,72,2.83
11/09/2026 13:20,25.7,72,2.83
11/09/2026 13:20,25.7,73,2.84
11/09/2026 13:20,25.7,73,2.83
11/09/2026 13:20,25.7,73,2.83
11/09/2026 13:21,25.7,73,2.83
11/09/2026 13:21,25.7,73,2.82
11/09/2026 13:21,25.7,73,2.82
11/09/2026 13:21,25.7,73,2.81
11/09/2026 13:21,25.7,73,2.82
11/09/2026 13:21,25.8,73,2.81
11/09/2026 13:21,25.8,73,2.82
11/09/2026 13:21,25.9,73,2.8
11/09/2026 13:21,25.9,73,2.81
11/09/2026 13:21,25.9,73,3.09
11/09/2026 13:21,26,73,3.01
11/09/2026 13:21,26,73,2.93
11/09/2026 13:21,26,73,2.89
11/09/2026 13:21,26,73,2.87
11/09/2026 13:21,26.1,73,2.84
11/09/2026 13:21,26.1,73,2.9
11/09/2026 13:21,26.1,73,2.88
11/09/2026 13:21,26.1,73,2.9
11/09/2026 13:21,26.2,73,2.89
11/09/2026 13:21,26.2,73,2.88
11/09/2026 13:21,26.2,73,2.9
11/09/2026 13:21,26.2,73,2.9
11/09/2026 13:21,26.2,73,2.94
11/09/2026 13:21,26.2,73,2.89
11/09/2026 13:21,26.2,73,3.07
11/09/2026 13:21,26.2,73,3
11/09/2026 13:21,26.2,73,2.93
11/09/2026 13:21,26.2,73,2.89
11/09/2026 13:21,26.2,73,2.86
11/09/2026 13:22,26.2,73,2.86
11/09/2026 13:22,26.2,73,2.84
11/09/2026 13:22,26.2,73,2.82
11/09/2026 13:22,26.2,73,2.81
11/09/2026 13:22,26.2,73,3.06
11/09/2026 13:22,26.2,73,3.01
11/09/2026 13:22,26.2,73,2.96
11/09/2026 13:22,26.2,73,2.92
11/09/2026 13:22,26.3,73,2.88
11/09/2026 13:22,26.3,73,2.89
11/09/2026 13:22,26.4,73,2.88
11/09/2026 13:22,26.4,73,2.97
11/09/2026 13:22,26.5,73,2.92
11/09/2026 13:22,26.5,73,2.88
11/09/2026 13:22,26.5,73,2.84
11/09/2026 13:22,26.6,73,2.83
11/09/2026 13:22,26.6,73,2.81
11/09/2026 13:22,26.6,73,2.8
11/09/2026 13:22,26.6,73,2.79
11/09/2026 13:22,26.7,73,2.79
11/09/2026 13:22,26.7,73,2.78
11/09/2026 13:22,26.7,73,2.78
11/09/2026 13:22,26.7,73,2.79
11/09/2026 13:22,26.7,73,2.78
11/09/2026 13:22,26.7,73,2.77
11/09/2026 13:22,26.7,73,2.76
11/09/2026 13:22,26.7,73,2.76
11/09/2026 13:22,26.7,73,2.76
11/09/2026 13:22,26.7,73,2.75
11/09/2026 13:22,26.8,73,2.76
11/09/2026 13:23,26.8,73,2.75
11/09/2026 13:23,26.7,73,2.9
11/09/2026 13:23,26.8,73,2.85
11/09/2026 13:23,26.8,73,2.81
11/09/2026 13:23,26.8,73,2.78
11/09/2026 13:23,26.9,73,2.77
11/09/2026 13:23,27,73,2.8
11/09/2026 13:23,27,73,2.76
11/09/2026 13:23,27.1,73,2.74
11/09/2026 13:23,27.1,73,2.73
11/09/2026 13:23,27.1,73,2.73
11/09/2026 13:23,27.1,73,2.71
11/09/2026 13:23,27.1,73,2.72
11/09/2026 13:23,27.1,73,2.72
11/09/2026 13:23,27.1,73,2.72
11/09/2026 13:23,27.1,73,2.71
11/09/2026 13:23,27.1,73,2.84
11/09/2026 13:23,27.1,73,2.8
11/09/2026 13:23,27.1,73,2.76
11/09/2026 13:23,27.1,73,2.75
11/09/2026 13:23,27.1,73,2.73
11/09/2026 13:23,27.1,73,2.72
11/09/2026 13:23,27.1,73,2.72
11/09/2026 13:23,27.2,73,2.71
11/09/2026 13:23,27.6,73,2.7
11/09/2026 13:23,27.6,73,2.71
11/09/2026 13:23,27.6,73,2.69
11/09/2026 13:23,27.6,73,2.7
11/09/2026 13:23,27.6,73,2.69
11/09/2026 13:23,27.6,73,2.68
11/09/2026 13:24,27.6,73,2.68
11/09/2026 13:24,27.6,73,2.68
11/09/2026 13:24,27.6,73,2.67
11/09/2026 13:24,27.6,73,2.68
11/09/2026 13:24,27.6,73,2.68
11/09/2026 13:24,27.6,73,2.66
11/09/2026 13:24,27.6,73,2.66
11/09/2026 13:24,27.6,73,2.67
11/09/2026 13:24,27.6,73,2.67
11/09/2026 13:24,27.6,73,2.66
11/09/2026 13:24,27.6,73,2.66
11/09/2026 13:24,27.6,73,2.67
11/09/2026 13:24,27.6,73,2.66
11/09/2026 13:24,27.6,73,2.67
11/09/2026 13:24,27.6,73,2.67
11/09/2026 13:24,27.6,73,2.67
11/09/2026 13:24,27.6,73,2.66
11/09/2026 13:24,27.6,73,2.67
11/09/2026 13:24,27.6,73,2.65
11/09/2026 13:24,27.6,73,2.67
11/09/2026 13:24,27.6,73,2.68
11/09/2026 13:24,27.7,73,2.68
11/09/2026 13:24,27.8,74,2.67
11/09/2026 13:24,28,73,2.67
11/09/2026 13:24,28,73,2.68
11/09/2026 13:24,28,73,2.68
11/09/2026 13:24,28,73,2.68
11/09/2026 13:24,28,73,2.67
11/09/2026 13:24,28,73,2.66
11/09/2026 13:25,28,73,2.66
11/09/2026 13:25,28,73,2.67
11/09/2026 13:25,28,73,2.67
11/09/2026 13:25,28,73,2.67
11/09/2026 13:25,28,73,2.67
11/09/2026 13:25,28,73,2.67
11/09/2026 13:25,28,73,2.67
11/09/2026 13:25,28,73,2.65
11/09/2026 13:25,28,73,2.66
11/09/2026 13:25,28,73,2.67
11/09/2026 13:25,28,73,2.67
11/09/2026 13:25,28,73,2.67
11/09/2026 13:25,28,73,2.67
11/09/2026 13:25,28,73,2.67
11/09/2026 13:25,28,73,2.68
11/09/2026 13:25,28,73,2.68
11/09/2026 13:25,28,73,2.67
11/09/2026 13:25,28,73,2.67
11/09/2026 13:25,28,73,2.67
11/09/2026 13:25,28,73,2.67
11/09/2026 13:25,28,73,2.67
11/09/2026 13:25,28,73,2.68
11/09/2026 13:25,28,73,2.67
11/09/2026 13:25,28,73,2.68
11/09/2026 13:25,28.1,73,2.68
11/09/2026 13:25,28.1,73,2.67
11/09/2026 13:25,28.1,73,2.66
11/09/2026 13:25,28.1,73,2.66
11/09/2026 13:25,28.1,73,2.67
11/09/2026 13:25,28.1,73,2.68
11/09/2026 13:26,28.2,73,2.67
11/09/2026 13:26,28.2,73,2.67
11/09/2026 13:26,28.5,73,2.67
11/09/2026 13:26,28.5,73,2.67
11/09/2026 13:26,28.5,73,2.68
11/09/2026 13:26,28.5,73,2.68
11/09/2026 13:26,28.5,73,2.67
11/09/2026 13:26,28.5,73,2.66
11/09/2026 13:26,28.3,73,2.66
11/09/2026 13:26,28.5,73,2.67
11/09/2026 13:26,28.5,73,2.66
11/09/2026 13:26,28.5,73,2.66
11/09/2026 13:26,28.4,73,2.66
11/09/2026 13:26,28.4,73,2.66
11/09/2026 13:26,28.3,73,2.67
11/09/2026 13:26,28.3,73,2.65
11/09/2026 13:26,28.2,73,2.65
11/09/2026 13:26,28.2,73,2.65
11/09/2026 13:26,28.2,73,2.66
11/09/2026 13:26,28.2,73,2.65
11/09/2026 13:26,28.1,73,2.66
11/09/2026 13:26,28.1,73,2.65
11/09/2026 13:26,28.1,73,2.65
11/09/2026 13:26,28.1,73,2.66
11/09/2026 13:26,28.1,73,2.66
11/09/2026 13:26,28.1,73,2.66
11/09/2026 13:26,28.1,73,2.66
11/09/2026 13:26,28.1,73,2.66
11/09/2026 13:26,28.1,73,2.65
11/09/2026 13:27,28.1,73,2.65
11/09/2026 13:27,28.1,73,2.65
11/09/2026 13:27,28.1,73,2.65
11/09/2026 13:27,28.1,73,2.65
11/09/2026 13:27,28.1,73,2.65
11/09/2026 13:27,28.1,73,2.65
11/09/2026 13:27,28.1,73,2.66
11/09/2026 13:27,28.1,73,2.66
11/09/2026 13:27,28.1,73,2.66
11/09/2026 13:27,28.1,73,2.66
11/09/2026 13:27,28.1,73,2.66
11/09/2026 13:27,28.1,73,2.65
11/09/2026 13:27,28.1,73,2.65
11/09/2026 13:27,28.1,73,2.65
11/09/2026 13:27,28.1,73,2.66
11/09/2026 13:27,28.1,73,2.66
11/09/2026 13:27,28.1,73,2.66
11/09/2026 13:27,28.1,73,2.65
11/09/2026 13:27,28.1,73,2.66
11/09/2026 13:27,28.1,73,2.66
11/09/2026 13:27,28.1,73,2.65
11/09/2026 13:27,28.1,73,2.66
11/09/2026 13:27,28.1,73,2.65
11/09/2026 13:27,28.1,73,2.65
11/09/2026 13:27,28.1,73,2.65
11/09/2026 13:27,28.1,73,2.65
11/09/2026 13:27,28.1,73,2.65
11/09/2026 13:27,28.1,73,2.65
11/09/2026 13:27,28.1,73,2.65
11/09/2026 13:27,28.2,73,2.65
11/09/2026 13:28,28.2,73,2.65
11/09/2026 13:28,28.2,73,2.65
11/09/2026 13:28,28.3,73,2.64
11/09/2026 13:28,28.3,73,2.65
11/09/2026 13:28,28.3,73,2.65
11/09/2026 13:28,28.3,73,2.65
11/09/2026 13:28,28.4,73,2.65
11/09/2026 13:28,28.4,73,2.65
11/09/2026 13:28,28.5,73,2.65
11/09/2026 13:28,28.5,73,2.65
11/09/2026 13:28,28.5,73,2.65
11/09/2026 13:28,28.5,73,2.66
11/09/2026 13:28,28.5,73,2.65
11/09/2026 13:28,28.5,73,2.65
11/09/2026 13:28,28.6,73,2.66
11/09/2026 13:28,28.6,73,2.65
11/09/2026 13:28,28.6,73,2.65
11/09/2026 13:28,28.6,73,2.66
11/09/2026 13:28,28.5,73,2.67
11/09/2026 13:28,28.6,73,2.67
11/09/2026 13:28,28.7,74,2.66
11/09/2026 13:28,28.7,73,2.65
11/09/2026 13:28,28.7,73,2.64
11/09/2026 13:28,28.7,73,2.65
11/09/2026 13:28,28.7,73,2.65
11/09/2026 13:28,28.7,73,2.66
11/09/2026 13:28,28.7,73,2.66
11/09/2026 13:28,28.7,73,2.65
11/09/2026 13:28,28.7,73,2.66
11/09/2026 13:28,28.7,73,2.65
11/09/2026 13:29,28.7,73,2.65
11/09/2026 13:29,28.7,73,2.63
11/09/2026 13:29,28.8,73,2.64
11/09/2026 13:29,28.8,73,2.63
11/09/2026 13:29,28.7,73,2.64
11/09/2026 13:29,28.8,73,2.64
11/09/2026 13:29,28.8,73,2.63
11/09/2026 13:29,28.7,73,2.62
11/09/2026 13:29,28.7,73,2.64
11/09/2026 13:29,28.7,73,2.63
11/09/2026 13:29,28.7,73,2.63
11/09/2026 13:29,28.7,73,2.63
11/09/2026 13:29,28.6,73,2.63
11/09/2026 13:29,28.7,73,2.63
11/09/2026 13:29,28.7,73,2.63
11/09/2026 13:29,28.6,73,2.63
11/09/2026 13:29,28.6,73,2.63
11/09/2026 13:29,28.6,73,2.63
11/09/2026 13:29,28.6,73,2.64
11/09/2026 13:29,28.6,73,2.64
11/09/2026 13:29,28.6,73,2.64
11/09/2026 13:29,28.6,73,2.63
11/09/2026 13:29,28.6,73,2.63
11/09/2026 13:29,28.6,73,2.63
11/09/2026 13:29,28.7,73,2.64
11/09/2026 13:29,28.6,73,2.63
11/09/2026 13:29,28.7,73,2.64
11/09/2026 13:29,28.7,73,2.65
11/09/2026 13:29,28.7,73,2.64
11/09/2026 13:30,28.7,73,2.63
11/09/2026 13:30,28.7,73,2.64
11/09/2026 13:30,28.7,73,2.65
11/09/2026 13:30,28.7,73,2.64
11/09/2026 13:30,28.7,74,2.65
11/09/2026 13:30,28.7,73,2.65
11/09/2026 13:30,28.7,73,2.66
11/09/2026 13:30,28.7,73,2.65
11/09/2026 13:30,28.7,73,2.66
11/09/2026 13:30,28.7,73,2.67
11/09/2026 13:30,28.7,73,2.66
11/09/2026 13:30,28.7,73,2.66
11/09/2026 13:30,28.8,74,2.66
11/09/2026 13:30,28.8,74,2.66
11/09/2026 13:30,28.8,74,2.65
11/09/2026 13:30,28.8,74,2.65
11/09/2026 13:30,28.8,74,2.66
11/09/2026 13:30,28.8,74,2.66
11/09/2026 13:30,28.8,74,2.66
11/09/2026 13:30,28.8,74,2.66
11/09/2026 13:30,28.8,74,2.66
11/09/2026 13:30,28.9,74,2.66
11/09/2026 13:30,28.9,74,2.66
11/09/2026 13:30,28.9,74,2.65
11/09/2026 13:30,28.9,74,2.65
11/09/2026 13:30,29,74,2.67
11/09/2026 13:30,29,74,2.66
11/09/2026 13:30,29,74,2.67
11/09/2026 13:30,28.8,74,2.66
11/09/2026 13:30,28.8,74,2.65
11/09/2026 13:31,28.7,74,2.64
11/09/2026 13:31,28.7,74,2.64
11/09/2026 13:31,28.7,74,2.64
11/09/2026 13:31,28.6,74,2.64
11/09/2026 13:31,28.6,74,2.64
11/09/2026 13:31,28.6,74,2.63
11/09/2026 13:31,28.6,74,2.64
11/09/2026 13:31,28.6,74,2.64
11/09/2026 13:31,28.6,74,2.64
11/09/2026 13:31,28.7,74,2.64
11/09/2026 13:31,28.7,74,2.64
11/09/2026 13:31,28.7,74,2.63
11/09/2026 13:31,28.7,74,2.64
11/09/2026 13:31,28.7,74,2.64
11/09/2026 13:31,28.7,74,2.64
11/09/2026 13:31,28.7,74,2.64
11/09/2026 13:31,28.7,74,2.64
11/09/2026 13:31,28.7,74,2.66
11/09/2026 13:31,28.7,74,2.66
11/09/2026 13:31,28.7,74,2.66
11/09/2026 13:31,28.8,74,2.67
11/09/2026 13:31,28.8,74,2.66
11/09/2026 13:31,28.8,74,2.65
11/09/2026 13:31,28.8,74,2.65
11/09/2026 13:31,28.8,74,2.65
11/09/2026 13:31,28.8,74,2.65
11/09/2026 13:31,28.8,74,2.66
11/09/2026 13:31,28.8,74,2.65
11/09/2026 13:31,28.7,74,2.65
11/09/2026 13:31,28.7,74,2.65
11/09/2026 13:32,28.7,74,2.65
11/09/2026 13:32,28.7,74,2.65
11/09/2026 13:32,28.7,74,2.65
11/09/2026 13:32,28.7,74,2.65
11/09/2026 13:32,28.7,74,2.66
11/09/2026 13:32,28.7,74,2.65
11/09/2026 13:32,28.7,74,2.65
11/09/2026 13:32,28.7,74,2.65
11/09/2026 13:32,28.7,74,2.65
11/09/2026 13:32,28.7,74,2.67
11/09/2026 13:32,28.7,74,2.68
11/09/2026 13:32,28.7,74,2.68
11/09/2026 13:32,28.7,74,2.68
11/09/2026 13:32,28.7,74,2.83
11/09/2026 13:32,28.7,74,2.77
11/09/2026 13:32,28.7,74,2.74
11/09/2026 13:32,28.7,74,2.73
11/09/2026 13:32,28.7,74,2.72
11/09/2026 13:32,28.7,74,2.72
11/09/2026 13:32,28.7,74,2.71
11/09/2026 13:32,28.7,74,2.71
11/09/2026 13:32,28.7,74,2.77
11/09/2026 13:32,28.7,74,2.76
11/09/2026 13:32,28.7,74,2.75
11/09/2026 13:32,28.7,74,2.74
11/09/2026 13:32,28.7,74,2.73
11/09/2026 13:32,28.7,74,2.72
11/09/2026 13:32,28.7,74,2.71
11/09/2026 13:32,28.7,74,2.71
11/09/2026 13:33,28.7,74,2.7
11/09/2026 13:33,28.7,74,2.76
11/09/2026 13:33,28.7,74,2.78
11/09/2026 13:33,28.7,74,2.98
11/09/2026 13:33,28.7,74,2.96
11/09/2026 13:33,28.8,74,2.93
11/09/2026 13:33,28.8,74,2.9
11/09/2026 13:33,28.8,74,2.88
11/09/2026 13:33,28.8,74,3.07
11/09/2026 13:33,28.7,74,3.01
11/09/2026 13:33,28.7,74,2.95
11/09/2026 13:33,28.8,74,2.92
11/09/2026 13:33,28.8,74,2.92
11/09/2026 13:33,28.8,74,2.95
11/09/2026 13:33,28.8,74,2.92
11/09/2026 13:33,28.9,74,2.94
11/09/2026 13:33,28.9,74,2.9
11/09/2026 13:33,28.9,74,2.87
11/09/2026 13:33,28.9,74,2.84
11/09/2026 13:33,28.9,74,2.83
11/09/2026 13:33,28.9,74,2.81
11/09/2026 13:33,28.9,74,2.79
11/09/2026 13:33,28.9,74,2.77
11/09/2026 13:33,28.9,74,2.76
11/09/2026 13:33,28.9,74,2.75
11/09/2026 13:33,28.9,74,2.74
11/09/2026 13:33,28.9,74,2.73
11/09/2026 13:33,28.9,75,2.73
11/09/2026 13:33,28.9,75,2.71
11/09/2026 13:33,28.9,75,2.71
11/09/2026 13:34,28.9,75,2.71
11/09/2026 13:34,28.9,75,2.69
11/09/2026 13:34,28.9,75,2.7
11/09/2026 13:34,28.9,75,2.7
11/09/2026 13:34,28.9,75,2.69
11/09/2026 13:34,28.9,75,2.69
11/09/2026 13:34,28.9,75,2.69
11/09/2026 13:34,29,75,2.68
11/09/2026 13:34,29,75,2.68
11/09/2026 13:34,29,75,2.68
11/09/2026 13:34,29,75,2.68
11/09/2026 13:34,29,75,2.68
11/09/2026 13:34,29,75,2.67
11/09/2026 13:34,29,75,2.68
11/09/2026 13:34,29,75,2.68
11/09/2026 13:34,29,75,2.68
11/09/2026 13:34,29,75,2.67
11/09/2026 13:34,29,75,2.67
11/09/2026 13:34,29,75,2.67
11/09/2026 13:34,29,75,2.66
11/09/2026 13:34,29,75,2.66
11/09/2026 13:34,29,75,2.67
12/09/2026 07:33,25.3,66,2.38
12/09/2026 07:33,24.8,68,2.41
12/09/2026 07:33,24.8,67,2.43
12/09/2026 07:33,24.8,67,2.47
12/09/2026 07:33,24.8,68,2.44
12/09/2026 07:33,24.8,67,2.5
12/09/2026 07:33,24.8,67,2.54
12/09/2026 07:33,24.8,67,2.54
12/09/2026 07:33,24.8,67,2.56
12/09/2026 07:33,24.8,67,2.6
12/09/2026 07:33,24.8,68,2.61
12/09/2026 07:33,24.5,68,2.62
12/09/2026 07:33,24.5,68,2.61
12/09/2026 07:33,24.5,69,2.6
12/09/2026 07:33,24.5,69,2.61
12/09/2026 07:33,24.5,69,2.61
12/09/2026 07:33,24.5,69,2.61
12/09/2026 07:33,24.5,69,2.62
12/09/2026 07:33,24.5,69,2.62
12/09/2026 07:33,24.5,69,2.61
12/09/2026 07:34,24.5,69,2.63
12/09/2026 07:34,24.5,69,2.61
12/09/2026 07:34,24.5,69,2.64
12/09/2026 07:34,24.5,69,2.64
12/09/2026 07:34,24.5,69,2.63
12/09/2026 07:34,24.5,69,2.63
12/09/2026 07:34,24.5,69,2.63
12/09/2026 07:34,24.5,69,2.63
12/09/2026 07:34,24.5,69,2.6
12/09/2026 07:34,24.5,69,2.59
12/09/2026 07:34,24.5,69,2.6
12/09/2026 07:34,24.5,69,2.58
12/09/2026 07:34,24.5,69,2.6
12/09/2026 07:34,24.5,69,2.61
12/09/2026 07:34,24.5,69,2.59
12/09/2026 07:34,24.5,69,2.59
12/09/2026 07:34,24.5,69,2.58
12/09/2026 07:34,24.5,69,2.57
12/09/2026 07:34,24.5,70,2.56
12/09/2026 07:34,24.5,69,2.6
12/09/2026 07:34,24.5,69,2.6
12/09/2026 07:34,24.5,70,2.63
12/09/2026 07:34,24.5,70,2.62
12/09/2026 07:34,24.5,69,2.61
12/09/2026 07:34,24.5,69,2.64
12/09/2026 07:34,24.4,69,2.63
12/09/2026 07:34,24.4,69,2.66
12/09/2026 07:34,24.2,69,2.65
12/09/2026 07:34,24.1,69,2.62
12/09/2026 07:35,24.1,69,2.64
12/09/2026 07:35,24.1,69,2.62
12/09/2026 07:35,24.1,69,2.63
12/09/2026 07:35,24.1,69,2.62
12/09/2026 07:35,24.1,69,2.67
12/09/2026 07:35,24.1,69,2.68
12/09/2026 07:35,24.1,69,2.69
12/09/2026 07:35,24.1,69,2.71
12/09/2026 07:35,24.1,69,2.72
12/09/2026 07:35,24.1,71,2.7
12/09/2026 07:35,24.1,72,2.67
12/09/2026 07:35,24.1,72,2.66
12/09/2026 07:35,24.1,72,2.67
12/09/2026 07:35,24.1,72,2.66
12/09/2026 07:35,24.1,72,2.71
12/09/2026 07:35,24.1,72,2.69
12/09/2026 07:35,24.1,72,2.67
12/09/2026 07:35,24.1,72,2.69
12/09/2026 07:35,24.1,72,2.66
12/09/2026 07:35,24.1,72,2.67
12/09/2026 07:35,24.1,72,2.68
12/09/2026 07:35,24.1,72,2.68
12/09/2026 07:35,24.1,72,2.6
12/09/2026 07:35,24.1,72,2.59
12/09/2026 07:35,24.1,72,2.56
12/09/2026 07:35,24.1,72,2.66
12/09/2026 07:35,24.1,72,2.7
12/09/2026 07:35,24.1,73,2.67
12/09/2026 07:35,24.1,73,2.69
12/09/2026 07:35,24.1,73,2.66
12/09/2026 07:36,24.1,73,2.35
12/09/2026 07:36,24.1,73,2.37
12/09/2026 07:36,24.1,73,2.39
12/09/2026 07:36,24.1,73,2.39
12/09/2026 07:36,24.1,73,2.37
12/09/2026 07:36,24.1,73,2.36
12/09/2026 07:36,24.1,73,2.35
12/09/2026 07:36,24.1,73,2.37
12/09/2026 07:36,24.1,73,2.31
12/09/2026 07:36,24.1,73,2.66
12/09/2026 07:36,24.1,73,3.06
12/09/2026 07:36,24.1,73,3.07
12/09/2026 07:36,24.1,73,3.01
12/09/2026 07:36,24.1,73,2.81
12/09/2026 07:36,24.1,73,2.88
12/09/2026 07:36,24.1,73,2.85
12/09/2026 07:36,24.1,73,2.91
12/09/2026 07:36,24.1,73,2.93
12/09/2026 07:36,24.1,73,2.99
12/09/2026 07:36,24.1,73,2.92
12/09/2026 07:36,24.1,73,2.91
12/09/2026 07:36,24.1,73,2.9
12/09/2026 07:36,24.1,73,2.89
12/09/2026 07:36,24.1,73,2.86
12/09/2026 07:36,24.1,73,2.85
12/09/2026 07:36,24.1,73,2.77
12/09/2026 07:36,24.1,73,2.72
12/09/2026 07:36,24.1,73,2.7
12/09/2026 07:36,24.1,73,2.67
12/09/2026 07:36,24.1,73,2.64
12/09/2026 07:37,24.1,73,2.65
12/09/2026 07:37,24.1,73,2.63
12/09/2026 07:37,24.1,73,2.68
12/09/2026 07:37,24.1,73,2.68
12/09/2026 07:37,24.1,73,2.63
12/09/2026 07:37,24.1,73,2.6
12/09/2026 07:37,24.1,73,2.58
12/09/2026 07:37,24.1,73,2.6
12/09/2026 07:37,24.1,73,2.6
12/09/2026 07:37,24.1,73,2.57
12/09/2026 07:37,24.1,73,2.69
12/09/2026 07:37,24.1,73,2.62
12/09/2026 07:37,24.1,73,2.77
12/09/2026 07:37,24.1,73,2.82
12/09/2026 07:37,24.1,73,2.7
12/09/2026 07:37,24.1,73,2.62
12/09/2026 07:37,24.1,73,2.58
12/09/2026 07:37,24.1,73,2.76
12/09/2026 07:37,24.1,73,2.75
12/09/2026 07:37,24.1,73,2.66
12/09/2026 07:37,24.1,73,2.61
12/09/2026 07:37,24.1,73,2.67
12/09/2026 07:37,24.1,73,2.64
12/09/2026 07:37,24.1,73,2.63
12/09/2026 07:37,24.1,73,2.79
12/09/2026 07:37,24.1,73,2.67
12/09/2026 07:37,24.1,73,2.72
12/09/2026 07:37,24.1,73,2.64
12/09/2026 07:37,24.1,73,2.67
12/09/2026 07:38,24.1,73,2.67
12/09/2026 07:38,24.1,73,2.83
12/09/2026 07:38,24.1,73,2.81
12/09/2026 07:38,24.1,73,2.76
12/09/2026 07:38,24.1,73,2.83
12/09/2026 07:38,24.1,73,2.82
12/09/2026 07:38,24.1,73,2.71
12/09/2026 07:38,24.1,73,2.59
12/09/2026 07:38,24.1,73,2.52
12/09/2026 07:38,24.1,73,2.65
12/09/2026 07:38,24.1,73,2.67
12/09/2026 07:38,24.1,73,2.57
12/09/2026 07:38,24.1,73,2.52
12/09/2026 07:38,24.1,73,2.56
12/09/2026 07:38,24.1,73,2.61
12/09/2026 07:38,24.1,73,2.63
12/09/2026 07:38,24.1,73,2.52
12/09/2026 07:38,24.1,73,2.49
12/09/2026 07:38,24.1,73,2.45
12/09/2026 07:38,24.1,73,2.42
12/09/2026 07:38,24.1,73,2.42
12/09/2026 07:38,24.1,73,2.39
12/09/2026 07:38,24.1,73,2.4
12/09/2026 07:38,24.1,73,2.42
12/09/2026 07:38,24.1,73,2.39
12/09/2026 07:38,24.1,73,2.35
12/09/2026 07:38,24.1,73,2.34
12/09/2026 07:38,24.1,73,2.32
12/09/2026 07:38,24.1,73,2.3
12/09/2026 07:38,24.1,73,2.52
12/09/2026 07:39,24.1,73,2.38
12/09/2026 07:39,24.1,73,2.32
12/09/2026 07:39,24.1,73,2.29
12/09/2026 07:39,24.1,73,2.28
12/09/2026 07:39,24.1,73,2.27
12/09/2026 07:39,24.1,73,2.28
12/09/2026 07:39,24.1,73,2.28
12/09/2026 07:39,24.1,73,2.28
12/09/2026 07:39,24.1,73,2.27
12/09/2026 07:39,24.1,73,2.27
12/09/2026 07:39,24.1,73,2.28
12/09/2026 07:39,24.1,73,2.27
12/09/2026 07:39,24.1,73,2.29
12/09/2026 07:39,24.1,73,2.28
12/09/2026 07:39,24.1,73,2.28
12/09/2026 07:39,24.1,73,2.26
12/09/2026 07:39,24.1,73,2.26
12/09/2026 07:39,24.1,73,2.26
12/09/2026 07:39,24.1,73,2.28
12/09/2026 07:39,24.1,73,2.27
12/09/2026 07:39,24.1,73,2.31
12/09/2026 07:39,24.1,73,2.3
12/09/2026 07:39,24.2,73,2.49
12/09/2026 07:39,24.2,73,2.57
12/09/2026 07:39,24.2,73,2.59
12/09/2026 07:39,24.2,73,2.55
12/09/2026 07:39,24.2,73,2.58
12/09/2026 07:39,24.2,73,2.57
12/09/2026 07:39,24.2,73,2.53
12/09/2026 07:40,24.3,73,2.49
12/09/2026 07:40,24.3,73,2.56
12/09/2026 07:40,24.4,73,2.49
12/09/2026 07:40,24.4,73,2.43
12/09/2026 07:40,24.5,73,2.51
12/09/2026 07:40,24.5,73,2.48
12/09/2026 07:40,24.5,73,2.53
12/09/2026 07:40,24.5,73,2.45
12/09/2026 07:40,24.5,73,2.4
12/09/2026 07:40,24.5,73,2.47
12/09/2026 07:40,24.5,73,2.44
12/09/2026 07:40,24.5,73,2.44
12/09/2026 07:40,24.5,73,2.5
12/09/2026 07:40,24.4,73,2.53
12/09/2026 07:40,24.4,73,2.48
12/09/2026 07:40,24.3,73,2.48
12/09/2026 07:40,24.3,73,2.44
12/09/2026 07:40,24.3,73,2.44
12/09/2026 07:40,24.3,73,2.41
12/09/2026 07:40,24.3,73,2.45
12/09/2026 07:40,24.3,73,2.43
12/09/2026 07:40,24.3,73,2.44
12/09/2026 07:40,24.3,73,2.38
12/09/2026 07:40,24.4,73,2.4
12/09/2026 07:40,24.4,73,2.43
12/09/2026 07:40,24.4,73,2.42
12/09/2026 07:40,24.4,73,2.38
12/09/2026 07:40,24.4,73,2.38
12/09/2026 07:40,24.4,73,2.34
12/09/2026 07:40,24.4,73,2.37
12/09/2026 07:41,24.4,73,2.39
12/09/2026 07:41,24.5,73,2.39
12/09/2026 07:41,24.5,73,2.38
12/09/2026 07:41,24.5,73,2.31
12/09/2026 07:41,24.5,73,2.34
12/09/2026 07:41,24.5,73,2.32
12/09/2026 07:41,24.5,73,2.32
12/09/2026 07:41,24.5,73,2.28
12/09/2026 07:41,24.5,73,2.29
12/09/2026 07:41,24.5,73,2.31
12/09/2026 07:41,24.5,73,2.32
12/09/2026 07:41,24.5,73,2.33
12/09/2026 07:41,24.5,73,2.35
12/09/2026 07:41,24.5,73,2.36
12/09/2026 07:41,24.5,73,2.3
12/09/2026 07:41,24.5,73,2.34
12/09/2026 07:41,24.5,73,2.23
12/09/2026 07:41,24.5,73,2.22
12/09/2026 07:41,24.5,73,2.27
12/09/2026 07:41,24.5,73,2.21
12/09/2026 07:41,24.5,73,2.3
12/09/2026 07:41,24.5,73,2.01
12/09/2026 07:41,24.5,73,1.99
12/09/2026 07:41,24.5,73,2.07
12/09/2026 07:41,24.5,73,1.98
12/09/2026 07:41,24.5,73,2.04
12/09/2026 07:41,24.5,73,1.96
12/09/2026 07:41,24.5,73,1.97
12/09/2026 07:41,24.5,73,2
12/09/2026 07:41,24.5,73,1.94
12/09/2026 07:42,24.5,73,2.01
12/09/2026 07:42,24.5,73,2.08
12/09/2026 07:42,24.5,73,2.12
12/09/2026 07:42,24.5,73,2.13
12/09/2026 07:42,24.5,73,2.13
12/09/2026 07:42,24.5,73,2.07
12/09/2026 07:42,24.5,73,2.04
12/09/2026 07:42,24.5,73,2.06
12/09/2026 07:42,24.5,73,2
12/09/2026 07:42,24.5,73,1.99
12/09/2026 07:42,24.5,73,2.23
12/09/2026 07:42,24.5,73,2.17
12/09/2026 07:42,24.5,73,2.13
12/09/2026 07:42,24.5,73,2.09
12/09/2026 07:42,24.5,73,2.1
12/09/2026 07:42,24.5,73,2.15
12/09/2026 07:42,24.5,73,2.21
12/09/2026 07:42,24.5,73,2.12
12/09/2026 07:42,24.5,73,2.17
12/09/2026 07:42,24.5,73,2.08
12/09/2026 07:42,24.5,73,2.13
12/09/2026 07:42,24.5,73,2.14
12/09/2026 07:42,24.5,73,2.2
12/09/2026 07:42,24.5,73,2.2
12/09/2026 07:42,24.5,73,2.23
12/09/2026 07:42,24.5,73,1.88
12/09/2026 07:42,24.5,73,2.04
12/09/2026 07:42,24.5,73,2.04
12/09/2026 07:42,24.5,73,2.12
12/09/2026 07:43,24.5,73,2.13
12/09/2026 07:43,24.5,73,2.16
12/09/2026 07:43,24.5,73,2.14
12/09/2026 07:43,24.5,73,2.05
12/09/2026 07:43,24.5,73,2.08
12/09/2026 07:43,24.5,73,2.06
12/09/2026 07:43,24.5,73,2.04
12/09/2026 07:43,24.5,73,2.15
12/09/2026 07:43,24.5,73,2.15
12/09/2026 07:43,24.5,73,2.17
12/09/2026 07:43,24.5,73,2.1
12/09/2026 07:43,24.5,73,2.06
12/09/2026 07:43,24.5,73,2.12
12/09/2026 07:43,24.5,73,2.11
12/09/2026 07:43,24.5,73,1.44
12/09/2026 07:43,24.5,73,1.55
12/09/2026 07:43,24.5,73,1.73
12/09/2026 07:43,24.5,73,1.74
12/09/2026 07:43,24.5,73,1.87
12/09/2026 07:43,24.5,73,1.79
12/09/2026 07:43,24.5,73,1.78
12/09/2026 07:43,24.5,73,1.77
12/09/2026 07:43,24.5,73,1.82
12/09/2026 07:43,24.5,73,1.95
12/09/2026 07:43,24.5,73,1.88
12/09/2026 07:43,24.5,73,1.67
12/09/2026 07:43,24.5,73,1.72
12/09/2026 07:43,24.5,73,1.78
12/09/2026 07:43,24.5,73,1.79
12/09/2026 07:43,24.5,73,1.78
12/09/2026 07:44,24.5,73,1.78
12/09/2026 07:44,24.5,73,1.54
12/09/2026 07:44,24.5,73,1.64
12/09/2026 07:44,24.5,73,1.68
12/09/2026 07:44,24.5,73,1.72
12/09/2026 07:44,24.5,73,1.79
12/09/2026 07:44,24.5,73,1.74
12/09/2026 07:44,24.5,73,1.65
12/09/2026 07:44,24.5,73,1.39
12/09/2026 07:44,24.5,73,1.44
12/09/2026 07:44,24.5,73,1.55
12/09/2026 07:44,24.5,73,1.4
12/09/2026 07:44,24.5,73,1.5
12/09/2026 07:44,24.5,73,1.29
12/09/2026 07:44,24.5,73,1.47
12/09/2026 07:44,24.2,73,1.55
12/09/2026 07:44,24.1,73,1.69
12/09/2026 07:44,24.1,73,1.57
12/09/2026 07:44,24.1,73,1.68
12/09/2026 07:44,24.1,73,1.72
12/09/2026 07:44,24.1,73,1.69
12/09/2026 07:44,24.1,73,1.61
12/09/2026 07:44,24.1,73,1.92
12/09/2026 07:44,24.1,73,1.83
12/09/2026 07:44,24.1,72,1.88
12/09/2026 07:44,24.1,72,1.83
12/09/2026 07:44,24.1,72,1.82
12/09/2026 07:44,24.1,72,1.82
12/09/2026 07:44,24.1,72,1.88
12/09/2026 07:44,24.1,72,1.86
12/09/2026 07:45,24.1,72,1.67
12/09/2026 07:45,24.1,72,1.65
12/09/2026 07:45,24.1,72,1.68
12/09/2026 07:45,24.1,72,1.77
12/09/2026 07:45,24.1,72,1.76
12/09/2026 07:45,24.1,72,1.8
12/09/2026 07:45,24.1,72,2.16
12/09/2026 07:45,24.1,73,2.15
12/09/2026 07:45,24.1,72,1.84
12/09/2026 07:45,24.1,72,1.99
12/09/2026 07:45,24.1,73,2.34
12/09/2026 07:45,24.1,73,2.52
12/09/2026 07:45,24.1,73,2.61
12/09/2026 07:45,24.1,73,2.62
12/09/2026 07:45,24.1,73,2.62
12/09/2026 07:45,24.1,72,2.57
12/09/2026 07:45,24.1,73,2.44
12/09/2026 07:45,24.1,73,2.32
12/09/2026 07:45,24.1,72,2.32
12/09/2026 07:45,24.1,72,2.05
12/09/2026 07:45,24.1,72,2.13
12/09/2026 07:45,24.1,72,2.12
12/09/2026 07:45,24.1,72,1.89
12/09/2026 07:45,24.1,72,1.94
12/09/2026 07:45,24.1,71,1.88
12/09/2026 07:45,24.1,71,1.87
12/09/2026 07:45,24.1,72,1.92
12/09/2026 07:45,24.1,71,1.97
12/09/2026 07:45,24.1,72,1.34
12/09/2026 07:46,24.1,72,1.78
12/09/2026 07:46,24.1,72,1.97
12/09/2026 07:46,24.1,72,1.59
12/09/2026 07:46,24.1,72,1.75
12/09/2026 07:46,24.1,72,1.69
12/09/2026 07:46,24.1,72,1.69
12/09/2026 07:46,24.1,72,2.16
12/09/2026 07:46,24.1,72,1.89
12/09/2026 07:46,24.1,72,1.77
12/09/2026 07:46,24.1,71,1.63
12/09/2026 07:46,24.1,71,1.59
12/09/2026 07:46,24.1,71,1.81
12/09/2026 07:46,24.1,71,2.05
12/09/2026 07:46,24.1,72,3.04
12/09/2026 07:46,24.1,72,3.29
12/09/2026 07:46,24.1,72,3.17
12/09/2026 07:46,24.1,72,3.08
12/09/2026 07:46,24.1,71,2.93
12/09/2026 07:46,24.1,71,3.02
12/09/2026 07:46,24.1,72,2.86
12/09/2026 07:46,24.1,71,2.84
12/09/2026 07:46,24.1,71,2.9
12/09/2026 07:46,24.1,74,2.88
12/09/2026 07:46,24.2,75,1.78
12/09/2026 07:46,24.4,75,1.89
12/09/2026 07:46,24.5,75,2.26
12/09/2026 07:46,24.5,75,2.73
12/09/2026 07:46,24.5,75,2.62
12/09/2026 07:46,24.5,75,2.69
12/09/2026 07:46,24.5,75,2.51
12/09/2026 07:47,24.5,76,2.4
12/09/2026 07:47,24.5,76,2.07
12/09/2026 07:47,24.5,76,1.87
12/09/2026 07:47,24.5,76,1.75
12/09/2026 07:47,24.5,76,1.39
12/09/2026 07:47,24.8,76,1.51
12/09/2026 07:47,24.8,76,1.58
12/09/2026 07:47,24.8,76,1.53
12/09/2026 07:47,24.8,77,1.8
12/09/2026 07:47,24.8,77,1.87
12/09/2026 07:47,24.8,77,1.93
12/09/2026 07:47,24.8,77,1.96
12/09/2026 07:47,24.9,77,2.01
12/09/2026 07:47,25.3,77,2.01
12/09/2026 07:47,25.3,77,1.99
12/09/2026 07:47,25.3,77,1.99
12/09/2026 07:47,25.3,77,1.99
12/09/2026 07:47,25.3,77,2.05
12/09/2026 07:47,25.3,77,2.08
12/09/2026 07:47,25.3,77,2.09
12/09/2026 07:47,25.3,77,2.1
12/09/2026 07:47,25.3,77,2.25
12/09/2026 07:47,25.3,77,2.3
12/09/2026 07:47,25.3,77,2.26
12/09/2026 07:47,25.3,77,2.25
12/09/2026 07:47,25.3,77,2.27
12/09/2026 07:47,25.3,77,2.24
12/09/2026 07:47,25.3,77,2.24
12/09/2026 07:47,25.3,77,2.26
12/09/2026 07:48,25.3,77,2.3
12/09/2026 07:48,25.3,76,2.14
12/09/2026 07:48,25.3,76,2.3
12/09/2026 07:48,25.3,76,2.31
12/09/2026 07:48,25.2,76,2.32
12/09/2026 07:48,24.9,76,2.28
12/09/2026 07:48,24.8,77,2.23
12/09/2026 07:48,24.8,76,2.22
12/09/2026 07:48,24.8,76,2.17
12/09/2026 07:48,24.8,76,2.19
12/09/2026 07:48,24.8,76,2.15
12/09/2026 07:48,24.8,76,2.16
12/09/2026 07:48,24.8,76,2.21
12/09/2026 07:48,24.8,76,2.25
12/09/2026 07:48,24.8,76,2.27
12/09/2026 07:48,24.8,76,2.32
12/09/2026 07:48,24.8,76,2.02
12/09/2026 07:48,24.8,76,1.98
12/09/2026 07:48,24.8,76,1.92
12/09/2026 07:48,24.8,76,1.95
12/09/2026 07:48,24.8,76,1.96
12/09/2026 07:48,24.8,76,1.86
12/09/2026 07:48,24.8,76,1.87
12/09/2026 07:48,24.8,76,1.87
12/09/2026 07:48,24.8,76,1.76
12/09/2026 07:48,24.8,76,1.78
12/09/2026 07:48,24.8,76,1.83
12/09/2026 07:48,24.8,75,1.96
12/09/2026 07:48,24.8,75,1.92
12/09/2026 07:48,24.8,75,1.99
12/09/2026 07:49,24.8,76,2.03
12/09/2026 07:49,24.5,75,2.08
12/09/2026 07:49,24.5,76,2.05
12/09/2026 07:49,24.5,76,2.29
12/09/2026 07:49,24.5,76,2.17
12/09/2026 07:49,24.5,76,1.82
12/09/2026 07:49,24.5,76,1.8
12/09/2026 07:49,24.5,76,1.74
12/09/2026 07:49,24.5,75,1.78
12/09/2026 07:49,24.5,76,1.86
12/09/2026 07:49,24.5,76,1.62
12/09/2026 07:49,24.5,72,1.51
12/09/2026 07:49,24.5,73,1.53
12/09/2026 07:49,24.5,73,1.41
12/09/2026 07:49,24.5,77,1.59
12/09/2026 07:49,24.5,77,1.66
12/09/2026 07:49,24.5,77,1.61
12/09/2026 07:49,24.5,79,1.74
12/09/2026 07:49,24.5,83,1.71
12/09/2026 07:49,24.5,83,1.66
12/09/2026 07:49,24.5,84,1.65
12/09/2026 07:49,24.5,84,1.68
12/09/2026 07:49,24.5,84,1.87
12/09/2026 07:49,24.5,85,1.77
12/09/2026 07:49,24.5,85,1.5
12/09/2026 07:49,24.5,85,1.62
12/09/2026 07:49,24.5,85,1.61
12/09/2026 07:49,24.5,85,1.62
12/09/2026 07:49,24.5,85,1.52
12/09/2026 07:49,24.5,85,1.58
12/09/2026 07:50,24.5,85,1.65
12/09/2026 07:50,24.5,85,1.66
12/09/2026 07:50,24.5,85,1.7
12/09/2026 07:50,24.5,85,1.69
12/09/2026 07:50,24.5,85,1.54
12/09/2026 07:50,24.5,85,1.52
12/09/2026 07:50,24.5,85,1.51
12/09/2026 07:50,24.5,85,1.63
12/09/2026 07:50,24.5,85,1.72
12/09/2026 07:50,24.5,85,1.67
12/09/2026 07:50,24.5,85,1.77
12/09/2026 07:50,24.5,85,1.76
12/09/2026 07:50,24.5,85,1.68
12/09/2026 07:50,24.5,85,1.62
12/09/2026 07:50,24.5,85,1.69
12/09/2026 07:50,24.5,85,1.74
12/09/2026 07:50,24.5,85,1.59
12/09/2026 07:50,24.5,85,1.71
12/09/2026 07:50,24.5,84,1.68
12/09/2026 07:50,24.5,85,1.57
12/09/2026 07:50,24.5,85,1.73
12/09/2026 07:50,24.5,84,1.74
12/09/2026 07:50,24.5,84,1.69
12/09/2026 07:50,24.5,84,1.68
12/09/2026 07:50,24.5,84,1.68
12/09/2026 07:50,24.5,83,1.66
12/09/2026 07:50,24.5,83,1.77
12/09/2026 07:50,24.5,83,1.71
12/09/2026 07:50,24.5,82,1.76
12/09/2026 07:51,24.5,85,1.69
12/09/2026 07:51,24.5,84,1.68
12/09/2026 07:51,24.5,84,1.6
12/09/2026 07:51,24.5,84,1.69
12/09/2026 07:51,24.5,84,1.53
12/09/2026 07:51,24.5,83,1.63
12/09/2026 07:51,24.5,83,1.63
12/09/2026 07:51,24.5,83,1.64
12/09/2026 07:51,24.5,82,1.57
12/09/2026 07:51,24.5,82,1.69
12/09/2026 07:51,24.5,82,1.59
12/09/2026 07:51,24.5,81,1.6
12/09/2026 07:51,24.5,81,1.66
12/09/2026 07:51,24.5,81,1.65
12/09/2026 07:51,24.5,81,1.76
12/09/2026 07:51,24.5,81,1.79
12/09/2026 07:51,24.5,81,1.75
12/09/2026 07:51,24.5,81,1.81
12/09/2026 07:51,24.5,81,1.81
12/09/2026 07:51,24.5,81,1.8
12/09/2026 07:51,24.5,81,1.87
12/09/2026 07:51,24.5,81,1.9
12/09/2026 07:51,24.5,81,1.55
12/09/2026 07:51,24.5,81,1.64
12/09/2026 07:51,24.5,81,1.6
12/09/2026 07:51,24.5,81,1.69
12/09/2026 07:51,24.5,81,1.71
12/09/2026 07:51,24.5,81,1.79
12/09/2026 07:51,24.5,81,1.84
12/09/2026 07:51,24.5,81,1.75
12/09/2026 07:52,24.5,81,1.66
12/09/2026 07:52,24.5,81,1.67
12/09/2026 07:52,24.5,81,1.78
12/09/2026 07:52,24.5,80,1.83
12/09/2026 07:52,24.5,80,1.86
12/09/2026 07:52,24.5,80,1.93
12/09/2026 07:52,24.5,80,2.05
12/09/2026 07:52,24.5,80,1.96
12/09/2026 07:52,24.5,80,1.89
12/09/2026 07:52,24.5,80,1.89
12/09/2026 07:52,24.5,80,1.87
12/09/2026 07:52,24.5,80,1.92
12/09/2026 07:52,24.5,80,1.97
12/09/2026 07:52,24.5,80,1.85
12/09/2026 07:52,24.5,80,1.78
12/09/2026 07:52,24.5,80,2.02
12/09/2026 07:52,24.5,80,1.97
12/09/2026 07:52,24.5,80,1.9
12/09/2026 07:52,24.5,80,1.97
12/09/2026 07:52,24.5,80,1.99
12/09/2026 07:52,24.5,80,1.91
12/09/2026 07:52,24.5,80,1.98
12/09/2026 07:52,24.5,80,1.96
12/09/2026 07:52,24.5,80,2.05
12/09/2026 07:52,24.5,80,2.01
12/09/2026 07:52,24.5,80,2.01
12/09/2026 07:52,24.5,80,1.86
12/09/2026 07:52,24.5,80,1.96
12/09/2026 07:52,24.5,80,1.93
12/09/2026 07:53,24.5,80,1.97
12/09/2026 07:53,24.5,80,2.01
12/09/2026 07:53,24.5,80,2.05
12/09/2026 07:53,24.5,80,2
12/09/2026 07:53,24.5,79,1.96
12/09/2026 07:53,24.5,80,2.02
12/09/2026 07:53,24.5,80,1.95
12/09/2026 07:53,24.5,80,1.96
12/09/2026 07:53,24.4,80,1.95
12/09/2026 07:53,24.4,80,1.97
12/09/2026 07:53,24.5,80,2.04
12/09/2026 07:53,24.4,80,1.9
12/09/2026 07:53,24.5,79,1.89
12/09/2026 07:53,24.5,79,1.95
12/09/2026 07:53,24.5,79,1.87
12/09/2026 07:53,24.4,79,1.96
12/09/2026 07:53,24.5,79,1.85
12/09/2026 07:53,24.4,79,1.91
12/09/2026 07:53,24.4,79,1.83
12/09/2026 07:53,24.4,80,1.85
12/09/2026 07:53,24.4,80,1.81
12/09/2026 07:53,24.4,80,1.78
12/09/2026 07:53,24.4,80,1.76
12/09/2026 07:53,24.4,80,1.8
12/09/2026 07:53,24.4,80,1.76
12/09/2026 07:53,24.4,80,1.85
12/09/2026 07:53,24.4,79,1.85
12/09/2026 07:53,24.5,80,1.81
12/09/2026 07:53,24.5,79,1.82
12/09/2026 07:53,24.5,79,1.88
12/09/2026 07:54,24.5,79,1.88
12/09/2026 07:54,24.5,80,1.92
12/09/2026 07:54,24.5,80,1.88
12/09/2026 07:54,24.5,80,1.96
12/09/2026 07:54,24.5,80,1.74
12/09/2026 07:54,24.5,80,1.76
12/09/2026 07:54,24.5,80,1.82
12/09/2026 07:54,24.5,80,1.87
12/09/2026 07:54,24.5,80,1.85
12/09/2026 07:54,24.5,80,1.84
12/09/2026 07:54,24.5,80,1.82
12/09/2026 07:54,24.5,80,1.85
12/09/2026 07:54,24.5,79,1.88
12/09/2026 07:54,24.5,80,1.88
12/09/2026 07:54,24.5,80,1.84
12/09/2026 07:54,24.5,80,1.79
12/09/2026 07:54,24.5,80,1.75
12/09/2026 07:54,24.5,80,1.72
12/09/2026 07:54,24.5,80,1.77
12/09/2026 07:54,24.4,80,1.71
12/09/2026 07:54,24.3,79,1.71
12/09/2026 07:54,24.3,79,1.75
12/09/2026 07:54,24.2,80,1.77
12/09/2026 07:54,24.2,79,1.68
12/09/2026 07:54,24.2,80,1.73
12/09/2026 07:54,24.2,79,1.73
12/09/2026 07:54,24.2,79,1.76
12/09/2026 07:54,24.3,79,1.83
12/09/2026 07:54,24.3,79,1.73
12/09/2026 07:54,24.4,79,1.76
12/09/2026 07:55,24.4,80,1.82
12/09/2026 07:55,24.5,80,1.84
12/09/2026 07:55,24.5,80,1.91
12/09/2026 07:55,24.5,80,1.97
12/09/2026 07:55,24.5,80,1.94
12/09/2026 07:55,24.5,79,1.94
12/09/2026 07:55,24.5,80,1.88
12/09/2026 07:55,24.5,80,1.93
12/09/2026 07:55,24.5,79,1.88
12/09/2026 07:55,24.5,80,1.95
12/09/2026 07:55,24.5,79,1.99
12/09/2026 07:55,24.5,80,1.93
12/09/2026 07:55,24.5,80,1.97
12/09/2026 07:55,24.5,80,2.01
12/09/2026 07:55,24.5,80,2.06
12/09/2026 07:55,24.5,79,2.03
12/09/2026 07:55,24.5,79,2
12/09/2026 07:55,24.5,79,1.96
12/09/2026 07:55,24.5,80,2.04
12/09/2026 07:55,24.5,80,2.01
12/09/2026 07:55,24.5,80,1.97
12/09/2026 07:55,24.5,80,1.96
12/09/2026 07:55,24.5,80,2
12/09/2026 07:55,24.5,80,2.09
12/09/2026 07:55,24.5,80,2.05
12/09/2026 07:55,24.5,80,2.04
12/09/2026 07:55,24.5,80,2.06
12/09/2026 07:55,24.5,80,2.04
12/09/2026 07:55,24.5,80,2.14
12/09/2026 07:56,24.5,80,2.16
12/09/2026 07:56,24.5,80,2.11
12/09/2026 07:56,24.5,80,2.16
12/09/2026 07:56,24.5,80,2.17
12/09/2026 07:56,24.5,80,2.18
12/09/2026 07:56,24.5,80,2.11
12/09/2026 07:56,24.5,80,2.17
12/09/2026 07:56,24.5,80,2.15
12/09/2026 07:56,24.5,80,2.11
12/09/2026 07:56,24.5,80,2.04
12/09/2026 07:56,24.5,80,2.13
12/09/2026 07:56,24.5,80,2.14
12/09/2026 07:56,24.5,80,2.17
12/09/2026 07:56,24.5,80,2.13
12/09/2026 07:56,24.5,80,2.17
12/09/2026 07:56,24.5,80,2.24
12/09/2026 07:56,24.5,80,2.13
12/09/2026 07:56,24.5,80,2.1
12/09/2026 07:56,24.5,80,2.13
12/09/2026 07:56,24.5,80,2.14
12/09/2026 07:56,24.5,80,2.18
12/09/2026 07:56,24.5,80,2.11
12/09/2026 07:56,24.5,80,2.16
12/09/2026 07:56,24.5,80,2.15
12/09/2026 07:56,24.5,80,2.16
12/09/2026 07:56,24.5,80,2.2
12/09/2026 07:56,24.5,80,2.19
12/09/2026 07:56,24.5,80,2.17
12/09/2026 07:56,24.5,79,2.21
12/09/2026 07:56,24.5,80,2.23
12/09/2026 07:57,24.5,80,2.21
12/09/2026 07:57,24.5,80,2.23
12/09/2026 07:57,24.5,80,2.16
12/09/2026 07:57,24.5,80,2.17
12/09/2026 07:57,24.5,80,2.24
12/09/2026 07:57,24.5,80,2.15
12/09/2026 07:57,24.5,80,2.18
12/09/2026 07:57,24.5,80,2.26
12/09/2026 07:57,24.5,80,2.28
12/09/2026 07:57,24.5,80,2.29
12/09/2026 07:57,24.5,80,2.24
12/09/2026 07:57,24.5,80,2.28
12/09/2026 07:57,24.5,80,2.34
12/09/2026 07:57,24.5,80,2.35
12/09/2026 07:57,24.5,79,2.32
12/09/2026 07:57,24.5,79,2.32
12/09/2026 07:57,24.5,80,2.3
12/09/2026 07:57,24.5,80,2.3
12/09/2026 07:57,24.5,80,2.36
12/09/2026 07:57,24.5,80,2.33
12/09/2026 07:57,24.5,80,2.29
12/09/2026 07:57,24.5,80,2.35
12/09/2026 07:57,24.5,80,2.29
12/09/2026 07:57,24.5,80,2.26
12/09/2026 07:57,24.5,80,2.28
12/09/2026 07:57,24.5,80,2.2
12/09/2026 07:57,24.5,80,2.12
12/09/2026 07:57,24.5,80,2.18
12/09/2026 07:57,24.5,80,2.25
12/09/2026 07:58,24.5,80,2.28
12/09/2026 07:58,24.5,80,2.2
12/09/2026 07:58,24.5,80,2.24
12/09/2026 07:58,24.5,80,2.28
12/09/2026 07:58,24.5,80,2.28
12/09/2026 07:58,24.5,80,2.31
12/09/2026 07:58,24.5,80,2.33
12/09/2026 07:58,24.5,80,2.33
12/09/2026 07:58,24.5,80,2.29
12/09/2026 07:58,24.5,80,2.25
12/09/2026 07:58,24.5,80,2.29
12/09/2026 07:58,24.5,80,2.19
12/09/2026 07:58,24.5,80,2.17
12/09/2026 07:58,24.5,80,2.19
12/09/2026 07:58,24.5,80,2.21
12/09/2026 07:58,24.5,80,2.22
12/09/2026 07:58,24.5,80,2.27
12/09/2026 07:58,24.5,80,2.21
12/09/2026 07:58,24.5,80,2.23
12/09/2026 07:58,24.5,80,2.25
12/09/2026 07:58,24.5,80,2.28
12/09/2026 07:58,24.5,80,2.27
12/09/2026 07:58,24.5,80,2.33
12/09/2026 07:58,24.5,80,2.34
12/09/2026 07:58,24.5,80,2.28
12/09/2026 07:58,24.5,80,2.29
12/09/2026 07:58,24.5,80,2.24
12/09/2026 07:58,24.5,80,2.24
12/09/2026 07:58,24.5,80,2.22
12/09/2026 07:58,24.5,80,2.28
12/09/2026 07:59,24.5,80,2.35
12/09/2026 07:59,24.5,80,2.25
12/09/2026 07:59,24.5,80,2.25
12/09/2026 07:59,24.5,80,2.27
12/09/2026 07:59,24.5,80,2.33
12/09/2026 07:59,24.5,80,2.32
12/09/2026 07:59,24.5,81,2.33
12/09/2026 07:59,24.5,80,2.32
12/09/2026 07:59,24.5,81,2.25
12/09/2026 07:59,24.5,81,2.25
12/09/2026 07:59,24.5,81,2.21
12/09/2026 07:59,24.5,81,2.22
12/09/2026 07:59,24.5,81,2.23
12/09/2026 07:59,24.5,81,2.28
12/09/2026 07:59,24.5,81,2.26
12/09/2026 07:59,24.5,81,2.27
12/09/2026 07:59,24.5,81,2.26
12/09/2026 07:59,24.5,81,2.29
12/09/2026 07:59,24.5,81,2.31
12/09/2026 07:59,24.5,81,2.3
12/09/2026 07:59,24.5,81,2.28
12/09/2026 07:59,24.5,81,2.26
12/09/2026 07:59,24.5,81,2.21
12/09/2026 07:59,24.5,81,2.26
12/09/2026 07:59,24.5,81,2.27
12/09/2026 07:59,24.5,81,2.3
12/09/2026 07:59,24.5,81,2.35
12/09/2026 07:59,24.5,81,2.27
12/09/2026 07:59,24.5,81,2.23
12/09/2026 07:59,24.5,81,2.2
12/09/2026 08:00,24.5,81,2.28
12/09/2026 08:00,24.5,81,2.33
12/09/2026 08:00,24.5,81,2.34
12/09/2026 08:00,24.5,81,2.36
12/09/2026 08:00,24.5,81,2.35
12/09/2026 08:00,24.5,81,2.36
12/09/2026 08:00,24.5,81,2.28
12/09/2026 08:00,24.5,81,2.28
12/09/2026 08:00,24.5,81,2.34
12/09/2026 08:00,24.5,81,2.36
12/09/2026 08:00,24.5,81,2.36
12/09/2026 08:00,24.5,81,2.35
12/09/2026 08:00,24.5,81,2.37
12/09/2026 08:00,24.5,81,2.36
12/09/2026 08:00,24.5,81,2.34
12/09/2026 08:00,24.5,81,2.32
12/09/2026 08:00,24.5,81,2.33
12/09/2026 08:00,24.5,81,2.35
12/09/2026 08:00,24.5,81,2.33
12/09/2026 08:00,24.5,81,2.34
12/09/2026 08:00,24.5,81,2.34
12/09/2026 08:00,24.5,81,2.36
12/09/2026 08:00,24.5,81,2.36
12/09/2026 08:00,24.5,81,2.22
12/09/2026 08:00,24.5,81,2.24
12/09/2026 08:00,24.5,81,2.27
12/09/2026 08:00,24.5,81,2.31
12/09/2026 08:00,24.5,81,2.3
12/09/2026 08:00,24.5,81,2.27
12/09/2026 08:01,24.5,81,2.27
12/09/2026 08:01,24.5,81,2.28
12/09/2026 08:01,24.5,81,2.29
12/09/2026 08:01,24.5,81,2.33
12/09/2026 08:01,24.5,81,2.37
12/09/2026 08:01,24.5,81,2.37
12/09/2026 08:01,24.5,81,2.33
12/09/2026 08:01,24.5,81,2.31
12/09/2026 08:01,24.5,81,2.35
12/09/2026 08:01,24.5,81,2.37
12/09/2026 08:01,24.5,81,2.39
12/09/2026 08:01,24.5,81,2.39
12/09/2026 08:01,24.5,81,2.39
12/09/2026 08:01,24.5,81,2.37
12/09/2026 08:01,24.5,81,2.32
12/09/2026 08:01,24.5,81,2.26
12/09/2026 08:01,24.5,81,2.32
12/09/2026 08:01,24.5,81,2.34
12/09/2026 08:01,24.5,81,2.25
12/09/2026 08:01,24.5,81,2.28
12/09/2026 08:01,24.5,81,2.32
12/09/2026 08:01,24.5,81,2.35
12/09/2026 08:01,24.5,81,2.18
12/09/2026 08:01,24.5,81,2.25
12/09/2026 08:01,24.5,81,2.24
12/09/2026 08:01,24.5,81,2.26
12/09/2026 08:01,24.5,81,2.25
12/09/2026 08:01,24.5,81,2.26
12/09/2026 08:01,24.5,81,2.22
12/09/2026 08:01,24.5,81,2.25
12/09/2026 08:02,24.5,81,2.26
12/09/2026 08:02,24.5,81,2.22
12/09/2026 08:02,24.5,81,2.28
12/09/2026 08:02,24.5,81,2.26
12/09/2026 08:02,24.5,81,2.3
12/09/2026 08:02,24.5,81,2.28
12/09/2026 08:02,24.5,81,2.28
12/09/2026 08:02,24.5,81,2.28
12/09/2026 08:02,24.5,81,2.32
12/09/2026 08:02,24.5,81,2.33
12/09/2026 08:02,24.5,81,2.29
12/09/2026 08:02,24.5,81,2.28
12/09/2026 08:02,24.5,81,2.24
12/09/2026 08:02,24.5,81,2.24
12/09/2026 08:02,24.5,81,2.29
12/09/2026 08:02,24.5,81,2.28
12/09/2026 08:02,24.5,81,2.3
12/09/2026 08:02,24.5,81,2.23
12/09/2026 08:02,24.5,81,2.26
12/09/2026 08:02,24.5,81,2.28
12/09/2026 08:02,24.5,81,2.32
12/09/2026 08:02,24.5,81,2.33
12/09/2026 08:02,24.5,81,2.3
12/09/2026 08:02,24.5,81,2.26
12/09/2026 08:02,24.5,81,2.27
12/09/2026 08:02,24.5,81,2.28
12/09/2026 08:02,24.5,81,2.3
12/09/2026 08:02,24.5,81,2.31
12/09/2026 08:02,24.5,81,2.29
12/09/2026 08:02,24.5,81,2.29
12/09/2026 08:03,24.5,81,2.27
12/09/2026 08:03,24.5,81,2.3
12/09/2026 08:03,24.5,81,2.32
12/09/2026 08:03,24.5,81,2.24
12/09/2026 08:03,24.5,81,2.26
12/09/2026 08:03,24.5,81,2.3
12/09/2026 08:03,24.5,81,2.34
12/09/2026 08:03,24.5,81,2.35
12/09/2026 08:03,24.5,81,2.36
12/09/2026 08:03,24.5,81,2.37
12/09/2026 08:03,24.5,81,2.37
12/09/2026 08:03,24.5,81,2.3
12/09/2026 08:03,24.5,81,2.32
12/09/2026 08:03,24.5,81,2.31
12/09/2026 08:03,24.5,81,2.34
12/09/2026 08:03,24.5,81,2.35
12/09/2026 08:03,24.5,81,2.35
12/09/2026 08:03,24.5,81,2.35
12/09/2026 08:03,24.5,81,2.3
12/09/2026 08:03,24.5,81,2.32
12/09/2026 08:03,24.5,81,2.24
12/09/2026 08:03,24.5,81,2.19
12/09/2026 08:03,24.5,81,2.2
12/09/2026 08:03,24.5,81,2.23
12/09/2026 08:03,24.5,81,2.24
12/09/2026 08:03,24.5,81,2.23
12/09/2026 08:03,24.5,81,2.22
12/09/2026 08:03,24.5,81,2.23
12/09/2026 08:03,24.5,81,2.2
12/09/2026 08:04,24.5,81,2.24
12/09/2026 08:04,24.5,81,2.28
12/09/2026 08:04,24.5,81,2.29
12/09/2026 08:04,24.5,81,2.3
12/09/2026 08:04,24.5,81,2.28
12/09/2026 08:04,24.5,81,2.29
12/09/2026 08:04,24.5,81,2.3
12/09/2026 08:04,24.5,81,2.31
12/09/2026 08:04,24.5,81,2.29
12/09/2026 08:04,24.5,81,2.29
12/09/2026 08:04,24.5,81,2.31
12/09/2026 08:04,24.5,81,2.26
12/09/2026 08:04,24.5,81,2.25
12/09/2026 08:04,24.5,81,2.21
12/09/2026 08:04,24.5,81,2.26
12/09/2026 08:04,24.5,81,2.3
12/09/2026 08:04,24.5,81,2.3
12/09/2026 08:04,24.5,81,2.26
12/09/2026 08:04,24.5,81,2.29
12/09/2026 08:04,24.5,81,2.25
12/09/2026 08:04,24.5,81,2.23
12/09/2026 08:04,24.5,80,2.22
12/09/2026 08:04,24.5,78,2.27
12/09/2026 08:04,24.5,79,2.26
12/09/2026 08:04,24.5,79,2.23
12/09/2026 08:04,24.5,81,2.21
12/09/2026 08:04,24.5,83,2.23
12/09/2026 08:04,24.5,81,2.24
12/09/2026 08:04,24.5,81,2.23
12/09/2026 08:04,24.5,81,2.26
12/09/2026 08:05,24.5,81,2.21
12/09/2026 08:05,24.5,81,2.22
12/09/2026 08:05,24.5,81,2.25
12/09/2026 08:05,24.5,81,2.25
12/09/2026 08:05,24.5,81,2.22
12/09/2026 08:05,24.5,81,2.21
12/09/2026 08:05,24.5,79,2.2
12/09/2026 08:05,24.5,78,2.24
12/09/2026 08:05,24.5,80,2.26
12/09/2026 08:05,24.5,81,2.26
12/09/2026 08:05,24.5,79,2.27
12/09/2026 08:05,24.5,79,2.24
12/09/2026 08:05,24.5,80,2.28
12/09/2026 08:05,24.5,80,2.22
12/09/2026 08:05,24.5,80,2.26
12/09/2026 08:05,24.5,80,2.28
12/09/2026 08:05,24.5,81,2.25
12/09/2026 08:05,24.5,81,2.23
12/09/2026 08:05,24.5,81,2.24
12/09/2026 08:05,24.5,81,2.22
12/09/2026 08:05,24.5,81,2.18
12/09/2026 08:05,24.5,81,2.18
12/09/2026 08:05,24.5,80,2.23
12/09/2026 08:05,24.5,80,2.25
12/09/2026 08:05,24.5,80,2.25
12/09/2026 08:05,24.5,80,2.26
12/09/2026 08:05,24.5,80,2.27
12/09/2026 08:05,24.5,80,2.31
12/09/2026 08:05,24.5,80,2.3
12/09/2026 08:06,24.5,79,2.24
12/09/2026 08:06,24.5,82,2.25
12/09/2026 08:06,24.5,83,2.23
12/09/2026 08:06,24.5,81,2.21
12/09/2026 08:06,24.5,81,2.21
12/09/2026 08:06,24.5,80,2.22
12/09/2026 08:06,24.5,79,2.21
12/09/2026 08:06,24.5,79,2.17
12/09/2026 08:06,24.5,79,2.18
12/09/2026 08:06,24.5,79,2.23
12/09/2026 08:06,24.5,79,2.19
12/09/2026 08:06,24.5,79,2.21
12/09/2026 08:06,24.5,80,2.2
12/09/2026 08:06,24.5,80,2.24
12/09/2026 08:06,24.5,80,2.28
12/09/2026 08:06,24.5,81,2.23
12/09/2026 08:06,24.5,81,2.25
12/09/2026 08:06,24.5,81,2.28
12/09/2026 08:06,24.5,81,2.28
12/09/2026 08:06,24.5,81,2.27
12/09/2026 08:06,24.5,81,2.17
12/09/2026 08:06,24.5,82,2.17
12/09/2026 08:06,24.5,82,2.21
12/09/2026 08:06,24.5,82,2.21
12/09/2026 08:06,24.5,82,2.18
12/09/2026 08:06,24.5,83,2.19
12/09/2026 08:06,24.5,83,2.21
12/09/2026 08:06,24.5,83,2.24
12/09/2026 08:06,24.5,83,2.25
12/09/2026 08:06,24.5,82,2.21
12/09/2026 08:07,24.5,82,2.21
12/09/2026 08:07,24.5,82,2.23
12/09/2026 08:07,24.5,82,2.26
12/09/2026 08:07,24.5,81,2.23
12/09/2026 08:07,24.5,81,2.25
12/09/2026 08:07,24.5,81,2.26
12/09/2026 08:07,24.5,81,2.22
12/09/2026 08:07,24.5,81,2.24
12/09/2026 08:07,24.5,81,2.28
12/09/2026 08:07,24.5,81,2.2
12/09/2026 08:07,24.5,81,2.23
12/09/2026 08:07,24.5,81,2.24
12/09/2026 08:07,24.5,81,2.26
12/09/2026 08:07,24.5,81,2.27
12/09/2026 08:07,24.5,81,2.3
12/09/2026 08:07,24.5,81,2.3
12/09/2026 08:07,24.5,81,2.3
12/09/2026 08:07,24.5,81,2.26
12/09/2026 08:07,24.5,81,2.22
12/09/2026 08:07,24.5,81,2.25
12/09/2026 08:07,24.5,81,2.29
12/09/2026 08:07,24.5,81,2.29
12/09/2026 08:07,24.5,81,2.3
12/09/2026 08:07,24.5,81,2.27
12/09/2026 08:07,24.5,81,2.27
12/09/2026 08:07,24.5,81,2.29
12/09/2026 08:07,24.5,81,2.32
12/09/2026 08:07,24.5,81,2.32
12/09/2026 08:07,24.5,81,2.31
12/09/2026 08:07,24.5,81,2.31
12/09/2026 08:08,24.5,81,2.31
12/09/2026 08:08,24.5,81,2.27
12/09/2026 08:08,24.5,81,2.26
12/09/2026 08:08,24.5,81,2.3
12/09/2026 08:08,24.5,81,2.3
12/09/2026 08:08,24.5,81,2.31
12/09/2026 08:08,24.5,81,2.27
12/09/2026 08:08,24.5,81,2.26
12/09/2026 08:08,24.5,81,2.27
12/09/2026 08:08,24.5,81,2.19
12/09/2026 08:08,24.5,81,2.11
12/09/2026 08:08,24.5,81,2.14
12/09/2026 08:08,24.5,81,2.11
12/09/2026 08:08,24.5,81,2.11
12/09/2026 08:08,24.5,81,2.1
12/09/2026 08:08,24.5,81,2.11
12/09/2026 08:08,24.5,81,2.14
12/09/2026 08:08,24.5,81,2.15
12/09/2026 08:08,24.5,81,2.1
12/09/2026 08:08,24.5,81,2.12
12/09/2026 08:08,24.5,81,2.15
12/09/2026 08:08,24.5,81,2.18
12/09/2026 08:08,24.5,81,2.19
12/09/2026 08:08,24.6,81,2.16
12/09/2026 08:08,24.6,81,2.15
12/09/2026 08:08,24.6,81,2.19
12/09/2026 08:08,24.7,81,2.18
12/09/2026 08:08,24.7,81,2.21
12/09/2026 08:08,24.8,81,2.23
12/09/2026 08:09,24.8,81,2.24
12/09/2026 08:09,24.8,81,2.24
12/09/2026 08:09,24.8,81,2.23
12/09/2026 08:09,24.7,81,2.22
12/09/2026 08:09,24.6,81,2.17
12/09/2026 08:09,24.5,81,2.19
12/09/2026 08:09,24.5,81,2.2
12/09/2026 08:09,24.5,81,2.21
12/09/2026 08:09,24.5,81,2.23
12/09/2026 08:09,24.5,81,2.22
12/09/2026 08:09,24.5,81,2.17
12/09/2026 08:09,24.5,81,2.17
12/09/2026 08:09,24.5,81,2.19
12/09/2026 08:09,24.5,81,2.22
12/09/2026 08:09,24.5,81,2.23
12/09/2026 08:09,24.5,81,2.24
12/09/2026 08:09,24.5,81,2.24
12/09/2026 08:09,24.6,81,2.14
12/09/2026 08:09,24.6,81,2.17
12/09/2026 08:09,24.6,81,2.15
12/09/2026 08:09,24.6,81,2.17
12/09/2026 08:09,24.6,81,2.21
12/09/2026 08:09,24.6,81,2.23
12/09/2026 08:09,24.6,81,2.22
12/09/2026 08:09,24.6,81,2.21
12/09/2026 08:09,24.7,81,2.17
12/09/2026 08:09,24.7,81,2.19
12/09/2026 08:09,24.7,81,2.2
12/09/2026 08:09,24.8,81,2.23
12/09/2026 08:09,24.8,81,2.22
12/09/2026 08:10,24.8,81,2.2
12/09/2026 08:10,24.8,81,2.19
12/09/2026 08:10,24.8,81,2.21
12/09/2026 08:10,24.8,81,2.22
12/09/2026 08:10,24.8,81,2.22
12/09/2026 08:10,24.8,81,2.17
12/09/2026 08:10,24.8,81,2.2
12/09/2026 08:10,24.8,81,2.21
12/09/2026 08:10,24.8,81,2.22
12/09/2026 08:10,24.8,81,2.22
12/09/2026 08:10,24.8,81,2.22
12/09/2026 08:10,24.8,81,2.18
12/09/2026 08:10,24.7,81,2.19
12/09/2026 08:10,24.6,81,2.21
12/09/2026 08:10,24.5,81,2.23
12/09/2026 08:10,24.5,81,2.23
12/09/2026 08:10,24.5,81,2.25
12/09/2026 08:10,24.5,81,2.21
12/09/2026 08:10,24.5,81,2.21
12/09/2026 08:10,24.5,81,2.23
12/09/2026 08:10,24.6,81,2.24
12/09/2026 08:10,24.6,81,2.23
12/09/2026 08:10,24.6,81,2.24
12/09/2026 08:10,24.6,81,2.25
12/09/2026 08:10,24.6,81,2.24
12/09/2026 08:10,24.7,81,2.26
12/09/2026 08:10,24.7,81,2.23
12/09/2026 08:10,24.7,81,2.23
12/09/2026 08:10,24.8,81,2.19
12/09/2026 08:11,24.8,81,2.17
12/09/2026 08:11,24.8,81,2.16
12/09/2026 08:11,24.8,81,2.18
12/09/2026 08:11,24.8,81,2.13
12/09/2026 08:11,24.8,81,2.11
12/09/2026 08:11,24.8,81,2.14
12/09/2026 08:11,24.8,81,2.14
12/09/2026 08:11,24.8,81,2.17
12/09/2026 08:11,24.8,81,2.17
12/09/2026 08:11,24.8,81,2.17
12/09/2026 08:11,24.8,81,2.21
12/09/2026 08:11,24.8,81,2.19
12/09/2026 08:11,24.8,81,2.19
12/09/2026 08:11,24.8,81,2.21
12/09/2026 08:11,24.8,81,2.22
12/09/2026 08:11,24.8,81,2.19
12/09/2026 08:11,24.8,81,2.19
12/09/2026 08:11,24.8,81,2.2
12/09/2026 08:11,24.8,81,2.15
12/09/2026 08:11,24.8,81,2.14
12/09/2026 08:11,24.8,81,2.17
12/09/2026 08:11,24.8,81,2.2
12/09/2026 08:11,24.8,81,2.19
12/09/2026 08:11,24.8,81,2.21
12/09/2026 08:11,24.8,81,2.21
12/09/2026 08:11,24.8,81,2.19
12/09/2026 08:11,24.8,81,2.21
12/09/2026 08:11,24.8,81,2.21
12/09/2026 08:11,24.8,81,2.2
12/09/2026 08:11,24.8,81,2.22
12/09/2026 08:12,24.8,81,2.22
12/09/2026 08:12,24.8,81,2.21
12/09/2026 08:12,24.8,81,2.19
12/09/2026 08:12,24.8,81,2.19
12/09/2026 08:12,24.8,81,2.19
12/09/2026 08:12,24.8,81,2.22
12/09/2026 08:12,24.8,81,2.22
12/09/2026 08:12,24.8,81,2.22
12/09/2026 08:12,24.8,81,2.23
12/09/2026 08:12,24.8,81,2.22
12/09/2026 08:12,24.8,81,2.24
12/09/2026 08:12,24.8,81,2.25
12/09/2026 08:12,24.8,81,2.24
12/09/2026 08:12,24.8,81,2.24
12/09/2026 08:12,24.8,81,2.23
12/09/2026 08:12,24.8,81,2.24
12/09/2026 08:12,24.8,81,2.24
12/09/2026 08:12,24.8,81,2.23
12/09/2026 08:12,24.8,81,2.25
12/09/2026 08:12,24.8,81,2.24
12/09/2026 08:12,24.8,81,2.25
12/09/2026 08:12,24.8,81,2.25
12/09/2026 08:12,24.8,81,2.25
12/09/2026 08:12,24.8,81,2.25
12/09/2026 08:12,24.8,81,2.27
12/09/2026 08:12,24.8,81,2.27
12/09/2026 08:12,24.8,81,2.28
12/09/2026 08:12,24.8,81,2.27
12/09/2026 08:12,24.8,81,2.27
12/09/2026 08:12,24.8,81,2.27
12/09/2026 08:13,24.8,81,2.25
12/09/2026 08:13,24.8,81,2.24
12/09/2026 08:13,24.8,81,2.25
12/09/2026 08:13,24.8,81,2.25
12/09/2026 08:13,24.8,81,2.22
12/09/2026 08:13,24.8,81,2.22
12/09/2026 08:13,24.8,81,2.24
12/09/2026 08:13,24.8,81,2.23
12/09/2026 08:13,24.8,81,2.23
12/09/2026 08:13,24.8,81,2.24
12/09/2026 08:13,24.8,81,2.23
12/09/2026 08:13,24.8,81,2.24
12/09/2026 08:13,24.8,81,2.22
12/09/2026 08:13,24.8,81,2.19
12/09/2026 08:13,24.8,81,2.17
12/09/2026 08:13,24.8,81,2.19
12/09/2026 08:13,24.8,81,2.2
12/09/2026 08:13,24.8,81,2.2
12/09/2026 08:13,24.8,81,2.21
12/09/2026 08:13,24.8,81,2.21
12/09/2026 08:13,24.8,81,2.21
12/09/2026 08:13,24.8,81,2.22
12/09/2026 08:13,24.8,81,2.22
12/09/2026 08:13,24.8,81,2.22
12/09/2026 08:13,24.8,81,2.23
12/09/2026 08:13,24.8,81,2.21
12/09/2026 08:13,24.8,81,2.15
12/09/2026 08:13,24.8,81,2.2
12/09/2026 08:13,24.8,81,2.22
12/09/2026 08:14,24.8,81,2.21
12/09/2026 08:14,24.8,81,2.21
12/09/2026 08:14,24.8,81,2.24
12/09/2026 08:14,24.8,81,2.24
12/09/2026 08:14,24.8,81,2.21
12/09/2026 08:14,24.8,81,2.23
12/09/2026 08:14,24.8,81,2.24
12/09/2026 08:14,24.8,81,2.26
12/09/2026 08:14,24.8,81,2.27
12/09/2026 08:14,24.8,81,2.24
12/09/2026 08:14,24.8,81,2.24
12/09/2026 08:14,24.8,81,2.25
12/09/2026 08:14,24.8,81,2.24
12/09/2026 08:14,24.8,81,2.23
12/09/2026 08:14,24.8,81,2.19
12/09/2026 08:14,24.8,81,2.2
12/09/2026 08:14,24.8,81,2.22
12/09/2026 08:14,24.8,81,2.21
12/09/2026 08:14,24.8,81,2.23
12/09/2026 08:14,24.8,81,2.24
12/09/2026 08:14,24.8,81,2.21
12/09/2026 08:14,24.8,81,2.21
12/09/2026 08:14,24.8,81,2.2
12/09/2026 08:14,24.8,81,2.22
12/09/2026 08:14,24.8,81,2.22
12/09/2026 08:14,24.8,81,2.24
12/09/2026 08:14,24.8,81,2.22
12/09/2026 08:14,24.8,81,2.23
12/09/2026 08:14,24.8,81,2.24
12/09/2026 08:14,24.8,81,2.23
12/09/2026 08:15,24.8,81,2.16
12/09/2026 08:15,24.8,81,2.21
12/09/2026 08:15,24.8,81,2.23
12/09/2026 08:15,24.8,81,2.25
12/09/2026 08:15,24.8,81,2.26
12/09/2026 08:15,24.8,81,2.26
12/09/2026 08:15,24.8,81,2.22
12/09/2026 08:15,24.8,81,2.2
12/09/2026 08:15,24.8,81,2.2
12/09/2026 08:15,24.8,81,2.22
12/09/2026 08:15,24.8,81,2.23
12/09/2026 08:15,24.8,81,2.22
12/09/2026 08:15,24.8,81,2.21
12/09/2026 08:15,24.8,81,2.23
12/09/2026 08:15,24.8,81,2.24
12/09/2026 08:15,24.8,81,2.25
12/09/2026 08:15,24.8,81,2.24
12/09/2026 08:15,24.8,81,2.26
12/09/2026 08:15,24.8,81,2.25
12/09/2026 08:15,24.8,81,2.24
12/09/2026 08:15,24.8,81,2.26
12/09/2026 08:15,24.8,81,2.26
12/09/2026 08:15,24.8,81,2.26
12/09/2026 08:15,24.8,81,2.19
12/09/2026 08:15,24.8,81,2.13
12/09/2026 08:15,24.8,81,2.17
12/09/2026 08:15,24.8,81,2.14
12/09/2026 08:15,24.8,81,2.17
12/09/2026 08:15,24.8,81,2.19
12/09/2026 08:16,24.8,81,2.18
12/09/2026 08:16,24.8,81,2.19
12/09/2026 08:16,24.8,81,2.2
12/09/2026 08:16,24.8,81,2.21
12/09/2026 08:16,24.8,81,2.23
12/09/2026 08:16,24.8,81,2.24
12/09/2026 08:16,24.8,81,2.21
12/09/2026 08:16,24.8,81,2.23
12/09/2026 08:16,24.8,81,2.23
12/09/2026 08:16,24.8,81,2.23
12/09/2026 08:16,24.8,81,2.23
12/09/2026 08:16,24.8,81,2.25
12/09/2026 08:16,24.8,81,2.22
12/09/2026 08:16,24.8,81,2.2
12/09/2026 08:16,24.8,81,2.22
12/09/2026 08:16,24.8,81,2.23
12/09/2026 08:16,24.8,81,2.22
12/09/2026 08:16,24.8,81,2.23
12/09/2026 08:16,24.8,81,2.25
12/09/2026 08:16,24.8,81,2.26
12/09/2026 08:16,24.8,81,2.2
12/09/2026 08:16,24.8,81,2.2
12/09/2026 08:16,24.8,81,2.21
12/09/2026 08:16,24.8,81,2.19
12/09/2026 08:16,24.8,81,2.21
12/09/2026 08:16,24.8,81,2.17
12/09/2026 08:16,24.8,81,2.19
12/09/2026 08:16,24.8,81,2.2
12/09/2026 08:16,24.8,81,2.19
12/09/2026 08:16,24.8,81,2.17
12/09/2026 08:17,24.8,81,2.14
12/09/2026 08:17,24.8,81,2.15
12/09/2026 08:17,24.8,81,2.15
12/09/2026 08:17,24.8,81,2.18
12/09/2026 08:17,24.8,81,2.21
12/09/2026 08:17,24.8,81,2.21
12/09/2026 08:17,24.8,81,2.23
12/09/2026 08:17,24.8,81,2.25
12/09/2026 08:17,24.8,81,2.25
12/09/2026 08:17,24.8,81,2.24
12/09/2026 08:17,24.8,81,2.24
12/09/2026 08:17,24.8,81,2.23
12/09/2026 08:17,24.8,81,2.18
12/09/2026 08:17,24.8,81,2.19
12/09/2026 08:17,24.8,81,2.15
12/09/2026 08:17,24.8,81,2.18
12/09/2026 08:17,24.8,81,2.2
12/09/2026 08:17,24.8,81,2.21
12/09/2026 08:17,24.8,81,2.22
12/09/2026 08:17,24.8,81,2.23
12/09/2026 08:17,24.8,81,2.21
12/09/2026 08:17,24.8,81,2.23
12/09/2026 08:17,24.8,81,2.23
12/09/2026 08:17,24.8,81,2.26
12/09/2026 08:17,24.8,81,2.22
12/09/2026 08:17,24.8,81,2.23
12/09/2026 08:17,24.8,81,2.19
12/09/2026 08:17,24.8,81,2.21
12/09/2026 08:17,24.8,81,2.19
12/09/2026 08:17,24.8,81,2.21
12/09/2026 08:18,24.8,81,2.24
12/09/2026 08:18,24.8,81,2.22
12/09/2026 08:18,24.8,81,2.25
12/09/2026 08:18,24.8,81,2.18
12/09/2026 08:18,24.8,81,2.22
12/09/2026 08:18,24.8,81,2.23
12/09/2026 08:18,24.8,81,2.2
12/09/2026 08:18,24.8,81,2.19
12/09/2026 08:18,24.8,81,2.18
12/09/2026 08:18,24.8,81,2.18
12/09/2026 08:18,24.8,81,2.18
12/09/2026 08:18,24.8,81,2.18
12/09/2026 08:18,24.8,81,2.21
12/09/2026 08:18,24.8,81,2.22
12/09/2026 08:18,24.8,81,2.19
12/09/2026 08:18,24.8,81,2.2
12/09/2026 08:18,24.8,81,2.15
12/09/2026 08:18,24.8,81,2.18
12/09/2026 08:18,24.8,81,2.22
12/09/2026 08:18,24.8,81,2.25
12/09/2026 08:18,24.8,81,2.26
12/09/2026 08:18,24.8,81,2.27
12/09/2026 08:18,24.8,81,2.29
12/09/2026 08:18,24.8,81,2.26
12/09/2026 08:18,24.8,81,2.24
12/09/2026 08:18,24.8,81,2.26
12/09/2026 08:18,24.8,81,2.29
12/09/2026 08:18,24.8,81,2.28
12/09/2026 08:18,24.8,81,2.28
12/09/2026 08:19,24.8,81,2.28
12/09/2026 08:19,24.8,81,2.24
12/09/2026 08:19,24.8,81,2.24
12/09/2026 08:19,24.8,81,2.21
12/09/2026 08:19,24.8,81,2.22
12/09/2026 08:19,24.8,81,2.22
12/09/2026 08:19,24.8,81,2.22
12/09/2026 08:19,24.8,81,2.22
12/09/2026 08:19,24.8,82,2.22
12/09/2026 08:19,24.8,81,2.2
12/09/2026 08:19,24.8,81,2.2
12/09/2026 08:19,24.8,81,2.21
12/09/2026 08:19,24.8,82,2.22
12/09/2026 08:19,24.8,81,2.22
12/09/2026 08:19,24.8,81,2.23
12/09/2026 08:19,24.8,81,2.23
12/09/2026 08:19,24.8,81,2.24
12/09/2026 08:19,24.8,81,2.21
12/09/2026 08:19,24.8,81,2.23
12/09/2026 08:19,24.8,82,2.24
12/09/2026 08:19,24.8,82,2.23
12/09/2026 08:19,24.8,81,2.21
12/09/2026 08:19,24.8,81,2.19
12/09/2026 08:19,24.8,81,2.2
12/09/2026 08:19,24.8,81,2.2
12/09/2026 08:19,24.8,82,2.17
12/09/2026 08:19,24.8,81,2.18
12/09/2026 08:19,24.8,82,2.2
12/09/2026 08:19,24.8,82,2.22
12/09/2026 08:19,24.8,82,2.23
12/09/2026 08:20,24.8,82,2.19
12/09/2026 08:20,24.8,82,2.21
12/09/2026 08:20,24.8,81,2.17
12/09/2026 08:20,24.8,82,2.17
12/09/2026 08:20,24.8,82,2.2
12/09/2026 08:20,24.8,82,2.18
12/09/2026 08:20,24.8,81,2.2
12/09/2026 08:20,24.8,82,2.2
12/09/2026 08:20,24.8,82,2.21
12/09/2026 08:20,24.8,81,2.22
12/09/2026 08:20,24.8,82,2.21
12/09/2026 08:20,24.8,82,2.21
12/09/2026 08:20,24.8,82,2.23
12/09/2026 08:20,24.8,82,2.24
12/09/2026 08:20,24.8,82,2.24
12/09/2026 08:20,24.8,82,2.24
12/09/2026 08:20,24.8,82,2.23
12/09/2026 08:20,24.8,82,2.23
12/09/2026 08:20,24.8,82,2.22
12/09/2026 08:20,24.8,82,2.21
12/09/2026 08:20,24.8,82,2.22
12/09/2026 08:20,24.8,82,2.22
12/09/2026 08:20,24.8,82,2.21
12/09/2026 08:20,24.8,82,2.18
12/09/2026 08:20,24.8,82,2.17
12/09/2026 08:20,24.8,82,2.18
12/09/2026 08:20,24.8,82,2.16
12/09/2026 08:20,24.8,82,2.15
12/09/2026 08:20,24.8,82,2.18
12/09/2026 08:20,24.8,82,2.16
12/09/2026 08:21,24.8,82,2.15
12/09/2026 08:21,24.8,82,2.14
12/09/2026 08:21,24.8,82,2.16
12/09/2026 08:21,24.8,82,2.17
12/09/2026 08:21,24.8,82,2.13
12/09/2026 08:21,24.8,82,2.16
12/09/2026 08:21,24.8,83,2.15
12/09/2026 08:21,24.8,82,2.17
12/09/2026 08:21,24.8,83,2.13
12/09/2026 08:21,24.8,82,2.15
12/09/2026 08:21,24.8,83,2.16
12/09/2026 08:21,24.8,83,2.17
12/09/2026 08:21,24.8,83,2.15
12/09/2026 08:21,24.8,83,2.17
12/09/2026 08:21,24.8,83,2.17
12/09/2026 08:21,24.8,83,2.19
12/09/2026 08:21,24.8,83,2.2
12/09/2026 08:21,24.8,83,2.21
12/09/2026 08:21,24.8,83,2.2
12/09/2026 08:21,24.8,83,2.21
12/09/2026 08:21,24.8,83,2.21
12/09/2026 08:21,24.8,83,2.22
12/09/2026 08:21,24.8,83,2.22
12/09/2026 08:21,24.8,83,2.2
12/09/2026 08:21,24.8,83,2.19
12/09/2026 08:21,24.8,83,2.21
12/09/2026 08:21,24.8,83,2.2
12/09/2026 08:21,24.8,83,2.21
12/09/2026 08:21,24.8,83,2.21
12/09/2026 08:22,24.8,83,2.21
12/09/2026 08:22,24.8,83,2.22
12/09/2026 08:22,24.8,83,2.2
12/09/2026 08:22,24.8,83,2.2
12/09/2026 08:22,24.8,83,2.18
12/09/2026 08:22,24.8,83,2.19
12/09/2026 08:22,24.8,83,2.19
12/09/2026 08:22,24.8,83,2.2
12/09/2026 08:22,24.8,84,2.2
12/09/2026 08:22,24.8,83,2.17
12/09/2026 08:22,24.8,83,2.19
12/09/2026 08:22,24.8,84,2.21
12/09/2026 08:22,24.8,84,2.21
12/09/2026 08:22,24.8,84,2.21
12/09/2026 08:22,24.8,84,2.2
12/09/2026 08:22,24.8,84,2.21
12/09/2026 08:22,24.8,84,2.22
12/09/2026 08:22,24.8,84,2.23
12/09/2026 08:22,24.8,84,2.23
12/09/2026 08:22,24.8,84,2.23
12/09/2026 08:22,24.8,84,2.23
12/09/2026 08:22,24.8,84,2.22
12/09/2026 08:22,24.8,84,2.25
12/09/2026 08:22,24.8,84,2.23
12/09/2026 08:22,24.8,84,2.23
12/09/2026 08:22,24.8,84,2.25
12/09/2026 08:22,24.8,84,2.24
12/09/2026 08:22,24.8,84,2.25
12/09/2026 08:22,24.8,84,2.26
12/09/2026 08:22,24.8,84,2.26
12/09/2026 08:23,24.8,84,2.24
12/09/2026 08:23,24.8,84,2.24
12/09/2026 08:23,24.8,84,2.23
12/09/2026 08:23,24.8,84,2.24
12/09/2026 08:23,24.8,84,2.24
12/09/2026 08:23,24.8,84,2.24
12/09/2026 08:23,24.8,84,2.25
12/09/2026 08:23,24.8,84,2.23
12/09/2026 08:23,24.8,84,2.2
12/09/2026 08:23,24.8,85,2.24
12/09/2026 08:23,24.8,85,2.22
12/09/2026 08:23,24.8,85,2.22
12/09/2026 08:23,24.8,84,2.19
12/09/2026 08:23,24.8,85,2.22
12/09/2026 08:23,24.8,85,2.23
12/09/2026 08:23,24.8,85,2.24
12/09/2026 08:23,24.8,85,2.26
12/09/2026 08:23,24.8,85,2.26
12/09/2026 08:23,24.8,85,2.26
12/09/2026 08:23,24.8,85,2.23
12/09/2026 08:23,24.8,85,2.22
12/09/2026 08:23,24.8,85,2.2
12/09/2026 08:23,24.8,85,2.23
12/09/2026 08:23,24.8,85,2.24
12/09/2026 08:23,24.8,85,2.24
12/09/2026 08:23,24.8,85,2.23
12/09/2026 08:23,24.8,85,2.24
12/09/2026 08:23,24.8,85,2.24
12/09/2026 08:23,24.8,85,2.26
12/09/2026 08:24,24.8,85,2.27
12/09/2026 08:24,24.8,85,2.29
12/09/2026 08:24,24.8,85,2.29
12/09/2026 08:24,24.8,85,2.3
12/09/2026 08:24,24.8,85,2.29
12/09/2026 08:24,24.8,85,2.3
12/09/2026 08:24,24.8,85,2.32
12/09/2026 08:24,24.8,85,2.31
12/09/2026 08:24,24.8,85,2.32
12/09/2026 08:24,24.8,85,2.32
12/09/2026 08:24,24.8,85,2.33
12/09/2026 08:24,24.8,85,2.34
12/09/2026 08:24,24.8,85,2.34
12/09/2026 08:24,24.8,85,2.34
12/09/2026 08:24,24.8,85,2.36
12/09/2026 08:24,24.8,85,2.36
12/09/2026 08:24,24.8,85,2.38
12/09/2026 08:24,24.8,85,2.38
12/09/2026 08:24,24.8,85,2.38
12/09/2026 08:24,24.8,85,2.37
12/09/2026 08:24,24.8,85,2.34
12/09/2026 08:24,24.8,85,2.34
12/09/2026 08:24,24.8,85,2.37
12/09/2026 08:24,24.8,85,2.36
12/09/2026 08:24,24.8,85,2.37
12/09/2026 08:24,24.8,85,2.35
12/09/2026 08:24,24.8,85,2.35
12/09/2026 08:24,24.8,85,2.37
12/09/2026 08:24,24.8,85,2.35
12/09/2026 08:24,24.8,85,2.35
12/09/2026 08:25,24.8,85,2.35
12/09/2026 08:25,24.8,85,2.36
12/09/2026 08:25,24.8,85,2.37
12/09/2026 08:25,24.8,85,2.37
12/09/2026 08:25,24.8,85,2.37
12/09/2026 08:25,24.8,85,2.36
12/09/2026 08:25,24.8,85,2.36
12/09/2026 08:25,24.8,85,2.37
12/09/2026 08:31,24.8,85,2.36
12/09/2026 08:31,24.8,85,2.35
12/09/2026 08:31,24.8,85,2.34
12/09/2026 08:31,24.8,85,2.36
12/09/2026 08:31,24.8,85,2.37
12/09/2026 08:31,24.8,85,2.38
12/09/2026 08:31,24.8,85,2.38
12/09/2026 08:31,24.8,85,2.37
12/09/2026 08:31,24.8,85,2.36
12/09/2026 08:31,24.8,85,2.38
12/09/2026 08:31,24.8,85,2.34
12/09/2026 08:31,24.8,85,2.36
12/09/2026 08:31,24.8,85,2.38
12/09/2026 08:31,24.8,85,2.37
12/09/2026 08:31,24.8,85,2.35
12/09/2026 08:31,24.8,85,2.37
12/09/2026 08:31,24.8,85,2.36
12/09/2026 08:31,24.8,85,2.37
12/09/2026 08:31,24.8,85,2.38
12/09/2026 08:31,24.8,85,2.38
12/09/2026 08:31,24.8,85,2.38
12/09/2026 08:31,24.8,85,2.36
12/09/2026 08:31,24.8,85,2.36
12/09/2026 08:31,24.8,85,2.35
12/09/2026 08:31,24.8,85,2.35
12/09/2026 08:31,24.8,85,2.34
12/09/2026 08:31,24.8,85,2.33
12/09/2026 08:31,24.8,85,2.32
12/09/2026 08:31,24.8,85,2.33
12/09/2026 08:31,24.8,85,2.33
12/09/2026 08:31,24.8,85,2.34
12/09/2026 08:31,24.8,85,2.34
12/09/2026 08:31,24.8,85,2.36
12/09/2026 08:31,24.8,85,2.37
12/09/2026 08:31,24.8,85,2.37
12/09/2026 08:31,24.8,85,2.36
12/09/2026 08:31,24.8,85,2.37
12/09/2026 08:31,24.8,85,2.36
12/09/2026 08:31,24.8,85,2.34
12/09/2026 08:31,24.8,85,2.35
12/09/2026 08:31,24.8,85,2.35
12/09/2026 08:31,24.8,85,2.35
12/09/2026 08:31,24.8,85,2.36
12/09/2026 08:31,24.8,85,2.35
12/09/2026 08:31,24.8,85,2.36
12/09/2026 08:31,24.8,85,2.36
12/09/2026 08:31,24.8,85,2.35
12/09/2026 08:31,24.8,85,2.35
12/09/2026 08:31,24.8,85,2.35
12/09/2026 08:31,24.8,85,2.35
12/09/2026 08:31,24.8,85,2.34
12/09/2026 08:31,24.8,85,2.35
12/09/2026 08:31,24.8,85,2.35
12/09/2026 08:31,24.8,85,2.35
12/09/2026 08:31,24.8,85,2.34
12/09/2026 08:31,24.8,85,2.33
12/09/2026 08:31,24.8,85,2.33
12/09/2026 08:31,24.8,85,2.33
12/09/2026 08:31,24.8,85,2.35
12/09/2026 08:31,24.8,85,2.36
12/09/2026 08:31,24.8,85,2.36
12/09/2026 08:31,24.8,85,2.36
12/09/2026 08:31,24.8,85,2.34
12/09/2026 08:31,24.8,85,2.37
12/09/2026 08:31,24.8,85,2.38
12/09/2026 08:31,24.8,84,2.38
12/09/2026 08:31,24.8,85,2.38
12/09/2026 08:31,24.8,85,2.37
12/09/2026 08:31,24.8,84,2.37
12/09/2026 08:31,24.8,85,2.34
12/09/2026 08:31,24.8,84,2.35
12/09/2026 08:31,24.8,84,2.36
12/09/2026 08:31,24.8,84,2.36
12/09/2026 08:31,24.8,84,2.35
12/09/2026 08:31,24.8,84,2.34
12/09/2026 08:31,24.8,84,2.35
12/09/2026 08:31,24.8,84,2.35
12/09/2026 08:31,24.8,84,2.36
12/09/2026 08:31,24.8,84,2.36
12/09/2026 08:31,24.8,84,2.35
12/09/2026 08:31,24.8,84,2.35
12/09/2026 08:31,24.8,84,2.34
12/09/2026 08:31,24.8,84,2.32
12/09/2026 08:31,24.8,84,2.34
12/09/2026 08:31,24.8,84,2.34
12/09/2026 08:31,24.8,84,2.33
12/09/2026 08:31,24.8,84,2.35
12/09/2026 08:31,24.8,84,2.36
12/09/2026 08:31,24.8,84,2.36
12/09/2026 08:31,24.8,84,2.37
12/09/2026 08:31,24.8,84,2.37
12/09/2026 08:31,24.8,84,2.35
12/09/2026 08:31,24.8,84,2.37
12/09/2026 08:31,24.8,84,2.35
12/09/2026 08:31,24.8,84,2.35
12/09/2026 08:31,24.8,84,2.36
12/09/2026 08:31,24.8,84,2.36
12/09/2026 08:31,24.8,84,2.34
12/09/2026 08:31,24.8,84,2.34
12/09/2026 08:31,24.8,84,2.35
12/09/2026 08:31,24.8,84,2.35
12/09/2026 08:31,24.8,84,2.36
12/09/2026 08:31,24.8,84,2.33
12/09/2026 08:31,24.8,84,2.34
12/09/2026 08:31,24.8,84,2.34
12/09/2026 08:31,24.8,84,2.34
12/09/2026 08:31,24.8,84,2.37
12/09/2026 08:31,24.8,84,2.33
12/09/2026 08:31,24.8,84,2.33
12/09/2026 08:31,24.8,84,2.34
12/09/2026 08:31,24.8,84,2.33
12/09/2026 08:31,24.8,84,2.35
12/09/2026 08:31,24.8,84,2.35
12/09/2026 08:31,24.8,84,2.35
12/09/2026 08:31,24.8,84,2.34
12/09/2026 08:31,24.8,84,2.32
12/09/2026 08:31,24.8,84,2.32
12/09/2026 08:31,24.8,85,2.35
12/09/2026 08:31,24.8,85,2.33
12/09/2026 08:31,24.8,85,2.33
12/09/2026 08:31,24.8,85,2.34
12/09/2026 08:31,24.8,85,2.35
12/09/2026 08:31,24.8,85,2.36
12/09/2026 08:31,24.8,85,2.35
12/09/2026 08:31,24.8,85,2.35
12/09/2026 08:31,24.8,85,2.34
12/09/2026 08:31,24.8,85,2.34
12/09/2026 08:31,24.8,85,2.35
12/09/2026 08:31,24.8,85,2.36
12/09/2026 08:31,24.8,85,2.36
12/09/2026 08:31,24.8,85,2.36
12/09/2026 08:31,24.8,85,2.36
12/09/2026 08:31,24.8,85,2.34
12/09/2026 08:31,24.8,85,2.37
12/09/2026 08:31,24.8,85,2.35
12/09/2026 08:31,24.8,85,2.36
12/09/2026 08:31,24.8,85,2.36
12/09/2026 08:31,24.8,85,2.32
12/09/2026 08:31,24.8,85,2.33
12/09/2026 08:31,24.8,85,2.32
12/09/2026 08:31,24.8,85,2.33
12/09/2026 08:31,24.8,85,2.34
12/09/2026 08:31,24.8,85,2.34
12/09/2026 08:31,24.8,85,2.34
12/09/2026 08:31,24.8,85,2.34
12/09/2026 08:31,24.8,85,2.32
12/09/2026 08:31,24.8,85,2.31
12/09/2026 08:31,24.8,85,2.31
12/09/2026 08:31,24.8,85,2.31
12/09/2026 08:31,24.8,85,2.32
12/09/2026 08:31,24.8,85,2.33
12/09/2026 08:31,24.8,85,2.34
12/09/2026 08:31,24.8,85,2.35
12/09/2026 08:31,24.8,85,2.34
12/09/2026 08:31,24.8,85,2.35
12/09/2026 08:31,24.8,85,2.37
12/09/2026 08:31,24.8,85,2.37
12/09/2026 08:31,24.8,85,2.36
12/09/2026 08:31,24.8,85,2.36
12/09/2026 08:31,24.8,85,2.35
12/09/2026 08:31,24.8,85,2.35
12/09/2026 08:31,24.8,85,2.36
12/09/2026 08:31,24.8,86,2.38
12/09/2026 08:31,24.8,85,2.36
12/09/2026 08:31,24.8,85,2.35
12/09/2026 08:31,24.8,86,2.34
12/09/2026 08:31,24.8,86,2.34
12/09/2026 08:31,24.8,86,2.34
12/09/2026 08:31,24.8,86,2.36
12/09/2026 08:31,24.8,85,2.37
12/09/2026 08:31,24.8,86,2.36
12/09/2026 08:31,24.8,86,2.35
12/09/2026 08:31,24.8,86,2.33
12/09/2026 08:31,24.8,86,2.35
12/09/2026 08:31,24.8,86,2.33
12/09/2026 08:31,24.8,86,2.36
12/09/2026 08:31,24.8,86,2.37
12/09/2026 08:31,24.8,86,2.36
12/09/2026 08:31,24.9,86,2.36
12/09/2026 08:31,24.9,86,2.37
12/09/2026 08:31,24.9,86,2.38
12/09/2026 08:31,24.9,86,2.36
12/09/2026 08:31,24.9,86,2.35
12/09/2026 08:31,24.9,86,2.36
12/09/2026 08:50,24.9,86,2.35
12/09/2026 08:50,24.9,86,2.34
12/09/2026 08:50,24.9,86,2.33
12/09/2026 08:50,24.9,86,2.34
12/09/2026 08:50,24.9,86,2.36
12/09/2026 08:50,24.9,86,2.35
12/09/2026 08:50,24.9,86,2.33
12/09/2026 08:50,24.9,86,2.34
12/09/2026 08:50,25,86,2.36
12/09/2026 08:50,25,86,2.35
12/09/2026 08:50,25,86,2.38
12/09/2026 08:50,25,86,2.35
12/09/2026 08:50,25,86,2.38
12/09/2026 08:50,25,86,2.37
12/09/2026 08:50,25,86,2.36
12/09/2026 08:50,25,86,2.35
12/09/2026 08:50,25,86,2.36
12/09/2026 08:50,25,86,2.34
12/09/2026 08:50,25,86,2.35
12/09/2026 08:50,25,86,2.31
12/09/2026 08:50,25,86,2.38
12/09/2026 08:50,25.1,86,2.36
12/09/2026 08:50,25.1,86,2.36
12/09/2026 08:50,25.1,86,2.38
12/09/2026 08:50,25.2,86,2.41
12/09/2026 08:50,25.2,86,2.4
12/09/2026 08:50,25.2,86,2.32
12/09/2026 08:50,25.1,86,2.28
12/09/2026 08:50,25.1,86,2.35
12/09/2026 08:50,25.1,86,2.3
12/09/2026 08:50,25.1,86,2.33
12/09/2026 08:50,25,86,2.3
12/09/2026 08:50,25,86,2.31
12/09/2026 08:50,25,86,2.3
12/09/2026 08:50,25,86,2.29
12/09/2026 08:50,25,86,2.25
12/09/2026 08:50,24.9,87,2.24
12/09/2026 08:50,24.9,86,2.28
12/09/2026 08:50,24.9,87,2.29
12/09/2026 08:50,24.9,86,2.25
12/09/2026 08:50,24.9,86,2.26
12/09/2026 08:50,24.9,86,2.21
12/09/2026 08:50,24.9,86,2.22
12/09/2026 08:50,24.9,86,2.22
12/09/2026 08:50,24.9,86,2.23
12/09/2026 08:50,24.9,86,2.24
12/09/2026 08:50,24.9,87,2.25
12/09/2026 08:50,24.8,86,2.26
12/09/2026 08:50,24.8,86,2.26
12/09/2026 08:50,24.8,87,2.3
12/09/2026 08:50,24.8,86,2.23
12/09/2026 08:50,24.8,86,2.36
12/09/2026 08:50,24.8,86,2.35
12/09/2026 08:50,24.8,87,2.38
12/09/2026 08:50,24.8,87,2.38
12/09/2026 08:50,24.8,87,2.33
12/09/2026 08:50,24.8,87,2.36
12/09/2026 08:50,24.9,86,2.38
12/09/2026 08:50,24.8,87,2.39
12/09/2026 08:50,24.8,86,2.37
12/09/2026 08:50,24.8,86,2.36
12/09/2026 08:50,24.8,87,2.31
12/09/2026 08:50,24.8,86,2.29
12/09/2026 08:50,24.8,87,2.32
12/09/2026 08:50,24.8,86,2.32
12/09/2026 08:50,24.8,87,2.32
12/09/2026 08:50,24.8,87,2.24
12/09/2026 08:50,24.8,87,2.26
12/09/2026 08:50,24.8,87,2.27
12/09/2026 08:50,24.8,87,2.26
12/09/2026 08:50,24.8,87,2.29
12/09/2026 08:50,24.8,87,2.25
12/09/2026 08:50,24.8,87,2.29
12/09/2026 08:50,24.8,86,2.26
12/09/2026 08:50,24.8,87,2.27
12/09/2026 08:50,24.8,86,2.28
12/09/2026 08:50,24.8,87,2.33
12/09/2026 08:50,24.8,87,2.35
12/09/2026 08:50,24.8,87,2.32
12/09/2026 08:50,24.8,87,2.3
12/09/2026 08:50,24.8,87,2.33
12/09/2026 08:50,24.8,87,2.3
12/09/2026 08:50,24.8,87,2.3
12/09/2026 08:50,24.8,87,2.27
12/09/2026 08:50,24.8,87,2.3
12/09/2026 08:50,24.8,87,2.33
12/09/2026 08:50,24.8,87,2.29
12/09/2026 08:50,24.8,87,2.33
12/09/2026 08:50,24.8,87,2.37
12/09/2026 08:50,24.8,87,2.27
12/09/2026 08:50,24.8,87,2.28
12/09/2026 08:50,24.8,87,2.3
12/09/2026 08:50,24.8,87,2.29
12/09/2026 08:50,24.8,87,2.31
12/09/2026 08:50,24.8,88,2.27
12/09/2026 08:50,24.8,87,2.29
12/09/2026 08:50,24.8,88,2.27
12/09/2026 08:50,24.8,88,2.28
12/09/2026 08:50,24.8,87,2.27
12/09/2026 08:50,24.8,87,2.27
12/09/2026 08:50,24.8,87,2.25
12/09/2026 08:50,24.8,87,2.25
12/09/2026 08:50,24.8,87,2.27
12/09/2026 08:50,24.8,87,2.28
12/09/2026 08:50,24.8,87,2.32
12/09/2026 08:50,24.8,87,2.35
12/09/2026 08:50,24.8,88,2.25
12/09/2026 08:50,24.8,87,2.28
12/09/2026 08:50,24.8,87,2.24
12/09/2026 08:50,24.8,87,2.21
12/09/2026 08:50,24.8,87,2.27
12/09/2026 08:50,24.8,88,2.26
12/09/2026 08:50,24.8,88,2.28
12/09/2026 08:50,24.8,88,2.29
12/09/2026 08:50,24.8,88,2.24
12/09/2026 08:50,24.8,87,2.28
12/09/2026 08:50,24.8,88,2.22
12/09/2026 08:50,24.8,88,2.22
12/09/2026 08:50,24.8,88,2.25
12/09/2026 08:50,24.8,88,2.29
12/09/2026 08:50,24.8,88,2.32
12/09/2026 08:50,24.8,88,2.31
12/09/2026 08:50,24.8,88,2.26
12/09/2026 08:50,24.8,88,2.27
12/09/2026 08:50,24.8,88,2.29
12/09/2026 08:50,24.8,88,2.24
12/09/2026 08:50,24.8,88,2.23
12/09/2026 08:50,24.8,88,2.28
12/09/2026 08:50,24.8,88,2.29
12/09/2026 08:50,24.8,88,2.28
12/09/2026 08:50,24.8,88,2.27
12/09/2026 08:50,24.8,88,2.28
12/09/2026 08:50,24.8,88,2.31
12/09/2026 08:50,24.8,88,2.32
12/09/2026 08:50,24.8,88,2.34
12/09/2026 08:50,24.8,88,2.32
12/09/2026 08:50,24.8,88,2.33
12/09/2026 08:50,24.8,88,2.35
12/09/2026 08:50,24.8,88,2.35
12/09/2026 08:50,24.8,88,2.36
12/09/2026 08:50,24.8,88,2.38
12/09/2026 08:50,24.8,88,2.4
12/09/2026 08:50,24.8,88,2.4
12/09/2026 08:50,24.8,88,2.39
12/09/2026 08:50,24.8,88,2.4
12/09/2026 08:50,24.8,88,2.4
12/09/2026 08:50,24.8,88,2.39
12/09/2026 08:50,24.8,88,2.39
12/09/2026 08:50,24.8,88,2.4
12/09/2026 08:50,24.8,88,2.39
12/09/2026 08:50,24.8,88,2.4
12/09/2026 08:50,24.8,88,2.38
12/09/2026 08:50,24.8,88,2.39
12/09/2026 08:50,24.8,88,2.39
12/09/2026 08:50,24.8,88,2.38
12/09/2026 08:50,24.8,88,2.39
12/09/2026 08:50,24.8,88,2.39
12/09/2026 08:50,24.8,88,2.4
12/09/2026 08:50,24.8,88,2.41
12/09/2026 08:50,24.8,88,2.42
12/09/2026 08:50,24.8,88,2.42
12/09/2026 08:50,24.8,88,2.42
12/09/2026 08:50,24.8,88,2.41
12/09/2026 08:50,24.8,88,2.42
12/09/2026 08:50,24.8,88,2.42
12/09/2026 08:50,24.8,88,2.42
12/09/2026 08:50,24.8,88,2.41
12/09/2026 08:50,24.8,88,2.41
12/09/2026 08:50,24.8,88,2.41
12/09/2026 08:50,24.8,88,2.41
12/09/2026 08:50,24.8,88,2.39
12/09/2026 08:50,24.8,89,2.4
12/09/2026 08:50,24.8,89,2.4
12/09/2026 08:50,24.8,89,2.39
12/09/2026 08:50,24.8,89,2.39
12/09/2026 08:50,24.8,88,2.38
12/09/2026 08:50,24.8,88,2.39
12/09/2026 08:50,24.8,88,2.39
12/09/2026 08:50,24.8,88,2.37
12/09/2026 08:50,24.8,89,2.38
12/09/2026 08:50,24.8,89,2.37
12/09/2026 08:50,24.8,89,2.38
12/09/2026 08:50,24.8,88,2.36
12/09/2026 08:50,24.8,89,2.36
12/09/2026 08:50,24.8,89,2.36
12/09/2026 08:50,24.8,88,2.36
12/09/2026 08:50,24.8,88,2.35
12/09/2026 08:50,24.8,88,2.35
12/09/2026 08:50,24.8,89,2.34
12/09/2026 08:50,24.8,89,2.34
12/09/2026 08:50,24.8,89,2.39
12/09/2026 08:50,24.8,88,2.37
12/09/2026 08:50,24.8,89,2.36
12/09/2026 08:50,24.8,89,2.34
12/09/2026 08:50,24.8,89,2.34
12/09/2026 08:50,24.8,89,2.33
12/09/2026 08:50,24.8,88,2.32
12/09/2026 08:50,24.8,89,2.31
12/09/2026 08:50,24.8,86,2.3
12/09/2026 08:50,24.8,88,2.3
12/09/2026 08:50,24.8,88,2.3
12/09/2026 08:50,24.8,88,2.3
12/09/2026 08:50,24.8,88,2.31
12/09/2026 08:50,24.8,88,2.31
12/09/2026 08:50,24.8,89,2.32
12/09/2026 08:50,24.8,89,2.37
12/09/2026 08:50,24.8,89,2.36
12/09/2026 08:50,24.8,89,2.35
12/09/2026 08:50,24.8,89,2.34
12/09/2026 08:50,24.8,89,2.33
12/09/2026 08:50,24.8,88,2.32
12/09/2026 08:50,24.8,89,2.32
12/09/2026 08:50,24.8,89,2.31
12/09/2026 08:50,24.8,89,2.31
12/09/2026 08:50,24.8,89,2.31
12/09/2026 08:50,24.8,89,2.32
12/09/2026 08:50,24.8,89,2.31
12/09/2026 08:50,24.8,89,2.32
12/09/2026 08:50,24.8,89,2.32
12/09/2026 08:50,24.8,89,2.31
12/09/2026 08:50,24.8,89,2.32
12/09/2026 08:50,24.8,89,2.32
12/09/2026 08:50,24.8,89,2.31
12/09/2026 08:50,24.8,89,2.3
12/09/2026 08:50,24.8,89,2.31
12/09/2026 08:50,24.8,88,2.3
12/09/2026 08:50,24.8,88,2.29
12/09/2026 08:50,24.9,89,2.29
12/09/2026 08:50,24.9,89,2.28
12/09/2026 08:50,24.9,89,2.28
12/09/2026 08:50,24.9,89,2.25
12/09/2026 08:50,24.9,88,2.27
12/09/2026 08:50,24.9,89,2.27
12/09/2026 08:50,24.9,88,2.27
12/09/2026 08:50,25,89,2.26
12/09/2026 08:50,25,89,2.26
12/09/2026 08:50,25,89,2.27
12/09/2026 08:50,25.1,89,2.27
12/09/2026 08:50,25.2,89,2.27
12/09/2026 08:50,25.2,88,2.26
12/09/2026 08:50,25.2,89,2.26
12/09/2026 08:50,25.2,89,2.26
12/09/2026 08:50,25.2,89,2.25
12/09/2026 08:50,25.2,89,2.25
12/09/2026 08:50,25.3,89,2.25
12/09/2026 08:50,25.3,89,2.24
12/09/2026 08:50,25.3,89,2.24
12/09/2026 08:50,25.3,89,2.24
12/09/2026 08:50,25.3,89,2.22
12/09/2026 08:50,25.3,89,2.24
12/09/2026 08:50,25.3,89,2.23
12/09/2026 08:50,25.3,89,2.27
12/09/2026 08:50,25.3,89,2.25
12/09/2026 08:50,25.3,89,2.27
12/09/2026 08:50,25.3,89,2.26
12/09/2026 08:50,25.3,89,2.26
12/09/2026 08:50,25.3,89,2.25
12/09/2026 08:50,25.3,89,2.25
12/09/2026 08:50,25.3,89,2.24
12/09/2026 08:50,25.3,89,2.24
12/09/2026 08:50,25.3,89,2.24
12/09/2026 08:50,25.3,89,2.24
12/09/2026 08:50,25.3,89,2.24
12/09/2026 08:50,25.3,89,2.26
12/09/2026 08:50,25.3,89,2.25
12/09/2026 08:50,25.3,89,2.25
12/09/2026 08:50,25.3,89,2.25
12/09/2026 08:50,25.3,89,2.24
12/09/2026 08:50,25.3,89,2.24
12/09/2026 08:50,25.3,89,2.24
12/09/2026 08:50,25.3,89,2.25
12/09/2026 08:50,25.3,89,2.25
12/09/2026 08:50,25.3,89,2.25
12/09/2026 08:50,25.3,88,2.25
12/09/2026 08:50,25.3,89,2.26
12/09/2026 08:50,25.3,88,2.25
12/09/2026 08:50,25.3,89,2.25
12/09/2026 08:50,25.3,89,2.25
12/09/2026 08:50,25.3,89,2.25
12/09/2026 08:50,25.3,89,2.25
12/09/2026 08:50,25.3,89,2.25
12/09/2026 08:50,25.3,89,2.24
12/09/2026 08:50,25.3,89,2.23
12/09/2026 08:50,25.3,89,2.24
12/09/2026 08:50,25.3,89,2.23
12/09/2026 08:50,25.3,89,2.24
12/09/2026 08:50,25.3,89,2.23
12/09/2026 08:50,25.3,89,2.25
12/09/2026 08:50,25.3,89,2.25
12/09/2026 08:50,25.3,89,2.24
12/09/2026 08:50,25.3,89,2.24
12/09/2026 08:50,25.3,89,2.24
12/09/2026 08:50,25.3,89,2.24
12/09/2026 08:50,25.3,89,2.24
12/09/2026 08:50,25.3,89,2.25
12/09/2026 08:50,25.3,89,2.25
12/09/2026 08:50,25.3,89,2.25
12/09/2026 08:50,25.3,89,2.24
12/09/2026 08:50,25.3,89,2.24
12/09/2026 08:50,25.3,89,2.26
12/09/2026 08:50,25.3,89,2.26
12/09/2026 08:50,25.3,89,2.27
12/09/2026 08:50,25.3,89,2.27
12/09/2026 08:50,25.3,89,2.27
12/09/2026 08:50,25.3,89,2.27
12/09/2026 08:50,25.3,89,2.27
12/09/2026 08:50,25.3,89,2.28
12/09/2026 08:50,25.3,89,2.27
12/09/2026 08:50,25.3,89,2.27
12/09/2026 08:50,25.3,89,2.27
12/09/2026 08:50,25.3,89,2.27
12/09/2026 08:50,25.3,89,2.27
12/09/2026 08:50,25.3,89,2.27
12/09/2026 08:50,25.3,89,2.26
12/09/2026 08:50,25.3,89,2.27
12/09/2026 08:50,25.3,89,2.27
12/09/2026 08:50,25.3,89,2.27
12/09/2026 08:50,25.3,89,2.26
12/09/2026 08:50,25.3,89,2.26
12/09/2026 08:50,25.3,89,2.27
12/09/2026 08:50,25.3,89,2.28
12/09/2026 08:50,25.3,89,2.27
12/09/2026 08:50,25.3,89,2.27
12/09/2026 08:50,25.3,88,2.27
12/09/2026 08:50,25.3,89,2.27
12/09/2026 08:50,25.3,89,2.27
12/09/2026 08:50,25.3,89,2.28
12/09/2026 08:50,25.3,89,2.33
12/09/2026 08:50,25.3,89,2.33
12/09/2026 08:50,25.3,89,2.32
12/09/2026 08:50,25.3,89,2.32
12/09/2026 08:50,25.3,88,2.33
12/09/2026 08:50,25.3,89,2.32
12/09/2026 08:50,25.3,89,2.32
12/09/2026 08:50,25.3,89,2.32
12/09/2026 08:50,25.3,89,2.32
12/09/2026 08:50,25.3,88,2.32
12/09/2026 08:50,25.3,89,2.32
12/09/2026 08:50,25.3,89,2.29
12/09/2026 08:50,25.3,89,2.32
12/09/2026 08:50,25.3,88,2.32
12/09/2026 08:50,25.3,89,2.32
12/09/2026 08:50,25.3,88,2.3
12/09/2026 08:50,25.3,89,2.31
12/09/2026 08:50,25.3,87,2.31
12/09/2026 08:50,25.3,89,2.31
12/09/2026 08:50,25.3,89,2.3
12/09/2026 08:50,25.3,89,2.3
12/09/2026 08:50,25.3,89,2.33
12/09/2026 08:50,25.3,89,2.35
12/09/2026 08:50,25.3,89,2.36
12/09/2026 08:50,25.3,89,2.37
12/09/2026 08:50,25.3,89,2.38
12/09/2026 08:50,25.3,89,2.39
12/09/2026 08:50,25.3,88,2.41
12/09/2026 08:50,25.3,88,2.4
12/09/2026 08:50,25.3,89,2.42
12/09/2026 08:50,25.3,89,2.43
12/09/2026 08:50,25.3,89,2.43
12/09/2026 08:50,25.3,89,2.43
12/09/2026 08:50,25.3,89,2.44
12/09/2026 08:50,25.3,89,2.44
12/09/2026 08:50,25.3,89,2.45
12/09/2026 08:50,25.3,89,2.45
12/09/2026 08:50,25.3,89,2.45
12/09/2026 08:50,25.3,89,2.45
12/09/2026 08:50,25.3,89,2.45
12/09/2026 08:50,25.3,89,2.45
12/09/2026 08:50,25.3,89,2.46
12/09/2026 08:50,25.3,89,2.45
12/09/2026 08:50,25.3,89,2.46
12/09/2026 08:50,25.3,89,2.45
12/09/2026 08:50,25.3,88,2.44
12/09/2026 08:50,25.3,89,2.45
12/09/2026 08:50,25.3,89,2.44
12/09/2026 08:50,25.3,89,2.44
12/09/2026 08:50,25.3,87,2.44
12/09/2026 08:50,25.3,89,2.43
12/09/2026 08:50,25.3,89,2.43
12/09/2026 08:50,25.3,89,2.42
12/09/2026 08:50,25.3,89,2.42
12/09/2026 08:50,25.3,89,2.41
12/09/2026 08:50,25.3,88,2.4
12/09/2026 08:50,25.3,89,2.4
12/09/2026 08:50,25.3,89,2.43
12/09/2026 08:50,25.3,89,2.42
12/09/2026 08:50,25.3,89,2.42
12/09/2026 08:50,25.3,89,2.41
12/09/2026 08:50,25.3,88,2.41
12/09/2026 08:50,25.3,89,2.41
12/09/2026 08:50,25.3,89,2.4
12/09/2026 08:50,25.3,89,2.4
12/09/2026 08:50,25.3,89,2.39
12/09/2026 08:50,25.3,88,2.39
12/09/2026 08:50,25.3,89,2.4
12/09/2026 08:50,25.3,89,2.39
12/09/2026 08:50,25.3,89,2.39
12/09/2026 08:50,25.3,89,2.39
12/09/2026 08:50,25.3,89,2.39
12/09/2026 08:50,25.3,89,2.38
12/09/2026 08:50,25.3,89,2.38
12/09/2026 08:50,25.3,89,2.38
12/09/2026 08:50,25.3,89,2.38
12/09/2026 08:50,25.3,89,2.39
12/09/2026 08:50,25.3,89,2.38
12/09/2026 08:50,25.3,89,2.38
12/09/2026 08:50,25.3,89,2.38
12/09/2026 08:50,25.3,89,2.38
12/09/2026 08:50,25.3,88,2.37
12/09/2026 08:50,25.3,89,2.37
12/09/2026 08:50,25.3,89,2.37
12/09/2026 08:50,25.3,89,2.36
12/09/2026 08:50,25.3,89,2.37
12/09/2026 08:50,25.3,89,2.37
12/09/2026 08:50,25.3,89,2.37
12/09/2026 08:50,25.3,89,2.36
12/09/2026 08:50,25.3,89,2.35
12/09/2026 08:50,25.3,89,2.36
12/09/2026 08:50,25.3,89,2.37
12/09/2026 08:50,25.3,89,2.37
12/09/2026 08:50,25.3,89,2.37
12/09/2026 08:50,25.3,89,2.36
12/09/2026 08:50,25.3,89,2.35
12/09/2026 08:50,25.3,87,2.36
12/09/2026 08:50,25.3,89,2.36
12/09/2026 08:50,25.3,88,2.36
12/09/2026 08:50,25.3,89,2.36
12/09/2026 08:50,25.3,89,2.36
12/09/2026 08:50,25.3,88,2.35
12/09/2026 08:50,25.3,88,2.35
12/09/2026 08:50,25.3,89,2.35
12/09/2026 08:50,25.3,89,2.35
12/09/2026 08:50,25.3,89,2.35
12/09/2026 08:50,25.3,89,2.35
12/09/2026 08:50,25.3,88,2.35
12/09/2026 08:50,25.3,89,2.35
12/09/2026 08:50,25.3,89,2.35
12/09/2026 08:50,25.3,88,2.35
12/09/2026 08:50,25.3,89,2.34
12/09/2026 08:50,25.3,89,2.34
12/09/2026 08:50,25.3,89,2.33
12/09/2026 08:50,25.3,88,2.34
12/09/2026 08:50,25.3,89,2.34
12/09/2026 08:50,25.3,89,2.33
12/09/2026 08:50,25.3,89,2.35
12/09/2026 08:50,25.3,89,2.35
12/09/2026 08:50,25.3,89,2.35
12/09/2026 08:50,25.3,88,2.35
12/09/2026 08:50,25.3,88,2.36
12/09/2026 08:50,25.3,88,2.35
12/09/2026 08:50,25.3,88,2.35
12/09/2026 08:50,25.3,89,2.35
12/09/2026 08:50,25.3,88,2.35
12/09/2026 08:50,25.3,88,2.34
12/09/2026 08:50,25.3,89,2.34
12/09/2026 08:50,25.3,89,2.34
12/09/2026 08:50,25.3,88,2.34
12/09/2026 08:50,25.3,89,2.34
12/09/2026 08:50,25.3,88,2.33
12/09/2026 08:50,25.3,89,2.35
12/09/2026 08:50,25.3,89,2.34
12/09/2026 08:50,25.3,89,2.36
12/09/2026 08:50,25.3,88,2.36
12/09/2026 08:50,25.3,89,2.39
12/09/2026 08:50,25.3,89,2.39
12/09/2026 08:50,25.3,89,2.38
12/09/2026 08:50,25.3,89,2.36
12/09/2026 08:50,25.3,89,2.36
12/09/2026 08:50,25.3,88,2.36
12/09/2026 08:50,25.3,88,2.37
12/09/2026 08:50,25.3,89,2.36
12/09/2026 08:50,25.3,89,2.35
12/09/2026 08:50,25.3,89,2.37
12/09/2026 08:50,25.3,88,2.36
12/09/2026 08:50,25.3,88,2.35
12/09/2026 08:50,25.3,88,2.34
12/09/2026 08:50,25.3,88,2.33
12/09/2026 08:50,25.3,88,2.32
12/09/2026 08:50,25.3,88,2.32
12/09/2026 08:50,25.3,88,2.35
12/09/2026 08:50,25.3,88,2.34
12/09/2026 08:50,25.3,88,2.33
12/09/2026 08:50,25.3,88,2.33
12/09/2026 08:50,25.3,87,2.33
12/09/2026 08:50,25.3,88,2.32
12/09/2026 08:50,25.3,88,2.35
12/09/2026 08:50,25.3,88,2.34
12/09/2026 08:50,25.3,88,2.34
12/09/2026 08:50,25.3,89,2.33
12/09/2026 08:50,25.3,88,2.32
12/09/2026 08:50,25.3,89,2.33
12/09/2026 08:50,25.3,88,2.31
12/09/2026 08:50,25.3,89,2.36
12/09/2026 08:50,25.3,88,2.38
12/09/2026 08:50,25.3,88,2.38
12/09/2026 08:50,25.3,88,2.36
12/09/2026 08:50,25.3,88,2.36
12/09/2026 08:50,25.3,89,2.36
12/09/2026 08:50,25.3,89,2.36
12/09/2026 08:50,25.3,88,2.36
12/09/2026 08:50,25.3,89,2.35
12/09/2026 08:50,25.3,88,2.34
12/09/2026 08:50,25.3,89,2.32
12/09/2026 08:50,25.3,89,2.31
12/09/2026 08:50,25.3,89,2.31
12/09/2026 08:50,25.3,88,2.34
12/09/2026 08:50,25.3,89,2.33
12/09/2026 08:50,25.3,88,2.31
12/09/2026 08:50,25.3,88,2.31
12/09/2026 08:50,25.3,88,2.31
12/09/2026 08:50,25.3,89,2.33
12/09/2026 08:50,25.3,89,2.33
12/09/2026 08:50,25.3,89,2.32
12/09/2026 08:50,25.3,88,2.32
12/09/2026 08:50,25.3,88,2.32
12/09/2026 08:50,25.3,88,2.33
12/09/2026 08:50,25.3,88,2.33
12/09/2026 08:50,25.3,89,2.34
12/09/2026 08:50,25.3,89,2.33
12/09/2026 08:50,25.3,89,2.33
12/09/2026 08:50,25.3,89,2.33
12/09/2026 08:50,25.3,88,2.33
12/09/2026 08:50,25.3,88,2.33
12/09/2026 08:50,25.3,88,2.32
12/09/2026 08:50,25.3,89,2.32
12/09/2026 08:50,25.3,88,2.32
12/09/2026 08:50,25.3,88,2.34
12/09/2026 08:50,25.3,88,2.33
12/09/2026 08:50,25.3,89,2.33
12/09/2026 08:50,25.3,88,2.33
12/09/2026 08:50,25.3,88,2.32
12/09/2026 08:50,25.3,89,2.34
12/09/2026 08:50,25.3,89,2.33
12/09/2026 08:50,25.3,86,2.33
12/09/2026 08:50,25.3,88,2.33
12/09/2026 08:50,25.3,88,2.31
12/09/2026 08:50,25.3,88,2.32
12/09/2026 08:50,25.3,89,2.31
12/09/2026 08:50,25.3,88,2.3
12/09/2026 08:50,25.3,89,2.33
12/09/2026 08:50,25.3,89,2.31
12/09/2026 08:50,25.3,89,2.32
12/09/2026 08:50,25.3,88,2.3
12/09/2026 08:50,25.3,88,2.35
12/09/2026 08:50,25.3,89,2.35
12/09/2026 08:50,25.3,88,2.35
12/09/2026 08:50,25.3,89,2.33
12/09/2026 08:50,25.3,86,2.34
12/09/2026 08:50,25.3,89,2.32
12/09/2026 08:50,25.3,87,2.33
12/09/2026 08:50,25.3,89,2.33
12/09/2026 08:50,25.3,89,2.34
12/09/2026 08:50,25.3,86,2.33
12/09/2026 08:50,25.3,89,2.33
12/09/2026 08:50,25.3,89,2.35
12/09/2026 08:50,25.3,89,2.34
12/09/2026 08:50,25.3,89,2.34
12/09/2026 08:50,25.3,89,2.34
12/09/2026 08:50,25.3,89,2.34
12/09/2026 08:50,25.3,88,2.32
12/09/2026 08:50,25.3,88,2.32
12/09/2026 08:50,25.3,88,2.33
12/09/2026 08:50,25.3,89,2.33
12/09/2026 08:50,25.3,88,2.33
12/09/2026 08:50,25.3,88,2.36
12/09/2026 08:50,25.3,86,2.35
12/09/2026 08:50,25.3,86,2.34
12/09/2026 08:50,25.3,86,2.33
12/09/2026 08:50,25.3,87,2.31
12/09/2026 08:50,25.3,89,2.32
12/09/2026 08:50,25.3,89,2.3
12/09/2026 08:50,25.3,89,2.32
12/09/2026 08:50,25.3,89,2.31
12/09/2026 08:50,25.3,87,2.31
12/09/2026 08:50,25.3,89,2.31
12/09/2026 08:50,25.3,89,2.33
12/09/2026 08:50,25.3,89,2.32
12/09/2026 08:50,25.3,87,2.32
12/09/2026 08:51,25.3,89,2.33
12/09/2026 08:51,25.3,89,2.33
12/09/2026 08:51,25.3,89,2.32
12/09/2026 08:51,25.3,89,2.33
12/09/2026 08:51,25.3,89,2.33
12/09/2026 14:20,31.3,69,0.1
12/09/2026 14:20,31.3,69,0.08
12/09/2026 14:20,31.3,69,0.09
12/09/2026 14:20,31.3,70,0.09
12/09/2026 14:20,30.8,70,0.09
12/09/2026 14:20,30.8,70,0.08
12/09/2026 14:20,30.8,70,0.08
12/09/2026 14:20,30.8,71,0.07
12/09/2026 14:20,30.8,71,0.07
12/09/2026 14:20,30.8,71,0.06
12/09/2026 14:20,30.8,71,0.06
12/09/2026 14:20,30.8,71,0.06
12/09/2026 14:20,30.8,71,0.07
12/09/2026 14:20,30.8,71,0.07
12/09/2026 14:20,30.9,71,0.06
12/09/2026 14:20,31.2,71,0.06
12/09/2026 14:20,31.3,71,0.06
12/09/2026 14:20,31.3,71,0.06
12/09/2026 14:20,31.3,71,0.06
12/09/2026 14:21,31.3,71,0.06
12/09/2026 14:21,31.3,71,0.06
12/09/2026 14:21,31.3,71,0.06
12/09/2026 14:21,31.3,71,0.06
12/09/2026 14:21,31.3,71,0.05
12/09/2026 14:21,31.3,71,0.05
12/09/2026 14:21,31.3,71,0.05
12/09/2026 14:21,31.3,71,0.05
12/09/2026 14:21,31.3,71,0.05
12/09/2026 14:21,31.3,71,0.05
12/09/2026 14:21,31.3,71,0.05
12/09/2026 14:21,31.3,71,0.04
12/09/2026 14:21,31.3,71,0.04
12/09/2026 14:21,31.8,71,0.04
12/09/2026 14:21,31.8,71,0.04
12/09/2026 14:21,31.8,71,0.04
12/09/2026 14:21,31.8,71,0.04
12/09/2026 14:21,31.8,71,0.04
12/09/2026 14:21,31.8,71,0.04
12/09/2026 14:21,31.8,71,0.04
12/09/2026 14:21,31.8,71,0.03
12/09/2026 14:21,31.8,71,0.03
12/09/2026 14:21,31.8,71,0.03
12/09/2026 14:21,31.8,71,0.03
12/09/2026 14:21,31.8,71,0.03
12/09/2026 14:21,31.8,71,0.04
12/09/2026 14:21,31.8,71,0.04
12/09/2026 14:21,31.8,71,0.03
12/09/2026 14:21,31.8,71,0.03
12/09/2026 14:21,31.8,71,0.03
12/09/2026 14:22,31.8,71,0.03
12/09/2026 14:22,31.8,71,0.03
12/09/2026 14:22,31.8,71,0.03
12/09/2026 14:22,31.8,71,0.03
12/09/2026 14:22,31.8,71,0.02
12/09/2026 14:22,31.8,71,0.02
12/09/2026 14:22,31.8,71,0.03
12/09/2026 14:22,31.8,71,0.02
12/09/2026 14:22,31.8,71,0.02
12/09/2026 14:22,31.8,71,0.03
12/09/2026 14:22,31.8,71,0.02
12/09/2026 14:22,31.8,71,0.02
12/09/2026 14:22,31.8,71,0.02
12/09/2026 14:22,31.8,71,0.02
12/09/2026 14:22,31.8,71,0.02
12/09/2026 14:22,31.8,71,0.02
12/09/2026 14:22,31.8,71,0.02
12/09/2026 14:22,31.8,71,0.02
12/09/2026 14:22,31.8,71,0.01
12/09/2026 14:22,31.8,71,0.01
12/09/2026 14:22,31.8,71,0.02
12/09/2026 14:22,31.8,71,0.01
12/09/2026 14:22,31.8,71,0.01
12/09/2026 14:22,31.8,71,0.02
12/09/2026 14:22,31.8,71,0.02
12/09/2026 14:22,31.8,71,0.01
12/09/2026 14:22,31.8,71,0.02
12/09/2026 14:22,31.8,71,0.01
12/09/2026 14:22,31.8,71,0.01
12/09/2026 14:23,31.8,71,0.01
12/09/2026 14:23,31.8,71,0.01
12/09/2026 14:23,31.8,71,0.01
12/09/2026 14:23,31.8,71,0.02
12/09/2026 14:23,31.8,71,0.01
12/09/2026 14:23,31.8,71,0.01
12/09/2026 14:23,31.8,71,0.01
12/09/2026 14:23,31.8,71,0.02
12/09/2026 14:23,31.8,71,0.02
12/09/2026 14:23,31.8,71,0.02
12/09/2026 14:23,31.8,71,0.02
12/09/2026 14:23,31.8,71,0.01
12/09/2026 14:23,31.8,71,0.02
12/09/2026 14:23,31.9,71,0.02
12/09/2026 14:23,32.3,71,0.02
12/09/2026 14:23,32.3,71,0.01
12/09/2026 14:23,32.3,71,0.02
12/09/2026 14:23,32.3,71,0.03
12/09/2026 14:23,32.3,71,0.02
12/09/2026 14:23,32.3,71,0.02
12/09/2026 14:23,32.3,71,0.02
12/09/2026 14:23,32.3,71,0.02
12/09/2026 14:23,32.3,71,0.02
12/09/2026 14:23,32.3,71,0.02
12/09/2026 14:23,32.3,71,0.01
12/09/2026 14:23,32.3,71,0.01
12/09/2026 14:23,32.3,71,0.01
12/09/2026 14:23,32.3,71,0.01
12/09/2026 14:23,32.3,71,0
12/09/2026 14:23,32.3,71,0.01
12/09/2026 14:24,32.3,71,0.01
12/09/2026 14:24,32.3,71,0.01
12/09/2026 14:24,32.3,71,0
12/09/2026 14:24,32.3,71,0.01
12/09/2026 14:24,32.3,71,0.01
12/09/2026 14:24,32.3,71,0.01
12/09/2026 14:24,32.3,71,0
12/09/2026 14:24,32.3,71,0.01
12/09/2026 14:24,32.3,71,0.01
12/09/2026 14:24,32.3,71,0.01
12/09/2026 14:24,32.3,71,0
12/09/2026 14:24,32.3,71,0
12/09/2026 14:24,32.3,71,0.01
12/09/2026 14:24,32.3,71,0.01
12/09/2026 14:24,32.3,71,0
12/09/2026 14:24,32.4,71,0
12/09/2026 14:24,32.8,71,0
12/09/2026 14:24,32.8,71,0
12/09/2026 14:24,32.8,71,0
12/09/2026 14:24,32.8,71,0
12/09/2026 14:24,32.8,71,0
12/09/2026 14:24,32.8,71,0
12/09/2026 14:24,32.8,71,0
12/09/2026 14:24,32.8,71,0
12/09/2026 14:24,32.8,71,0
12/09/2026 14:24,32.8,71,0
12/09/2026 14:24,32.8,71,0
12/09/2026 14:24,32.8,71,0.04
12/09/2026 14:24,32.8,71,0.03
12/09/2026 14:24,32.8,71,0.04
12/09/2026 14:25,32.8,71,0.03
12/09/2026 14:25,32.8,71,0.02
12/09/2026 14:25,32.8,71,0.02
12/09/2026 14:25,32.8,71,0.02
12/09/2026 14:25,32.8,71,0.02
12/09/2026 14:25,32.8,71,0.01
12/09/2026 14:25,32.8,71,0.01
12/09/2026 14:25,32.8,71,0.01
12/09/2026 14:25,32.7,71,0.01
12/09/2026 14:25,32.8,71,0.01
12/09/2026 14:25,32.8,71,0.01
12/09/2026 14:25,32.7,71,0
12/09/2026 14:25,32.7,71,0.01
12/09/2026 14:25,32.7,71,0.01
12/09/2026 14:25,32.8,71,0
12/09/2026 14:25,32.8,71,0
12/09/2026 14:25,32.8,71,0
12/09/2026 14:25,32.8,71,0
12/09/2026 14:25,32.8,71,0
12/09/2026 14:25,32.8,71,0
12/09/2026 14:25,32.8,71,0
12/09/2026 14:25,32.8,71,0
12/09/2026 14:25,32.8,71,0
12/09/2026 14:25,32.8,71,0
12/09/2026 14:25,32.8,71,0
12/09/2026 14:25,32.8,71,0
12/09/2026 14:25,32.8,71,0
12/09/2026 14:25,32.8,71,0
12/09/2026 14:25,32.8,71,0
12/09/2026 14:26,32.8,71,0
12/09/2026 14:26,32.8,71,0
12/09/2026 14:26,32.8,71,0
12/09/2026 14:26,32.8,71,0
12/09/2026 14:26,32.8,71,0
12/09/2026 14:26,32.8,71,0
12/09/2026 14:26,32.8,71,0
12/09/2026 14:26,32.8,71,0
12/09/2026 14:26,32.8,71,0
12/09/2026 14:26,32.8,71,0
12/09/2026 14:26,32.8,71,0
12/09/2026 14:26,32.8,71,0
12/09/2026 14:26,32.8,71,0
12/09/2026 14:26,32.8,71,0.01
12/09/2026 14:26,32.8,71,0.01
12/09/2026 14:26,32.8,71,0.02
12/09/2026 14:26,32.8,71,0.02
12/09/2026 14:26,32.8,71,0.02
12/09/2026 14:26,32.8,71,0.01
12/09/2026 14:26,32.8,71,0.01
12/09/2026 14:26,32.9,71,0
12/09/2026 14:26,33.2,70,0.01
12/09/2026 14:26,33.2,70,0
12/09/2026 14:26,32.9,71,0
12/09/2026 14:26,32.8,71,0
12/09/2026 14:26,32.8,71,0
12/09/2026 14:26,32.8,71,0
12/09/2026 14:26,32.8,71,0
12/09/2026 14:26,32.8,71,0
12/09/2026 14:26,32.8,71,0
12/09/2026 14:27,32.8,71,0
12/09/2026 14:27,32.8,71,0
12/09/2026 14:27,32.8,71,0
12/09/2026 14:27,32.8,71,0
12/09/2026 14:27,32.8,71,0
12/09/2026 14:27,32.8,71,0
12/09/2026 14:27,32.8,71,0
12/09/2026 14:27,32.8,71,0
12/09/2026 14:27,32.9,71,0
12/09/2026 14:27,33.2,69,0
12/09/2026 14:27,33.3,69,0
12/09/2026 14:27,33.3,69,0
12/09/2026 14:27,33.3,69,0
12/09/2026 14:27,33.3,69,0
12/09/2026 14:27,33.3,70,0
12/09/2026 14:27,33.3,70,0
12/09/2026 14:27,33.3,70,0
12/09/2026 14:27,33.3,70,0
12/09/2026 14:27,33.3,70,0
12/09/2026 14:27,33.3,70,0
12/09/2026 14:27,33.3,70,0
12/09/2026 14:27,33.3,70,0
12/09/2026 14:27,33.3,69,0
12/09/2026 14:27,33.3,69,0
12/09/2026 14:27,33.3,69,0
12/09/2026 14:27,33.3,69,0
12/09/2026 14:27,33.3,69,0
12/09/2026 14:27,33.3,69,0
12/09/2026 14:27,33.3,69,0
12/09/2026 14:28,33.3,69,0
12/09/2026 14:28,33.3,69,0
12/09/2026 14:28,33.3,69,0
12/09/2026 14:28,33.3,69,0
12/09/2026 14:28,33.3,69,0
12/09/2026 14:28,32.8,70,0
12/09/2026 14:28,32.8,70,0
12/09/2026 14:28,32.8,70,0
12/09/2026 14:28,32.8,70,0
12/09/2026 14:28,32.8,70,0
12/09/2026 14:28,32.8,70,0
12/09/2026 14:28,32.8,70,0
12/09/2026 14:28,32.8,70,0
12/09/2026 14:28,32.8,70,0
12/09/2026 14:28,32.8,70,0
12/09/2026 14:28,32.8,70,0
12/09/2026 14:28,32.8,70,0
12/09/2026 14:28,32.8,70,0
12/09/2026 14:28,32.8,70,0
12/09/2026 14:28,32.8,69,0
12/09/2026 14:28,32.8,69,0
12/09/2026 14:28,32.8,69,0
12/09/2026 14:28,32.8,69,0
12/09/2026 14:28,32.8,69,0
12/09/2026 14:28,32.8,69,0
12/09/2026 14:28,32.8,69,0
12/09/2026 14:28,32.8,69,0
12/09/2026 14:28,32.8,69,0
12/09/2026 14:28,32.8,69,0
12/09/2026 14:28,32.8,69,0
12/09/2026 14:29,32.8,69,0
12/09/2026 14:29,32.8,69,0
12/09/2026 14:29,32.8,69,0
12/09/2026 14:29,32.8,69,0
12/09/2026 14:29,32.8,69,0
12/09/2026 14:29,32.8,69,0
12/09/2026 14:29,32.8,69,0
12/09/2026 14:29,32.8,69,0
12/09/2026 14:29,32.8,69,0
12/09/2026 14:29,32.8,68,0
12/09/2026 14:29,32.8,68,0
12/09/2026 14:29,32.8,68,0
12/09/2026 14:29,32.8,68,0
12/09/2026 14:29,32.8,68,0
12/09/2026 14:29,32.8,68,0
12/09/2026 14:29,32.8,68,0
12/09/2026 14:29,32.8,68,0
12/09/2026 14:29,32.8,68,0
12/09/2026 14:29,32.8,68,0
12/09/2026 14:29,32.8,68,0
12/09/2026 14:29,32.8,68,0
12/09/2026 14:29,32.8,68,0
12/09/2026 14:29,32.8,68,0
12/09/2026 14:29,32.8,68,0
12/09/2026 14:29,32.8,68,0
12/09/2026 14:29,32.8,68,0
12/09/2026 14:29,32.8,68,0
12/09/2026 14:29,33.3,67,0
12/09/2026 14:29,33.3,67,0
12/09/2026 14:29,33.3,67,0
12/09/2026 14:30,33.3,67,0
12/09/2026 14:30,33.3,67,0
12/09/2026 14:30,33.3,67,0
12/09/2026 14:30,33.3,67,0
12/09/2026 14:30,33.3,67,0
12/09/2026 14:30,33.3,66,0
12/09/2026 14:30,33.3,66,0
12/09/2026 14:30,33.3,66,0
12/09/2026 14:30,33.3,66,0
12/09/2026 14:30,33.3,66,0
12/09/2026 14:30,33.8,66,0
12/09/2026 14:30,33.8,66,0
12/09/2026 14:30,33.8,66,0
12/09/2026 14:30,33.8,66,0
12/09/2026 14:30,33.8,66,0
12/09/2026 14:30,33.8,66,0
12/09/2026 14:30,33.8,66,0
12/09/2026 14:30,33.8,66,0
12/09/2026 14:30,33.8,66,0
12/09/2026 14:30,33.8,66,0
12/09/2026 14:30,33.8,66,0
12/09/2026 14:30,33.8,66,0
12/09/2026 14:30,33.8,66,0
12/09/2026 14:30,33.8,66,0
12/09/2026 14:30,33.8,66,0
12/09/2026 14:30,33.8,66,0
12/09/2026 14:30,33.8,66,0
12/09/2026 14:30,33.6,66,0
12/09/2026 14:30,33.3,66,0
12/09/2026 14:31,33.3,66,0
12/09/2026 14:31,33.3,66,0
12/09/2026 14:31,33.4,66,0
12/09/2026 14:31,33.8,66,0
12/09/2026 14:31,33.8,66,0
12/09/2026 14:31,33.8,66,0
12/09/2026 14:31,33.8,66,0
12/09/2026 14:31,33.8,66,0
12/09/2026 14:31,33.8,66,0
12/09/2026 14:31,33.8,66,0
12/09/2026 14:31,33.8,66,0
12/09/2026 14:31,33.8,66,0
12/09/2026 14:31,33.8,66,0
12/09/2026 14:31,33.8,66,0
12/09/2026 14:31,33.8,66,0
12/09/2026 14:31,33.8,66,0
12/09/2026 14:31,33.8,66,0
12/09/2026 14:31,33.8,66,0
12/09/2026 14:31,33.8,66,0
12/09/2026 14:31,33.8,66,0
12/09/2026 14:31,33.8,66,0
12/09/2026 14:31,33.8,66,0
12/09/2026 14:31,33.8,66,0
12/09/2026 14:31,33.8,66,0
12/09/2026 14:31,33.8,65,0
12/09/2026 14:31,33.8,65,0
12/09/2026 14:31,33.8,65,0
12/09/2026 14:31,33.8,65,0
12/09/2026 14:31,33.8,65,0
12/09/2026 14:31,33.8,65,0
12/09/2026 14:32,33.8,65,0
12/09/2026 14:32,33.8,65,0
12/09/2026 14:32,33.8,65,0
12/09/2026 14:32,33.8,65,0
12/09/2026 14:32,33.8,65,0
12/09/2026 14:32,33.8,65,0
12/09/2026 14:32,33.8,64,0
12/09/2026 14:32,33.8,64,0
12/09/2026 14:32,33.8,64,0
12/09/2026 14:32,33.8,64,0
12/09/2026 14:32,33.8,64,0
12/09/2026 14:32,33.8,64,0
12/09/2026 14:32,33.8,64,0
12/09/2026 14:32,33.8,64,0
12/09/2026 14:32,33.8,64,0
12/09/2026 14:32,33.8,63,0
12/09/2026 14:32,33.8,63,0
12/09/2026 14:32,33.8,63,0
12/09/2026 14:32,33.8,63,0
12/09/2026 14:32,33.8,63,0
12/09/2026 14:32,33.8,63,0
12/09/2026 14:32,33.8,63,0
12/09/2026 14:32,33.8,63,0
12/09/2026 14:32,33.8,63,0
12/09/2026 14:32,33.8,62,0
12/09/2026 14:32,33.8,62,0
12/09/2026 14:32,33.8,62,0
12/09/2026 14:32,33.8,62,0
12/09/2026 14:32,33.8,62,0
12/09/2026 14:32,33.8,62,0
12/09/2026 14:33,33.8,62,0
12/09/2026 14:33,33.8,62,0
12/09/2026 14:33,33.8,62,0
12/09/2026 14:33,33.8,62,0
12/09/2026 14:33,33.8,62,0
12/09/2026 14:33,33.8,62,0
12/09/2026 14:33,33.8,62,0
12/09/2026 14:33,33.8,62,0
12/09/2026 14:33,33.8,62,0
12/09/2026 14:33,33.8,62,0
12/09/2026 14:33,33.8,62,0
12/09/2026 14:33,33.8,62,0
12/09/2026 14:33,33.8,62,0
12/09/2026 14:33,33.8,62,0
12/09/2026 14:33,33.8,62,0
12/09/2026 14:33,33.8,62,0
12/09/2026 14:33,33.8,62,0
12/09/2026 14:33,33.8,61,0
12/09/2026 14:33,33.8,61,0
12/09/2026 14:33,33.8,61,0
12/09/2026 14:33,33.8,61,0
12/09/2026 14:33,33.8,61,0
12/09/2026 14:33,33.8,61,0
12/09/2026 14:33,33.8,61,0
12/09/2026 14:33,33.8,61,0
12/09/2026 14:33,33.8,61,0
12/09/2026 14:33,33.8,61,0
12/09/2026 14:33,33.6,61,0
12/09/2026 14:33,33.3,61,0
12/09/2026 14:34,33.3,61,0
12/09/2026 14:34,33.3,61,0
12/09/2026 14:34,33.3,61,0
12/09/2026 14:34,33.3,61,0
12/09/2026 14:34,33.3,61,0
12/09/2026 14:34,33.3,61,0
12/09/2026 14:34,33.3,61,0
12/09/2026 14:34,33.3,61,0
12/09/2026 14:34,33.3,61,0
12/09/2026 14:34,33.3,61,0
12/09/2026 14:34,33.3,61,0
12/09/2026 14:34,33.3,61,0
12/09/2026 14:34,33.3,61,0
12/09/2026 14:34,33.3,61,0
12/09/2026 14:34,33.3,61,0
12/09/2026 14:34,33.3,61,0
12/09/2026 14:34,33.3,61,0
12/09/2026 14:34,33.3,61,0
12/09/2026 14:34,33.3,61,0
12/09/2026 14:34,33.3,61,0
12/09/2026 14:34,33.3,61,0
12/09/2026 14:34,33.3,61,0
12/09/2026 14:34,33.3,61,0
12/09/2026 14:34,33.3,61,0
12/09/2026 14:34,33.3,61,0
12/09/2026 14:34,33.3,61,0
12/09/2026 14:34,33.3,61,0
12/09/2026 14:34,33.3,61,0
12/09/2026 14:34,33.3,61,0
12/09/2026 14:34,33.3,61,0
12/09/2026 14:35,33.3,61,0
12/09/2026 14:35,33.3,61,0
12/09/2026 14:35,33.3,61,0
12/09/2026 14:35,33.3,61,0
12/09/2026 14:35,33.3,61,0
12/09/2026 14:35,33.3,61,0
12/09/2026 14:35,33.6,61,0
12/09/2026 14:35,33.5,61,0
12/09/2026 14:35,33.3,61,0
12/09/2026 14:35,33.3,61,0
12/09/2026 14:35,33.3,61,0
12/09/2026 14:35,33.3,61,0
12/09/2026 14:35,33.3,61,0
12/09/2026 14:35,33.3,61,0
12/09/2026 14:35,33.3,61,0
12/09/2026 14:35,33.3,61,0
12/09/2026 14:35,33.3,61,0
12/09/2026 14:35,33.3,61,0
12/09/2026 14:35,33.3,61,0
12/09/2026 14:35,33.3,61,0
12/09/2026 14:35,33.3,61,0
12/09/2026 14:35,33.3,61,0
12/09/2026 14:35,33.3,61,0
12/09/2026 14:35,33.3,61,0
12/09/2026 14:35,33.3,61,0
12/09/2026 14:35,33.3,61,0
12/09/2026 14:35,33.3,61,0
12/09/2026 14:35,33.3,61,0
12/09/2026 14:35,33.3,61,0
12/09/2026 14:36,33.3,61,0
12/09/2026 14:36,33.3,61,0
12/09/2026 14:36,33.3,61,0
12/09/2026 14:36,33.3,61,0
12/09/2026 14:36,33.3,61,0
12/09/2026 14:36,32.9,62,0
12/09/2026 14:36,32.8,62,0
12/09/2026 14:36,32.9,62,0
12/09/2026 14:36,33,61,0
12/09/2026 14:36,33.3,61,0
12/09/2026 14:36,33.3,60,0
12/09/2026 14:36,33.3,60,0
12/09/2026 14:36,33.3,60,0
12/09/2026 14:36,33.3,60,0
12/09/2026 14:36,33.3,60,0
12/09/2026 14:36,33.3,60,0
12/09/2026 14:36,33.3,60,0
12/09/2026 14:36,33.3,60,0
12/09/2026 14:36,33.3,60,0
12/09/2026 14:36,33.3,60,0
12/09/2026 14:36,33.3,60,0
12/09/2026 14:36,33.3,60,0
12/09/2026 14:36,33.3,60,0
12/09/2026 14:36,33.3,60,0
12/09/2026 14:36,33.3,60,0
12/09/2026 14:36,33.3,60,0
12/09/2026 14:36,33.3,60,0
12/09/2026 14:36,33.3,60,0
12/09/2026 14:36,33.3,60,0
12/09/2026 14:36,33.3,60,0
12/09/2026 14:37,33.3,60,0
12/09/2026 14:37,33.3,60,0
12/09/2026 14:37,33.3,60,0
12/09/2026 14:37,33.3,60,0
12/09/2026 14:37,33.3,60,0
12/09/2026 14:37,33.3,60,0
12/09/2026 14:37,33.3,60,0
12/09/2026 14:37,33.3,60,0
12/09/2026 14:37,33.3,60,0
12/09/2026 14:37,33.3,60,0
12/09/2026 14:37,33.3,60,0
12/09/2026 14:37,33.3,60,0
12/09/2026 14:37,33.3,60,0
12/09/2026 14:37,33.3,59,0
12/09/2026 14:37,33.3,57,0
12/09/2026 14:37,33.6,58,0
12/09/2026 14:37,33.8,58,0
12/09/2026 14:37,33.8,58,0
12/09/2026 14:37,33.8,58,0
12/09/2026 14:37,33.8,58,0
12/09/2026 14:37,33.8,59,0
12/09/2026 14:37,33.8,59,0
12/09/2026 14:37,33.8,59,0
12/09/2026 14:37,33.8,59,0
12/09/2026 14:37,33.8,59,0
12/09/2026 14:37,33.8,59,0
12/09/2026 14:37,33.8,59,0
12/09/2026 14:37,33.8,59,0
12/09/2026 14:37,33.8,59,0
12/09/2026 14:37,33.8,59,0
12/09/2026 14:38,33.8,59,0
12/09/2026 14:38,33.8,59,0
12/09/2026 14:38,33.8,59,0
12/09/2026 14:38,33.8,59,0
12/09/2026 14:38,33.8,59,0
12/09/2026 14:38,33.8,59,0
12/09/2026 14:38,33.8,60,0
12/09/2026 14:38,33.8,60,0
12/09/2026 14:38,33.8,60,0
12/09/2026 14:38,33.8,60,0
12/09/2026 14:38,33.8,60,0
12/09/2026 14:38,33.8,60,0
12/09/2026 14:38,33.8,60,0
12/09/2026 14:38,33.8,60,0
12/09/2026 14:38,33.8,60,0
12/09/2026 14:38,33.8,60,0
12/09/2026 14:38,33.8,60,0
12/09/2026 14:38,33.8,60,0
12/09/2026 14:38,33.8,60,0
12/09/2026 14:38,33.8,60,0
12/09/2026 14:38,33.8,60,0
12/09/2026 14:38,33.8,60,0
12/09/2026 14:38,33.8,60,0
12/09/2026 14:38,33.8,60,0
12/09/2026 14:38,33.8,60,0
12/09/2026 14:38,33.8,60,0
12/09/2026 14:38,33.8,60,0
12/09/2026 14:38,33.8,60,0
12/09/2026 14:38,33.8,60,0
12/09/2026 14:39,33.8,60,0
12/09/2026 14:39,33.8,60,0
12/09/2026 14:39,33.8,60,0
12/09/2026 14:39,33.8,60,0
12/09/2026 14:39,33.8,60,0
12/09/2026 14:39,34.2,60,0
12/09/2026 14:39,34.2,60,0
12/09/2026 14:39,34.2,60,0
12/09/2026 14:39,34.2,60,0
12/09/2026 14:39,34.2,60,0
12/09/2026 14:39,34.2,60,0
12/09/2026 14:39,34.2,60,0
12/09/2026 14:39,34.2,60,0
12/09/2026 14:39,34.2,60,0
12/09/2026 14:39,34.2,60,0
12/09/2026 14:39,34.2,60,0
12/09/2026 14:39,34.2,60,0
12/09/2026 14:39,34.2,60,0
12/09/2026 14:39,34.2,60,0
12/09/2026 14:39,34.2,60,0
12/09/2026 14:39,34.2,60,0
12/09/2026 14:39,34.2,60,0
12/09/2026 14:39,34.2,60,0
12/09/2026 14:39,34.2,60,0
12/09/2026 14:39,34.2,60,0
12/09/2026 14:39,34.2,60,0
12/09/2026 14:39,34.2,60,0
12/09/2026 14:39,34.2,60,0
12/09/2026 14:39,34.2,60,0
12/09/2026 14:39,34.2,60,0
12/09/2026 14:40,34.2,60,0
12/09/2026 14:40,34.2,60,0
12/09/2026 14:40,34.2,60,0
12/09/2026 14:40,34.2,60,0
12/09/2026 14:40,34.2,60,0
12/09/2026 14:40,34.2,60,0
12/09/2026 14:40,34.2,60,0
12/09/2026 14:40,34.2,60,0
12/09/2026 14:40,34.2,60,0
12/09/2026 14:40,34.2,60,0
12/09/2026 14:40,34.2,60,0
12/09/2026 14:40,34.2,60,0
12/09/2026 14:40,34.2,60,0
12/09/2026 14:40,34.2,60,0
12/09/2026 14:40,34.2,60,0
12/09/2026 14:40,34.2,60,0
12/09/2026 14:40,34.2,59,0
12/09/2026 14:40,34.1,59,0
12/09/2026 14:40,34.2,59,0
12/09/2026 14:40,34.2,59,0
12/09/2026 14:40,34.2,60,0
12/09/2026 14:40,34.2,60,0
12/09/2026 14:40,34.2,59,0
12/09/2026 14:40,34.2,59,0
12/09/2026 14:40,34.2,59,0
12/09/2026 14:40,34.2,59,0
12/09/2026 14:40,34.2,59,0
12/09/2026 14:40,34.2,59,0
12/09/2026 14:40,34.2,59,0
12/09/2026 14:41,34.2,59,0
12/09/2026 14:41,34.2,59,0
12/09/2026 14:41,34.2,59,0
12/09/2026 14:41,34.2,59,0
12/09/2026 14:41,34.2,59,0
12/09/2026 14:41,34.2,59,0
12/09/2026 14:41,34.2,59,0
12/09/2026 14:41,34.2,59,0
12/09/2026 14:41,34.2,59,0
12/09/2026 14:41,34.2,59,0
12/09/2026 14:41,34.2,59,0
12/09/2026 14:41,34.2,59,0
12/09/2026 14:41,34.2,59,0
12/09/2026 14:41,34.2,59,0
12/09/2026 14:41,34.2,59,0
12/09/2026 14:41,34.2,59,0
12/09/2026 14:41,34.2,59,0
12/09/2026 14:41,33.8,59,0
12/09/2026 14:41,33.8,59,0
12/09/2026 14:41,33.8,59,0
12/09/2026 14:41,33.8,59,0
12/09/2026 14:41,33.8,59,0
12/09/2026 14:41,33.8,59,0
12/09/2026 14:41,33.8,59,0
12/09/2026 14:41,33.8,59,0
12/09/2026 14:41,33.8,59,0
12/09/2026 14:41,33.8,59,0
12/09/2026 14:41,33.8,59,0
12/09/2026 14:41,33.8,59,0
12/09/2026 14:41,33.8,59,0
12/09/2026 14:42,33.8,59,0
12/09/2026 14:42,33.8,59,0
12/09/2026 14:42,33.8,59,0
12/09/2026 14:42,33.8,59,0
12/09/2026 14:42,33.8,59,0
12/09/2026 14:42,33.8,59,0
12/09/2026 14:42,33.8,59,0
12/09/2026 14:42,33.8,59,0
12/09/2026 14:42,33.8,59,0
12/09/2026 14:42,33.8,59,0
12/09/2026 14:42,33.8,59,0
12/09/2026 14:42,33.8,59,0
12/09/2026 14:42,33.8,59,0
12/09/2026 14:42,33.8,59,0
12/09/2026 14:42,33.8,59,0
12/09/2026 14:42,33.8,59,0
12/09/2026 14:42,33.8,59,0
12/09/2026 14:42,33.8,59,0
12/09/2026 14:42,33.8,59,0
12/09/2026 14:42,33.8,59,0
12/09/2026 14:42,33.8,59,0
12/09/2026 14:42,33.8,59,0
12/09/2026 14:42,33.8,59,0
12/09/2026 14:42,33.8,59,0
12/09/2026 14:42,33.8,59,0
12/09/2026 14:42,33.8,59,0
12/09/2026 14:42,33.8,59,0
12/09/2026 14:42,33.8,59,0
12/09/2026 14:42,33.8,59,0
12/09/2026 14:42,33.8,59,0
12/09/2026 14:43,33.8,59,0
12/09/2026 14:43,33.8,59,0
12/09/2026 14:43,33.8,59,0
12/09/2026 14:43,33.8,59,0
12/09/2026 14:43,33.8,59,0
12/09/2026 14:43,33.8,59,0
12/09/2026 14:43,33.8,59,0
12/09/2026 14:43,33.8,59,0
12/09/2026 14:43,33.8,59,0
12/09/2026 14:43,33.8,59,0
12/09/2026 14:43,33.8,59,0
12/09/2026 14:43,33.8,59,0
12/09/2026 14:43,33.8,59,0
12/09/2026 14:43,33.8,59,0
12/09/2026 14:43,33.8,59,0
12/09/2026 14:43,33.8,59,0
12/09/2026 14:43,33.8,59,0
12/09/2026 14:43,33.8,59,0
12/09/2026 14:43,33.8,59,0
12/09/2026 14:43,33.8,59,0
12/09/2026 14:43,33.8,59,0
12/09/2026 14:43,33.8,59,0
12/09/2026 14:43,33.8,59,0
12/09/2026 14:43,33.8,59,0
12/09/2026 14:43,33.8,59,0
12/09/2026 14:43,33.8,59,0
12/09/2026 14:43,33.8,59,0
12/09/2026 14:43,33.8,59,0
12/09/2026 14:43,33.8,59,0
12/09/2026 14:44,33.8,59,0
12/09/2026 14:44,33.8,59,0
12/09/2026 14:44,33.8,59,0
12/09/2026 14:44,33.8,59,0
12/09/2026 14:44,33.8,59,0
12/09/2026 14:44,33.8,59,0
12/09/2026 14:44,33.8,59,0
12/09/2026 14:44,33.8,59,0
12/09/2026 14:44,33.8,59,0
12/09/2026 14:44,33.8,59,0
12/09/2026 14:44,33.8,59,0
12/09/2026 14:44,33.8,59,0
12/09/2026 14:44,33.8,59,0
12/09/2026 14:44,33.8,59,0
12/09/2026 14:44,33.8,59,0
12/09/2026 14:44,33.8,59,0
12/09/2026 14:44,33.8,59,0
12/09/2026 14:44,33.8,59,0
12/09/2026 14:44,33.8,59,0
12/09/2026 14:44,34.2,59,0
12/09/2026 14:44,34.2,59,0
12/09/2026 14:44,34.2,59,0
12/09/2026 14:44,34.2,59,0
12/09/2026 14:44,34.2,59,0
12/09/2026 14:44,34.2,59,0
12/09/2026 14:44,34.2,59,0
12/09/2026 14:44,34.2,59,0
12/09/2026 14:44,34.2,59,0
12/09/2026 14:44,34.2,59,0
12/09/2026 14:44,34.2,59,0
12/09/2026 14:45,34.2,59,0
12/09/2026 14:45,34.2,59,0
12/09/2026 14:45,34.2,59,0
12/09/2026 14:45,34.2,59,0
12/09/2026 14:45,34.2,59,0
12/09/2026 14:45,34.2,59,0
12/09/2026 14:45,34.2,59,0
12/09/2026 14:45,34.2,59,0
12/09/2026 14:45,34.2,59,0
12/09/2026 14:45,34.2,59,0
12/09/2026 14:45,34.2,59,0
12/09/2026 14:45,34.2,59,0
12/09/2026 14:45,34.2,59,0
12/09/2026 14:45,34.4,59,0
12/09/2026 14:45,34.6,59,0
12/09/2026 14:45,34.7,59,0
12/09/2026 14:45,34.7,59,0
12/09/2026 14:45,34.7,59,0
12/09/2026 14:45,34.7,59,0
12/09/2026 14:45,34.7,59,0
12/09/2026 14:45,34.7,59,0
12/09/2026 14:45,34.7,59,0
12/09/2026 14:45,34.7,59,0
12/09/2026 14:45,34.7,59,0
12/09/2026 14:45,34.7,59,0
12/09/2026 14:45,34.7,59,0
12/09/2026 14:45,34.7,59,0
12/09/2026 14:45,34.7,59,0
12/09/2026 14:45,34.7,59,0
12/09/2026 14:46,34.7,59,0
12/09/2026 14:46,34.7,59,0
12/09/2026 14:46,34.7,59,0
12/09/2026 14:46,34.7,59,0
12/09/2026 14:46,34.7,59,0
12/09/2026 14:46,34.7,59,0
12/09/2026 14:46,34.7,59,0
12/09/2026 14:46,34.7,59,0
12/09/2026 14:46,34.7,59,0
12/09/2026 14:46,34.7,59,0
12/09/2026 14:46,34.7,59,0
12/09/2026 14:46,34.7,59,0
12/09/2026 14:46,34.7,59,0
12/09/2026 14:46,34.7,59,0
12/09/2026 14:46,34.7,59,0
12/09/2026 14:46,34.7,59,0
12/09/2026 14:46,34.7,59,0
12/09/2026 14:46,34.7,59,0
12/09/2026 14:46,34.7,59,0
12/09/2026 14:46,34.7,59,0
12/09/2026 14:46,34.7,59,0
12/09/2026 14:46,34.7,59,0
12/09/2026 14:46,34.7,59,0
12/09/2026 14:46,34.7,59,0
12/09/2026 14:46,34.7,59,0
12/09/2026 14:46,34.7,59,0
12/09/2026 14:46,34.7,59,0
12/09/2026 14:46,35,58,0
12/09/2026 14:46,35,58,0
12/09/2026 14:46,35,58,0
12/09/2026 14:47,35.2,58,0
12/09/2026 14:47,35.2,58,0
12/09/2026 14:47,35.2,58,0
12/09/2026 14:47,35.2,58,0
12/09/2026 14:47,35.2,58,0
12/09/2026 14:47,35.2,58,0
12/09/2026 14:47,35.2,58,0
12/09/2026 14:47,35.2,58,0
12/09/2026 14:47,35.2,58,0
12/09/2026 14:47,35.2,58,0
12/09/2026 14:47,35.2,58,0
12/09/2026 14:47,35.2,58,0
12/09/2026 14:47,35.2,58,0
12/09/2026 14:47,35.2,58,0
12/09/2026 14:47,35.2,58,0
12/09/2026 14:47,34.8,59,0
12/09/2026 14:47,34.7,59,0
12/09/2026 14:47,34.7,59,0
12/09/2026 14:47,34.7,59,0
12/09/2026 14:47,34.7,59,0
12/09/2026 14:47,34.7,59,0
12/09/2026 14:47,34.7,59,0
12/09/2026 14:47,34.7,59,0
12/09/2026 14:47,34.7,59,0
12/09/2026 14:47,34.7,59,0
12/09/2026 14:47,34.7,59,0
12/09/2026 14:47,34.7,59,0
12/09/2026 14:47,34.7,59,0
12/09/2026 14:47,34.7,59,0
12/09/2026 14:47,34.7,59,0
12/09/2026 14:48,34.7,59,0
12/09/2026 14:48,34.7,59,0
12/09/2026 14:48,34.7,59,0
12/09/2026 14:48,34.7,59,0
12/09/2026 14:48,34.7,59,0
12/09/2026 14:48,34.7,59,0
12/09/2026 14:48,34.7,59,0
12/09/2026 14:48,34.7,59,0
12/09/2026 14:48,34.7,59,0
12/09/2026 14:48,34.7,59,0
12/09/2026 14:48,34.7,58,0
12/09/2026 14:48,34.7,58,0
12/09/2026 14:48,34.7,58,0
12/09/2026 14:48,34.7,58,0
12/09/2026 14:48,34.7,58,0
12/09/2026 14:48,34.7,58,0
12/09/2026 14:48,34.7,58,0
12/09/2026 14:48,34.7,58,0
12/09/2026 14:48,34.7,58,0
12/09/2026 14:48,34.7,58,0
12/09/2026 14:48,34.7,58,0
12/09/2026 14:48,34.7,58,0
12/09/2026 14:48,34.7,58,0
12/09/2026 14:48,34.7,58,0
12/09/2026 14:48,34.7,58,0
12/09/2026 14:48,34.7,58,0
12/09/2026 14:48,34.7,58,0
12/09/2026 14:48,34.7,58,0
12/09/2026 14:48,34.7,58,0
12/09/2026 14:49,34.7,58,0
12/09/2026 14:49,34.7,58,0
12/09/2026 14:49,34.7,57,0
12/09/2026 14:49,34.7,57,0
12/09/2026 14:49,34.7,56,0
12/09/2026 14:49,34.7,56,0
12/09/2026 14:49,34.7,56,0
12/09/2026 14:49,34.7,57,0
12/09/2026 14:49,34.7,57,0
12/09/2026 14:49,34.7,57,0
12/09/2026 14:49,34.7,57,0
12/09/2026 14:49,34.7,57,0
12/09/2026 14:49,34.7,57,0
12/09/2026 14:49,34.7,57,0
12/09/2026 14:49,34.7,57,0
12/09/2026 14:49,34.7,57,0
12/09/2026 14:49,34.7,57,0
12/09/2026 14:49,34.7,57,0
12/09/2026 14:49,34.7,57,0
12/09/2026 14:49,34.7,57,0
12/09/2026 14:49,34.7,57,0
12/09/2026 14:49,34.7,57,0
12/09/2026 14:49,34.7,57,0
12/09/2026 14:49,34.7,57,0
12/09/2026 14:49,34.7,57,0
12/09/2026 14:49,34.7,57,0
12/09/2026 14:49,34.7,57,0
12/09/2026 14:49,34.6,57,0
12/09/2026 14:49,34.6,57,0
12/09/2026 14:49,34.6,57,0
12/09/2026 14:50,34.7,57,0
12/09/2026 14:50,34.7,57,0
12/09/2026 14:50,34.7,57,0
12/09/2026 14:50,34.7,57,0
12/09/2026 14:50,34.7,57,0
12/09/2026 14:50,34.7,57,0
12/09/2026 14:50,34.7,57,0
12/09/2026 14:50,34.7,57,0
12/09/2026 14:50,34.7,57,0
12/09/2026 14:50,34.7,57,0
12/09/2026 14:50,34.7,57,0
12/09/2026 14:50,34.7,57,0
12/09/2026 14:50,34.7,57,0
12/09/2026 14:50,34.7,57,0
12/09/2026 14:50,34.7,57,0
12/09/2026 14:50,34.7,57,0
12/09/2026 14:50,34.7,57,0
12/09/2026 14:50,34.7,57,0
12/09/2026 14:50,34.7,57,0
12/09/2026 14:50,34.7,57,0
12/09/2026 14:50,34.7,57,0
12/09/2026 14:50,34.7,57,0
12/09/2026 14:50,34.7,57,0
12/09/2026 14:50,34.7,57,0
12/09/2026 14:50,34.7,57,0
12/09/2026 14:50,34.7,57,0
12/09/2026 14:50,34.7,57,0
12/09/2026 14:50,34.7,57,0
12/09/2026 14:50,34.7,56,0
12/09/2026 14:50,34.7,56,0
12/09/2026 14:51,34.7,56,0
12/09/2026 14:51,34.7,56,0
12/09/2026 14:51,34.7,56,0
12/09/2026 14:51,34.7,56,0
12/09/2026 14:51,34.7,56,0
12/09/2026 14:51,34.7,56,0
12/09/2026 14:51,34.7,56,0
12/09/2026 14:51,34.7,56,0
12/09/2026 14:51,34.7,56,0
12/09/2026 14:51,34.7,56,0
12/09/2026 14:51,34.7,56,0
12/09/2026 14:51,34.7,56,0
12/09/2026 14:51,34.7,56,0
12/09/2026 14:51,34.8,56,0
12/09/2026 14:51,35.1,55,0
12/09/2026 14:51,35.2,55,0
12/09/2026 14:51,35.2,55,0
12/09/2026 14:51,35.2,55,0
12/09/2026 14:51,35.2,55,0
12/09/2026 14:51,35.2,55,0
12/09/2026 14:51,35.2,55,0
12/09/2026 14:51,35.2,55,0
12/09/2026 14:51,35.2,55,0
12/09/2026 14:51,35.2,55,0
12/09/2026 14:51,35.2,55,0
12/09/2026 14:51,35.2,55,0
12/09/2026 14:51,35.2,55,0
12/09/2026 14:51,35.2,55,0
12/09/2026 14:51,35.2,55,0
12/09/2026 14:52,35.2,55,0
12/09/2026 14:52,35.2,55,0
12/09/2026 14:52,35.2,55,0
12/09/2026 14:52,35.6,55,0
12/09/2026 14:52,35.6,55,0
12/09/2026 14:52,35.6,55,0
12/09/2026 14:52,35.6,55,0
12/09/2026 14:52,35.6,55,0
12/09/2026 14:52,35.6,55,0
12/09/2026 14:52,35.6,55,0
2026-09-13 03:37:17,27.10,17.00,0.00
2026-09-13 03:37:19,27.10,17.00,0.00
2026-09-13 03:37:21,27.10,17.00,0.00
2026-09-13 03:37:23,27.10,17.00,0.00
2026-09-13 03:37:25,27.10,17.00,0.00
2026-09-13 03:37:27,27.10,17.00,0.00
2026-09-13 03:37:29,27.10,17.00,0.00
2026-09-13 03:37:31,27.10,17.00,0.00
2026-09-13 03:37:33,27.10,17.00,0.00
2026-09-13 03:37:35,27.10,17.00,0.00
2026-09-13 03:37:37,27.10,17.00,0.00
2026-09-13 03:37:39,27.10,17.00,0.00
2026-09-13 03:37:41,27.10,17.00,0.00
2026-09-13 03:37:43,27.10,17.00,0.00
2026-09-13 03:37:45,27.10,17.00,0.00
2026-09-13 03:37:47,27.10,17.00,0.00
2026-09-13 03:37:49,27.10,17.00,0.00
2026-09-13 03:37:51,27.10,17.00,0.00
2026-09-13 03:37:53,27.10,17.00,0.00
2026-09-13 03:37:55,27.10,17.00,0.00
2026-09-13 03:37:57,27.10,17.00,0.00
2026-09-13 03:37:59,27.10,17.00,0.00
2026-09-13 03:38:01,27.10,17.00,0.00
2026-09-13 03:38:03,27.10,17.00,0.00
2026-09-13 03:38:05,27.10,17.00,0.00
2026-09-13 03:38:07,27.10,17.00,0.00
2026-09-13 03:38:09,27.10,17.00,0.00
2026-09-13 03:38:12,27.10,17.00,0.00
2026-09-13 03:38:14,27.10,17.00,0.00
2026-09-13 03:38:16,27.10,17.00,0.00
2026-09-13 03:38:18,27.10,17.00,0.00
2026-09-13 03:38:20,27.10,17.00,0.00
2026-09-13 03:38:22,27.10,17.00,0.00
2026-09-13 03:38:24,27.10,17.00,0.00
2026-09-13 03:38:26,27.10,17.00,0.00
2026-09-13 03:38:28,27.10,17.00,0.00
2026-09-13 03:38:30,27.10,17.00,0.00
